ID,predicted_weight
1,0.0
2,0.0
3,0.0
4,0.0
5,0.0
6,0.0
7,0.0
8,0.0
9,0.0
10,0.0
11,0.0
12,0.0
13,0.0
14,0.0
15,0.0
16,0.0
17,0.0
18,0.0
19,0.0
20,0.0
21,0.0
22,0.0
23,0.0
24,0.0
25,0.0
26,0.0
27,0.0
28,0.0
29,0.0
30,0.0
31,0.0
32,0.0
33,0.0
34,0.0
35,0.0
36,0.0
37,0.0
38,0.0
39,0.0
40,0.0
41,0.0
42,0.0
43,0.0
44,0.0
45,0.0
46,0.0
47,0.0
48,0.0
49,0.0
50,0.0
51,0.0
52,0.0
53,0.0
54,0.0
55,0.0
56,0.0
57,0.0
58,0.0
59,0.0
60,0.0
61,0.0
62,0.0
63,0.0
64,0.0
65,0.0
66,0.0
67,0.0
68,0.0
69,0.0
70,0.0
71,0.0
72,0.0
73,0.0
74,0.0
75,0.0
76,0.0
77,0.0
78,0.0
79,0.0
80,0.0
81,0.0
82,0.0
83,0.0
84,0.0
85,0.0
86,0.0
87,0.0
88,0.0
89,0.0
90,0.0
91,0.0
92,0.0
93,0.0
94,0.0
95,0.0
96,0.0
97,0.0
98,0.0
99,0.0
100,0.0
101,0.0
102,0.0
103,0.0
104,0.0
105,0.0
106,0.0
107,0.0
108,0.0
109,0.0
110,0.0
111,0.0
112,0.0
113,0.0
114,0.0
115,0.0
116,0.0
117,0.0
118,0.0
119,0.0
120,0.0
121,0.0
122,0.0
123,0.0
124,0.0
125,0.0
126,0.0
127,0.0
128,0.0
129,0.0
130,0.0
131,0.0
132,0.0
133,0.0
134,0.0
135,0.0
136,0.0
137,0.0
138,0.0
139,0.0
140,0.0
141,0.0
142,0.0
143,0.0
144,0.0
145,0.0
146,0.0
147,0.0
148,0.0
149,0.0
150,0.0
151,0.0
152,0.0
153,0.0
154,0.0
155,0.0
156,0.0
157,0.0
158,0.0
159,0.0
160,0.0
161,0.0
162,0.0
163,0.0
164,0.0
165,0.0
166,0.0
167,0.0
168,0.0
169,0.0
170,0.0
171,0.0
172,0.0
173,0.0
174,0.0
175,0.0
176,0.0
177,0.0
178,0.0
179,0.0
180,0.0
181,0.0
182,0.0
183,0.0
184,0.0
185,0.0
186,0.0
187,0.0
188,0.0
189,0.0
190,0.0
191,0.0
192,0.0
193,0.0
194,0.0
195,0.0
196,0.0
197,0.0
198,0.0
199,0.0
200,0.0
201,0.0
202,0.0
203,0.0
204,0.0
205,0.0
206,0.0
207,0.0
208,0.0
209,0.0
210,0.0
211,0.0
212,0.0
213,0.0
214,0.0
215,0.0
216,0.0
217,0.0
218,0.0
219,0.0
220,0.0
221,0.0
222,0.0
223,0.0
224,0.0
225,0.0
226,0.0
227,0.0
228,0.0
229,0.0
230,0.0
231,0.0
232,0.0
233,0.0
234,0.0
235,0.0
236,0.0
237,0.0
238,0.0
239,0.0
240,0.0
241,0.0
242,0.0
243,0.0
244,0.0
245,0.0
246,0.0
247,0.0
248,0.0
249,0.0
250,0.0
251,0.0
252,0.0
253,0.0
254,0.0
255,0.0
256,0.0
257,0.0
258,0.0
259,0.0
260,0.0
261,0.0
262,0.0
263,0.0
264,0.0
265,0.0
266,0.0
267,0.0
268,0.0
269,0.0
270,0.0
271,0.0
272,0.0
273,0.0
274,0.0
275,0.0
276,0.0
277,0.0
278,0.0
279,0.0
280,0.0
281,0.0
282,0.0
283,0.0
284,0.0
285,0.0
286,0.0
287,0.0
288,0.0
289,0.0
290,0.0
291,0.0
292,0.0
293,0.0
294,0.0
295,0.0
296,0.0
297,0.0
298,0.0
299,0.0
300,0.0
301,0.0
302,0.0
303,0.0
304,0.0
305,0.0
306,0.0
307,0.0
308,0.0
309,0.0
310,0.0
311,0.0
312,0.0
313,0.0
314,0.0
315,0.0
316,0.0
317,0.0
318,0.0
319,0.0
320,0.0
321,0.0
322,0.0
323,0.0
324,0.0
325,0.0
326,0.0
327,0.0
328,0.0
329,0.0
330,0.0
331,0.0
332,0.0
333,0.0
334,0.0
335,0.0
336,0.0
337,0.0
338,0.0
339,0.0
340,0.0
341,0.0
342,0.0
343,0.0
344,0.0
345,0.0
346,0.0
347,0.0
348,0.0
349,0.0
350,0.0
351,0.0
352,0.0
353,0.0
354,0.0
355,0.0
356,0.0
357,0.0
358,0.0
359,0.0
360,0.0
361,0.0
362,0.0
363,0.0
364,0.0
365,0.0
366,0.0
367,0.0
368,0.0
369,0.0
370,0.0
371,0.0
372,0.0
373,0.0
374,0.0
375,0.0
376,0.0
377,0.0
378,0.0
379,0.0
380,0.0
381,0.0
382,0.0
383,0.0
384,0.0
385,0.0
386,0.0
387,0.0
388,0.0
389,0.0
390,0.0
391,0.0
392,0.0
393,0.0
394,0.0
395,0.0
396,0.0
397,0.0
398,0.0
399,0.0
400,0.0
401,0.0
402,0.0
403,0.0
404,0.0
405,0.0
406,0.0
407,0.0
408,0.0
409,0.0
410,0.0
411,0.0
412,0.0
413,0.0
414,0.0
415,0.0
416,0.0
417,0.0
418,0.0
419,0.0
420,0.0
421,0.0
422,0.0
423,0.0
424,0.0
425,0.0
426,0.0
427,0.0
428,0.0
429,0.0
430,0.0
431,0.0
432,0.0
433,0.0
434,0.0
435,0.0
436,0.0
437,0.0
438,0.0
439,0.0
440,0.0
441,0.0
442,0.0
443,0.0
444,0.0
445,0.0
446,0.0
447,0.0
448,0.0
449,0.0
450,0.0
451,0.0
452,0.0
453,0.0
454,0.0
455,0.0
456,0.0
457,0.0
458,0.0
459,0.0
460,0.0
461,0.0
462,0.0
463,0.0
464,0.0
465,0.0
466,0.0
467,0.0
468,0.0
469,0.0
470,0.0
471,0.0
472,0.0
473,0.0
474,0.0
475,0.0
476,0.0
477,0.0
478,0.0
479,0.0
480,0.0
481,0.0
482,0.0
483,0.0
484,0.0
485,0.0
486,0.0
487,0.0
488,0.0
489,0.0
490,0.0
491,0.0
492,0.0
493,0.0
494,0.0
495,0.0
496,0.0
497,0.0
498,0.0
499,0.0
500,0.0
501,0.0
502,0.0
503,0.0
504,0.0
505,0.0
506,0.0
507,0.0
508,0.0
509,0.0
510,0.0
511,0.0
512,0.0
513,0.0
514,0.0
515,0.0
516,0.0
517,0.0
518,0.0
519,0.0
520,0.0
521,0.0
522,0.0
523,0.0
524,0.0
525,0.0
526,0.0
527,0.0
528,0.0
529,0.0
530,0.0
531,0.0
532,0.0
533,0.0
534,0.0
535,0.0
536,0.0
537,0.0
538,0.0
539,0.0
540,0.0
541,0.0
542,0.0
543,0.0
544,0.0
545,0.0
546,0.0
547,0.0
548,0.0
549,0.0
550,0.0
551,0.0
552,0.0
553,0.0
554,0.0
555,0.0
556,0.0
557,0.0
558,0.0
559,0.0
560,0.0
561,0.0
562,0.0
563,0.0
564,0.0
565,0.0
566,0.0
567,0.0
568,0.0
569,0.0
570,0.0
571,0.0
572,0.0
573,0.0
574,0.0
575,0.0
576,0.0
577,0.0
578,0.0
579,0.0
580,0.0
581,0.0
582,0.0
583,0.0
584,0.0
585,0.0
586,0.0
587,0.0
588,0.0
589,0.0
590,0.0
591,0.0
592,0.0
593,0.0
594,0.0
595,0.0
596,0.0
597,0.0
598,0.0
599,0.0
600,0.0
601,0.0
602,0.0
603,0.0
604,0.0
605,0.0
606,0.0
607,0.0
608,0.0
609,0.0
610,0.0
611,0.0
612,0.0
613,0.0
614,0.0
615,0.0
616,0.0
617,0.0
618,0.0
619,0.0
620,0.0
621,0.0
622,0.0
623,0.0
624,0.0
625,0.0
626,0.0
627,0.0
628,0.0
629,0.0
630,0.0
631,0.0
632,0.0
633,0.0
634,0.0
635,0.0
636,0.0
637,0.0
638,0.0
639,0.0
640,0.0
641,0.0
642,0.0
643,0.0
644,0.0
645,0.0
646,0.0
647,0.0
648,0.0
649,0.0
650,0.0
651,0.0
652,0.0
653,0.0
654,0.0
655,0.0
656,0.0
657,0.0
658,0.0
659,0.0
660,0.0
661,0.0
662,0.0
663,0.0
664,0.0
665,0.0
666,0.0
667,0.0
668,0.0
669,0.0
670,0.0
671,0.0
672,0.0
673,0.0
674,0.0
675,0.0
676,0.0
677,0.0
678,0.0
679,0.0
680,0.0
681,0.0
682,0.0
683,0.0
684,0.0
685,0.0
686,0.0
687,0.0
688,0.0
689,0.0
690,0.0
691,0.0
692,0.0
693,0.0
694,0.0
695,0.0
696,0.0
697,0.0
698,0.0
699,0.0
700,0.0
701,0.0
702,0.0
703,0.0
704,0.0
705,0.0
706,0.0
707,0.0
708,0.0
709,0.0
710,0.0
711,0.0
712,0.0
713,0.0
714,0.0
715,0.0
716,0.0
717,0.0
718,0.0
719,0.0
720,0.0
721,0.0
722,0.0
723,0.0
724,0.0
725,0.0
726,0.0
727,0.0
728,0.0
729,0.0
730,0.0
731,0.0
732,0.0
733,0.0
734,0.0
735,0.0
736,0.0
737,0.0
738,0.0
739,0.0
740,0.0
741,0.0
742,0.0
743,0.0
744,0.0
745,0.0
746,0.0
747,0.0
748,0.0
749,0.0
750,0.0
751,0.0
752,0.0
753,0.0
754,0.0
755,0.0
756,0.0
757,0.0
758,0.0
759,0.0
760,0.0
761,0.0
762,0.0
763,0.0
764,0.0
765,0.0
766,0.0
767,0.0
768,0.0
769,0.0
770,0.0
771,0.0
772,0.0
773,0.0
774,0.0
775,0.0
776,0.0
777,0.0
778,0.0
779,0.0
780,0.0
781,0.0
782,0.0
783,0.0
784,0.0
785,0.0
786,0.0
787,0.0
788,0.0
789,0.0
790,0.0
791,0.0
792,0.0
793,0.0
794,0.0
795,0.0
796,0.0
797,0.0
798,0.0
799,0.0
800,0.0
801,0.0
802,0.0
803,0.0
804,0.0
805,0.0
806,0.0
807,0.0
808,0.0
809,0.0
810,0.0
811,0.0
812,0.0
813,0.0
814,0.0
815,0.0
816,0.0
817,0.0
818,0.0
819,0.0
820,0.0
821,0.0
822,0.0
823,0.0
824,0.0
825,0.0
826,0.0
827,0.0
828,0.0
829,0.0
830,0.0
831,0.0
832,0.0
833,0.0
834,0.0
835,0.0
836,0.0
837,0.0
838,0.0
839,0.0
840,0.0
841,0.0
842,0.0
843,0.0
844,0.0
845,0.0
846,0.0
847,0.0
848,0.0
849,0.0
850,0.0
851,0.0
852,0.0
853,0.0
854,0.0
855,0.0
856,0.0
857,0.0
858,0.0
859,0.0
860,0.0
861,0.0
862,0.0
863,0.0
864,0.0
865,0.0
866,0.0
867,0.0
868,0.0
869,0.0
870,0.0
871,0.0
872,0.0
873,0.0
874,0.0
875,0.0
876,0.0
877,0.0
878,0.0
879,0.0
880,0.0
881,0.0
882,0.0
883,0.0
884,0.0
885,0.0
886,0.0
887,0.0
888,0.0
889,0.0
890,0.0
891,0.0
892,0.0
893,0.0
894,0.0
895,0.0
896,0.0
897,0.0
898,0.0
899,0.0
900,0.0
901,0.0
902,0.0
903,0.0
904,0.0
905,0.0
906,0.0
907,0.0
908,0.0
909,0.0
910,0.0
911,0.0
912,0.0
913,0.0
914,0.0
915,0.0
916,0.0
917,0.0
918,0.0
919,0.0
920,0.0
921,0.0
922,0.0
923,0.0
924,0.0
925,0.0
926,0.0
927,0.0
928,0.0
929,0.0
930,0.0
931,0.0
932,0.0
933,0.0
934,0.0
935,0.0
936,0.0
937,0.0
938,0.0
939,0.0
940,0.0
941,0.0
942,0.0
943,0.0
944,0.0
945,0.0
946,0.0
947,0.0
948,0.0
949,0.0
950,0.0
951,0.0
952,0.0
953,0.0
954,0.0
955,0.0
956,0.0
957,0.0
958,0.0
959,0.0
960,0.0
961,0.0
962,0.0
963,0.0
964,0.0
965,0.0
966,0.0
967,0.0
968,0.0
969,0.0
970,0.0
971,0.0
972,0.0
973,0.0
974,0.0
975,0.0
976,0.0
977,0.0
978,0.0
979,0.0
980,0.0
981,0.0
982,0.0
983,0.0
984,0.0
985,0.0
986,0.0
987,0.0
988,0.0
989,0.0
990,0.0
991,0.0
992,0.0
993,0.0
994,0.0
995,0.0
996,0.0
997,0.0
998,0.0
999,0.0
1000,0.0
1001,0.0
1002,0.0
1003,0.0
1004,0.0
1005,0.0
1006,0.0
1007,0.0
1008,0.0
1009,0.0
1010,0.0
1011,0.0
1012,0.0
1013,0.0
1014,0.0
1015,0.0
1016,0.0
1017,0.0
1018,0.0
1019,0.0
1020,0.0
1021,0.0
1022,0.0
1023,0.0
1024,0.0
1025,0.0
1026,0.0
1027,0.0
1028,0.0
1029,0.0
1030,0.0
1031,0.0
1032,0.0
1033,0.0
1034,0.0
1035,0.0
1036,0.0
1037,0.0
1038,0.0
1039,0.0
1040,0.0
1041,0.0
1042,0.0
1043,0.0
1044,0.0
1045,0.0
1046,0.0
1047,0.0
1048,0.0
1049,0.0
1050,0.0
1051,0.0
1052,0.0
1053,0.0
1054,0.0
1055,0.0
1056,0.0
1057,0.0
1058,0.0
1059,0.0
1060,0.0
1061,0.0
1062,0.0
1063,0.0
1064,0.0
1065,0.0
1066,0.0
1067,0.0
1068,0.0
1069,0.0
1070,0.0
1071,0.0
1072,0.0
1073,0.0
1074,0.0
1075,0.0
1076,0.0
1077,0.0
1078,0.0
1079,0.0
1080,0.0
1081,0.0
1082,0.0
1083,0.0
1084,0.0
1085,0.0
1086,0.0
1087,0.0
1088,0.0
1089,0.0
1090,0.0
1091,0.0
1092,0.0
1093,0.0
1094,0.0
1095,0.0
1096,0.0
1097,0.0
1098,0.0
1099,0.0
1100,0.0
1101,0.0
1102,0.0
1103,0.0
1104,0.0
1105,0.0
1106,0.0
1107,0.0
1108,0.0
1109,0.0
1110,0.0
1111,0.0
1112,0.0
1113,0.0
1114,0.0
1115,0.0
1116,0.0
1117,0.0
1118,0.0
1119,0.0
1120,0.0
1121,0.0
1122,0.0
1123,0.0
1124,0.0
1125,0.0
1126,0.0
1127,0.0
1128,0.0
1129,0.0
1130,0.0
1131,0.0
1132,0.0
1133,0.0
1134,0.0
1135,0.0
1136,0.0
1137,0.0
1138,0.0
1139,0.0
1140,0.0
1141,0.0
1142,0.0
1143,0.0
1144,0.0
1145,0.0
1146,0.0
1147,0.0
1148,0.0
1149,0.0
1150,0.0
1151,0.0
1152,0.0
1153,0.0
1154,0.0
1155,0.0
1156,0.0
1157,0.0
1158,0.0
1159,0.0
1160,0.0
1161,0.0
1162,0.0
1163,0.0
1164,0.0
1165,0.0
1166,0.0
1167,0.0
1168,0.0
1169,0.0
1170,0.0
1171,0.0
1172,0.0
1173,0.0
1174,0.0
1175,0.0
1176,0.0
1177,0.0
1178,0.0
1179,0.0
1180,0.0
1181,0.0
1182,0.0
1183,0.0
1184,0.0
1185,0.0
1186,0.0
1187,0.0
1188,0.0
1189,0.0
1190,0.0
1191,0.0
1192,0.0
1193,0.0
1194,0.0
1195,0.0
1196,0.0
1197,0.0
1198,0.0
1199,0.0
1200,0.0
1201,0.0
1202,0.0
1203,0.0
1204,0.0
1205,0.0
1206,0.0
1207,0.0
1208,0.0
1209,0.0
1210,0.0
1211,0.0
1212,0.0
1213,0.0
1214,0.0
1215,0.0
1216,0.0
1217,0.0
1218,0.0
1219,0.0
1220,0.0
1221,0.0
1222,0.0
1223,0.0
1224,0.0
1225,0.0
1226,0.0
1227,0.0
1228,0.0
1229,0.0
1230,0.0
1231,0.0
1232,0.0
1233,0.0
1234,0.0
1235,0.0
1236,0.0
1237,0.0
1238,0.0
1239,0.0
1240,0.0
1241,0.0
1242,0.0
1243,0.0
1244,0.0
1245,0.0
1246,0.0
1247,0.0
1248,0.0
1249,0.0
1250,0.0
1251,0.0
1252,0.0
1253,0.0
1254,0.0
1255,0.0
1256,0.0
1257,0.0
1258,0.0
1259,0.0
1260,0.0
1261,0.0
1262,0.0
1263,0.0
1264,0.0
1265,0.0
1266,0.0
1267,0.0
1268,0.0
1269,0.0
1270,0.0
1271,0.0
1272,0.0
1273,0.0
1274,0.0
1275,0.0
1276,0.0
1277,0.0
1278,0.0
1279,0.0
1280,0.0
1281,0.0
1282,0.0
1283,0.0
1284,0.0
1285,0.0
1286,0.0
1287,0.0
1288,0.0
1289,0.0
1290,0.0
1291,0.0
1292,0.0
1293,0.0
1294,0.0
1295,0.0
1296,0.0
1297,0.0
1298,0.0
1299,0.0
1300,0.0
1301,0.0
1302,0.0
1303,0.0
1304,0.0
1305,0.0
1306,0.0
1307,0.0
1308,0.0
1309,0.0
1310,0.0
1311,0.0
1312,0.0
1313,0.0
1314,0.0
1315,0.0
1316,0.0
1317,0.0
1318,0.0
1319,0.0
1320,0.0
1321,0.0
1322,0.0
1323,0.0
1324,0.0
1325,0.0
1326,0.0
1327,0.0
1328,0.0
1329,0.0
1330,0.0
1331,0.0
1332,0.0
1333,0.0
1334,0.0
1335,0.0
1336,0.0
1337,0.0
1338,0.0
1339,0.0
1340,0.0
1341,0.0
1342,0.0
1343,0.0
1344,0.0
1345,0.0
1346,0.0
1347,0.0
1348,0.0
1349,0.0
1350,0.0
1351,0.0
1352,0.0
1353,0.0
1354,0.0
1355,0.0
1356,0.0
1357,0.0
1358,0.0
1359,0.0
1360,0.0
1361,0.0
1362,0.0
1363,0.0
1364,0.0
1365,0.0
1366,0.0
1367,0.0
1368,0.0
1369,0.0
1370,0.0
1371,0.0
1372,0.0
1373,0.0
1374,0.0
1375,0.0
1376,0.0
1377,0.0
1378,0.0
1379,0.0
1380,0.0
1381,0.0
1382,0.0
1383,0.0
1384,0.0
1385,0.0
1386,0.0
1387,0.0
1388,0.0
1389,0.0
1390,0.0
1391,0.0
1392,0.0
1393,0.0
1394,0.0
1395,0.0
1396,0.0
1397,0.0
1398,0.0
1399,0.0
1400,0.0
1401,0.0
1402,0.0
1403,0.0
1404,0.0
1405,0.0
1406,0.0
1407,0.0
1408,0.0
1409,0.0
1410,0.0
1411,0.0
1412,0.0
1413,0.0
1414,0.0
1415,0.0
1416,0.0
1417,0.0
1418,0.0
1419,0.0
1420,0.0
1421,0.0
1422,0.0
1423,0.0
1424,0.0
1425,0.0
1426,0.0
1427,0.0
1428,0.0
1429,0.0
1430,0.0
1431,0.0
1432,0.0
1433,0.0
1434,0.0
1435,0.0
1436,0.0
1437,0.0
1438,0.0
1439,0.0
1440,0.0
1441,0.0
1442,0.0
1443,0.0
1444,0.0
1445,0.0
1446,0.0
1447,0.0
1448,0.0
1449,0.0
1450,0.0
1451,0.0
1452,0.0
1453,0.0
1454,0.0
1455,0.0
1456,0.0
1457,0.0
1458,0.0
1459,0.0
1460,0.0
1461,0.0
1462,0.0
1463,0.0
1464,0.0
1465,0.0
1466,0.0
1467,0.0
1468,0.0
1469,0.0
1470,0.0
1471,0.0
1472,0.0
1473,0.0
1474,0.0
1475,0.0
1476,0.0
1477,0.0
1478,0.0
1479,0.0
1480,0.0
1481,0.0
1482,0.0
1483,0.0
1484,0.0
1485,0.0
1486,0.0
1487,0.0
1488,0.0
1489,0.0
1490,0.0
1491,0.0
1492,0.0
1493,0.0
1494,0.0
1495,0.0
1496,0.0
1497,0.0
1498,0.0
1499,0.0
1500,0.0
1501,0.0
1502,0.0
1503,0.0
1504,0.0
1505,0.0
1506,0.0
1507,0.0
1508,0.0
1509,0.0
1510,0.0
1511,0.0
1512,0.0
1513,0.0
1514,0.0
1515,0.0
1516,0.0
1517,0.0
1518,0.0
1519,0.0
1520,0.0
1521,0.0
1522,0.0
1523,0.0
1524,0.0
1525,0.0
1526,0.0
1527,0.0
1528,0.0
1529,0.0
1530,0.0
1531,0.0
1532,0.0
1533,0.0
1534,0.0
1535,0.0
1536,0.0
1537,0.0
1538,0.0
1539,0.0
1540,0.0
1541,0.0
1542,0.0
1543,0.0
1544,0.0
1545,0.0
1546,0.0
1547,0.0
1548,0.0
1549,0.0
1550,0.0
1551,0.0
1552,0.0
1553,0.0
1554,0.0
1555,0.0
1556,0.0
1557,0.0
1558,0.0
1559,0.0
1560,0.0
1561,0.0
1562,0.0
1563,0.0
1564,0.0
1565,0.0
1566,0.0
1567,0.0
1568,0.0
1569,0.0
1570,0.0
1571,0.0
1572,0.0
1573,0.0
1574,0.0
1575,0.0
1576,0.0
1577,0.0
1578,0.0
1579,0.0
1580,0.0
1581,0.0
1582,0.0
1583,0.0
1584,0.0
1585,0.0
1586,0.0
1587,0.0
1588,0.0
1589,0.0
1590,0.0
1591,0.0
1592,0.0
1593,0.0
1594,0.0
1595,0.0
1596,0.0
1597,0.0
1598,0.0
1599,0.0
1600,0.0
1601,0.0
1602,0.0
1603,0.0
1604,0.0
1605,0.0
1606,0.0
1607,0.0
1608,0.0
1609,0.0
1610,0.0
1611,0.0
1612,0.0
1613,0.0
1614,0.0
1615,0.0
1616,0.0
1617,0.0
1618,0.0
1619,0.0
1620,0.0
1621,0.0
1622,0.0
1623,0.0
1624,0.0
1625,0.0
1626,0.0
1627,0.0
1628,0.0
1629,0.0
1630,0.0
1631,0.0
1632,0.0
1633,0.0
1634,0.0
1635,0.0
1636,0.0
1637,0.0
1638,0.0
1639,0.0
1640,0.0
1641,0.0
1642,0.0
1643,0.0
1644,0.0
1645,0.0
1646,0.0
1647,0.0
1648,0.0
1649,0.0
1650,0.0
1651,0.0
1652,0.0
1653,0.0
1654,0.0
1655,0.0
1656,0.0
1657,0.0
1658,0.0
1659,0.0
1660,0.0
1661,0.0
1662,0.0
1663,0.0
1664,0.0
1665,0.0
1666,0.0
1667,0.0
1668,0.0
1669,0.0
1670,0.0
1671,0.0
1672,0.0
1673,0.0
1674,0.0
1675,0.0
1676,0.0
1677,0.0
1678,0.0
1679,0.0
1680,0.0
1681,0.0
1682,0.0
1683,0.0
1684,0.0
1685,0.0
1686,0.0
1687,0.0
1688,0.0
1689,0.0
1690,0.0
1691,0.0
1692,0.0
1693,0.0
1694,0.0
1695,0.0
1696,0.0
1697,0.0
1698,0.0
1699,0.0
1700,0.0
1701,0.0
1702,0.0
1703,0.0
1704,0.0
1705,0.0
1706,0.0
1707,0.0
1708,0.0
1709,0.0
1710,0.0
1711,0.0
1712,0.0
1713,0.0
1714,0.0
1715,0.0
1716,0.0
1717,0.0
1718,0.0
1719,0.0
1720,0.0
1721,0.0
1722,0.0
1723,0.0
1724,0.0
1725,0.0
1726,0.0
1727,0.0
1728,0.0
1729,0.0
1730,0.0
1731,0.0
1732,0.0
1733,0.0
1734,0.0
1735,0.0
1736,0.0
1737,0.0
1738,0.0
1739,0.0
1740,0.0
1741,0.0
1742,0.0
1743,0.0
1744,0.0
1745,0.0
1746,0.0
1747,0.0
1748,0.0
1749,0.0
1750,0.0
1751,0.0
1752,0.0
1753,0.0
1754,0.0
1755,0.0
1756,0.0
1757,0.0
1758,0.0
1759,0.0
1760,0.0
1761,0.0
1762,0.0
1763,0.0
1764,0.0
1765,0.0
1766,0.0
1767,0.0
1768,0.0
1769,0.0
1770,0.0
1771,0.0
1772,0.0
1773,0.0
1774,0.0
1775,0.0
1776,0.0
1777,0.0
1778,0.0
1779,0.0
1780,0.0
1781,0.0
1782,0.0
1783,0.0
1784,0.0
1785,0.0
1786,0.0
1787,0.0
1788,0.0
1789,0.0
1790,0.0
1791,0.0
1792,0.0
1793,0.0
1794,0.0
1795,0.0
1796,0.0
1797,0.0
1798,0.0
1799,0.0
1800,0.0
1801,0.0
1802,0.0
1803,0.0
1804,0.0
1805,0.0
1806,0.0
1807,0.0
1808,0.0
1809,0.0
1810,0.0
1811,0.0
1812,0.0
1813,0.0
1814,0.0
1815,0.0
1816,0.0
1817,0.0
1818,0.0
1819,0.0
1820,0.0
1821,0.0
1822,0.0
1823,0.0
1824,0.0
1825,0.0
1826,0.0
1827,0.0
1828,0.0
1829,0.0
1830,0.0
1831,0.0
1832,0.0
1833,0.0
1834,0.0
1835,0.0
1836,0.0
1837,0.0
1838,0.0
1839,0.0
1840,0.0
1841,0.0
1842,0.0
1843,0.0
1844,0.0
1845,0.0
1846,0.0
1847,0.0
1848,0.0
1849,0.0
1850,0.0
1851,0.0
1852,0.0
1853,0.0
1854,0.0
1855,0.0
1856,0.0
1857,0.0
1858,0.0
1859,0.0
1860,0.0
1861,0.0
1862,0.0
1863,0.0
1864,0.0
1865,0.0
1866,0.0
1867,0.0
1868,0.0
1869,0.0
1870,0.0
1871,0.0
1872,0.0
1873,0.0
1874,0.0
1875,0.0
1876,0.0
1877,0.0
1878,0.0
1879,0.0
1880,0.0
1881,0.0
1882,0.0
1883,0.0
1884,0.0
1885,0.0
1886,0.0
1887,0.0
1888,0.0
1889,0.0
1890,0.0
1891,0.0
1892,0.0
1893,0.0
1894,0.0
1895,0.0
1896,0.0
1897,0.0
1898,0.0
1899,0.0
1900,0.0
1901,0.0
1902,0.0
1903,0.0
1904,0.0
1905,0.0
1906,0.0
1907,0.0
1908,0.0
1909,0.0
1910,0.0
1911,0.0
1912,0.0
1913,0.0
1914,0.0
1915,0.0
1916,0.0
1917,0.0
1918,0.0
1919,0.0
1920,0.0
1921,0.0
1922,0.0
1923,0.0
1924,0.0
1925,0.0
1926,0.0
1927,0.0
1928,0.0
1929,0.0
1930,0.0
1931,0.0
1932,0.0
1933,0.0
1934,0.0
1935,0.0
1936,0.0
1937,0.0
1938,0.0
1939,0.0
1940,0.0
1941,0.0
1942,0.0
1943,0.0
1944,0.0
1945,0.0
1946,0.0
1947,0.0
1948,0.0
1949,0.0
1950,0.0
1951,0.0
1952,0.0
1953,0.0
1954,0.0
1955,0.0
1956,0.0
1957,0.0
1958,0.0
1959,0.0
1960,0.0
1961,0.0
1962,0.0
1963,0.0
1964,0.0
1965,0.0
1966,0.0
1967,0.0
1968,0.0
1969,0.0
1970,0.0
1971,0.0
1972,0.0
1973,0.0
1974,0.0
1975,0.0
1976,0.0
1977,0.0
1978,0.0
1979,0.0
1980,0.0
1981,0.0
1982,0.0
1983,0.0
1984,0.0
1985,0.0
1986,0.0
1987,0.0
1988,0.0
1989,0.0
1990,0.0
1991,0.0
1992,0.0
1993,0.0
1994,0.0
1995,0.0
1996,0.0
1997,0.0
1998,0.0
1999,0.0
2000,0.0
2001,0.0
2002,0.0
2003,0.0
2004,0.0
2005,0.0
2006,0.0
2007,0.0
2008,0.0
2009,0.0
2010,0.0
2011,0.0
2012,0.0
2013,0.0
2014,0.0
2015,0.0
2016,0.0
2017,0.0
2018,0.0
2019,0.0
2020,0.0
2021,0.0
2022,0.0
2023,0.0
2024,0.0
2025,0.0
2026,0.0
2027,0.0
2028,0.0
2029,0.0
2030,0.0
2031,0.0
2032,0.0
2033,0.0
2034,0.0
2035,0.0
2036,0.0
2037,0.0
2038,0.0
2039,0.0
2040,0.0
2041,0.0
2042,0.0
2043,0.0
2044,0.0
2045,0.0
2046,0.0
2047,0.0
2048,0.0
2049,0.0
2050,0.0
2051,0.0
2052,0.0
2053,0.0
2054,0.0
2055,0.0
2056,0.0
2057,0.0
2058,0.0
2059,0.0
2060,0.0
2061,0.0
2062,0.0
2063,0.0
2064,0.0
2065,0.0
2066,0.0
2067,0.0
2068,0.0
2069,0.0
2070,0.0
2071,0.0
2072,0.0
2073,0.0
2074,0.0
2075,0.0
2076,0.0
2077,0.0
2078,0.0
2079,0.0
2080,0.0
2081,0.0
2082,0.0
2083,0.0
2084,0.0
2085,0.0
2086,0.0
2087,0.0
2088,0.0
2089,0.0
2090,0.0
2091,0.0
2092,0.0
2093,0.0
2094,0.0
2095,0.0
2096,0.0
2097,0.0
2098,0.0
2099,0.0
2100,0.0
2101,0.0
2102,0.0
2103,0.0
2104,0.0
2105,0.0
2106,0.0
2107,0.0
2108,0.0
2109,0.0
2110,0.0
2111,0.0
2112,0.0
2113,0.0
2114,0.0
2115,0.0
2116,0.0
2117,0.0
2118,0.0
2119,0.0
2120,0.0
2121,0.0
2122,0.0
2123,0.0
2124,0.0
2125,0.0
2126,0.0
2127,0.0
2128,0.0
2129,0.0
2130,0.0
2131,0.0
2132,0.0
2133,0.0
2134,0.0
2135,0.0
2136,0.0
2137,0.0
2138,0.0
2139,0.0
2140,0.0
2141,0.0
2142,0.0
2143,0.0
2144,0.0
2145,0.0
2146,0.0
2147,0.0
2148,0.0
2149,0.0
2150,0.0
2151,0.0
2152,0.0
2153,0.0
2154,0.0
2155,0.0
2156,0.0
2157,0.0
2158,0.0
2159,0.0
2160,0.0
2161,0.0
2162,0.0
2163,0.0
2164,0.0
2165,0.0
2166,0.0
2167,0.0
2168,0.0
2169,0.0
2170,0.0
2171,0.0
2172,0.0
2173,0.0
2174,0.0
2175,0.0
2176,0.0
2177,0.0
2178,0.0
2179,0.0
2180,0.0
2181,0.0
2182,0.0
2183,0.0
2184,0.0
2185,0.0
2186,0.0
2187,0.0
2188,0.0
2189,0.0
2190,0.0
2191,0.0
2192,0.0
2193,0.0
2194,0.0
2195,0.0
2196,0.0
2197,0.0
2198,0.0
2199,0.0
2200,0.0
2201,0.0
2202,0.0
2203,0.0
2204,0.0
2205,0.0
2206,0.0
2207,0.0
2208,0.0
2209,0.0
2210,0.0
2211,0.0
2212,0.0
2213,0.0
2214,0.0
2215,0.0
2216,0.0
2217,0.0
2218,0.0
2219,0.0
2220,0.0
2221,0.0
2222,0.0
2223,0.0
2224,0.0
2225,0.0
2226,0.0
2227,0.0
2228,0.0
2229,0.0
2230,0.0
2231,0.0
2232,0.0
2233,0.0
2234,0.0
2235,0.0
2236,0.0
2237,0.0
2238,0.0
2239,0.0
2240,0.0
2241,0.0
2242,0.0
2243,0.0
2244,0.0
2245,0.0
2246,0.0
2247,0.0
2248,0.0
2249,0.0
2250,0.0
2251,0.0
2252,0.0
2253,0.0
2254,0.0
2255,0.0
2256,0.0
2257,0.0
2258,0.0
2259,0.0
2260,0.0
2261,0.0
2262,0.0
2263,0.0
2264,0.0
2265,0.0
2266,0.0
2267,0.0
2268,0.0
2269,0.0
2270,0.0
2271,0.0
2272,0.0
2273,0.0
2274,0.0
2275,0.0
2276,0.0
2277,0.0
2278,0.0
2279,0.0
2280,0.0
2281,0.0
2282,0.0
2283,0.0
2284,0.0
2285,0.0
2286,0.0
2287,0.0
2288,0.0
2289,0.0
2290,0.0
2291,0.0
2292,0.0
2293,0.0
2294,0.0
2295,0.0
2296,0.0
2297,0.0
2298,0.0
2299,0.0
2300,0.0
2301,0.0
2302,0.0
2303,0.0
2304,0.0
2305,0.0
2306,0.0
2307,0.0
2308,0.0
2309,0.0
2310,0.0
2311,0.0
2312,0.0
2313,0.0
2314,0.0
2315,0.0
2316,0.0
2317,0.0
2318,0.0
2319,0.0
2320,0.0
2321,0.0
2322,0.0
2323,0.0
2324,0.0
2325,0.0
2326,0.0
2327,0.0
2328,0.0
2329,0.0
2330,0.0
2331,0.0
2332,0.0
2333,0.0
2334,0.0
2335,0.0
2336,0.0
2337,0.0
2338,0.0
2339,0.0
2340,0.0
2341,0.0
2342,0.0
2343,0.0
2344,0.0
2345,0.0
2346,0.0
2347,0.0
2348,0.0
2349,0.0
2350,0.0
2351,0.0
2352,0.0
2353,0.0
2354,0.0
2355,0.0
2356,0.0
2357,0.0
2358,0.0
2359,0.0
2360,0.0
2361,0.0
2362,0.0
2363,0.0
2364,0.0
2365,0.0
2366,0.0
2367,0.0
2368,0.0
2369,0.0
2370,0.0
2371,0.0
2372,0.0
2373,0.0
2374,0.0
2375,0.0
2376,0.0
2377,0.0
2378,0.0
2379,0.0
2380,0.0
2381,0.0
2382,0.0
2383,0.0
2384,0.0
2385,0.0
2386,0.0
2387,0.0
2388,0.0
2389,0.0
2390,0.0
2391,0.0
2392,0.0
2393,0.0
2394,0.0
2395,0.0
2396,0.0
2397,0.0
2398,0.0
2399,0.0
2400,0.0
2401,0.0
2402,0.0
2403,0.0
2404,0.0
2405,0.0
2406,0.0
2407,0.0
2408,0.0
2409,0.0
2410,0.0
2411,0.0
2412,0.0
2413,0.0
2414,0.0
2415,0.0
2416,0.0
2417,0.0
2418,0.0
2419,0.0
2420,0.0
2421,0.0
2422,0.0
2423,0.0
2424,0.0
2425,0.0
2426,0.0
2427,0.0
2428,0.0
2429,0.0
2430,0.0
2431,0.0
2432,0.0
2433,0.0
2434,0.0
2435,0.0
2436,0.0
2437,0.0
2438,0.0
2439,0.0
2440,0.0
2441,0.0
2442,0.0
2443,0.0
2444,0.0
2445,0.0
2446,0.0
2447,0.0
2448,0.0
2449,0.0
2450,0.0
2451,0.0
2452,0.0
2453,0.0
2454,0.0
2455,0.0
2456,0.0
2457,0.0
2458,0.0
2459,0.0
2460,0.0
2461,0.0
2462,0.0
2463,0.0
2464,0.0
2465,0.0
2466,0.0
2467,0.0
2468,0.0
2469,0.0
2470,0.0
2471,0.0
2472,0.0
2473,0.0
2474,0.0
2475,0.0
2476,0.0
2477,0.0
2478,0.0
2479,0.0
2480,0.0
2481,0.0
2482,0.0
2483,0.0
2484,0.0
2485,0.0
2486,0.0
2487,0.0
2488,0.0
2489,0.0
2490,0.0
2491,0.0
2492,0.0
2493,0.0
2494,0.0
2495,0.0
2496,0.0
2497,0.0
2498,0.0
2499,0.0
2500,0.0
2501,0.0
2502,0.0
2503,0.0
2504,0.0
2505,0.0
2506,0.0
2507,0.0
2508,0.0
2509,0.0
2510,0.0
2511,0.0
2512,0.0
2513,0.0
2514,0.0
2515,0.0
2516,0.0
2517,0.0
2518,0.0
2519,0.0
2520,0.0
2521,0.0
2522,0.0
2523,0.0
2524,0.0
2525,0.0
2526,0.0
2527,0.0
2528,0.0
2529,0.0
2530,0.0
2531,0.0
2532,0.0
2533,0.0
2534,0.0
2535,0.0
2536,0.0
2537,0.0
2538,0.0
2539,0.0
2540,0.0
2541,0.0
2542,0.0
2543,0.0
2544,0.0
2545,0.0
2546,0.0
2547,0.0
2548,0.0
2549,0.0
2550,0.0
2551,0.0
2552,0.0
2553,0.0
2554,0.0
2555,0.0
2556,0.0
2557,0.0
2558,0.0
2559,0.0
2560,0.0
2561,0.0
2562,0.0
2563,0.0
2564,0.0
2565,0.0
2566,0.0
2567,0.0
2568,0.0
2569,0.0
2570,0.0
2571,0.0
2572,0.0
2573,0.0
2574,0.0
2575,0.0
2576,0.0
2577,0.0
2578,0.0
2579,0.0
2580,0.0
2581,0.0
2582,0.0
2583,0.0
2584,0.0
2585,0.0
2586,0.0
2587,0.0
2588,0.0
2589,0.0
2590,0.0
2591,0.0
2592,0.0
2593,0.0
2594,0.0
2595,0.0
2596,0.0
2597,0.0
2598,0.0
2599,0.0
2600,0.0
2601,0.0
2602,0.0
2603,0.0
2604,0.0
2605,0.0
2606,0.0
2607,0.0
2608,0.0
2609,0.0
2610,0.0
2611,0.0
2612,0.0
2613,0.0
2614,0.0
2615,0.0
2616,0.0
2617,0.0
2618,0.0
2619,0.0
2620,0.0
2621,0.0
2622,0.0
2623,0.0
2624,0.0
2625,0.0
2626,0.0
2627,0.0
2628,0.0
2629,0.0
2630,0.0
2631,0.0
2632,0.0
2633,0.0
2634,0.0
2635,0.0
2636,0.0
2637,0.0
2638,0.0
2639,0.0
2640,0.0
2641,0.0
2642,0.0
2643,0.0
2644,0.0
2645,0.0
2646,0.0
2647,0.0
2648,0.0
2649,0.0
2650,0.0
2651,0.0
2652,0.0
2653,0.0
2654,0.0
2655,0.0
2656,0.0
2657,0.0
2658,0.0
2659,0.0
2660,0.0
2661,0.0
2662,0.0
2663,0.0
2664,0.0
2665,0.0
2666,0.0
2667,0.0
2668,0.0
2669,0.0
2670,0.0
2671,0.0
2672,0.0
2673,0.0
2674,0.0
2675,0.0
2676,0.0
2677,0.0
2678,0.0
2679,0.0
2680,0.0
2681,0.0
2682,0.0
2683,0.0
2684,0.0
2685,0.0
2686,0.0
2687,0.0
2688,0.0
2689,0.0
2690,0.0
2691,0.0
2692,0.0
2693,0.0
2694,0.0
2695,0.0
2696,0.0
2697,0.0
2698,0.0
2699,0.0
2700,0.0
2701,0.0
2702,0.0
2703,0.0
2704,0.0
2705,0.0
2706,0.0
2707,0.0
2708,0.0
2709,0.0
2710,0.0
2711,0.0
2712,0.0
2713,0.0
2714,0.0
2715,0.0
2716,0.0
2717,0.0
2718,0.0
2719,0.0
2720,0.0
2721,0.0
2722,0.0
2723,0.0
2724,0.0
2725,0.0
2726,0.0
2727,0.0
2728,0.0
2729,0.0
2730,0.0
2731,0.0
2732,0.0
2733,0.0
2734,0.0
2735,0.0
2736,0.0
2737,0.0
2738,0.0
2739,0.0
2740,0.0
2741,0.0
2742,0.0
2743,0.0
2744,0.0
2745,0.0
2746,0.0
2747,0.0
2748,0.0
2749,0.0
2750,0.0
2751,0.0
2752,0.0
2753,0.0
2754,0.0
2755,0.0
2756,0.0
2757,0.0
2758,0.0
2759,0.0
2760,0.0
2761,0.0
2762,0.0
2763,0.0
2764,0.0
2765,0.0
2766,0.0
2767,0.0
2768,0.0
2769,0.0
2770,0.0
2771,0.0
2772,0.0
2773,0.0
2774,0.0
2775,0.0
2776,0.0
2777,0.0
2778,0.0
2779,0.0
2780,0.0
2781,0.0
2782,0.0
2783,0.0
2784,0.0
2785,0.0
2786,0.0
2787,0.0
2788,0.0
2789,0.0
2790,0.0
2791,0.0
2792,0.0
2793,0.0
2794,0.0
2795,0.0
2796,0.0
2797,0.0
2798,0.0
2799,0.0
2800,0.0
2801,0.0
2802,0.0
2803,0.0
2804,0.0
2805,0.0
2806,0.0
2807,0.0
2808,0.0
2809,0.0
2810,0.0
2811,0.0
2812,0.0
2813,0.0
2814,0.0
2815,0.0
2816,0.0
2817,0.0
2818,0.0
2819,0.0
2820,0.0
2821,0.0
2822,0.0
2823,0.0
2824,0.0
2825,0.0
2826,0.0
2827,0.0
2828,0.0
2829,0.0
2830,0.0
2831,0.0
2832,0.0
2833,0.0
2834,0.0
2835,0.0
2836,0.0
2837,0.0
2838,0.0
2839,0.0
2840,0.0
2841,0.0
2842,0.0
2843,0.0
2844,0.0
2845,0.0
2846,0.0
2847,0.0
2848,0.0
2849,0.0
2850,0.0
2851,0.0
2852,0.0
2853,0.0
2854,0.0
2855,0.0
2856,0.0
2857,0.0
2858,0.0
2859,0.0
2860,0.0
2861,0.0
2862,0.0
2863,0.0
2864,0.0
2865,0.0
2866,0.0
2867,0.0
2868,0.0
2869,0.0
2870,0.0
2871,0.0
2872,0.0
2873,0.0
2874,0.0
2875,0.0
2876,0.0
2877,0.0
2878,0.0
2879,0.0
2880,0.0
2881,0.0
2882,0.0
2883,0.0
2884,0.0
2885,0.0
2886,0.0
2887,0.0
2888,0.0
2889,0.0
2890,0.0
2891,0.0
2892,0.0
2893,0.0
2894,0.0
2895,0.0
2896,0.0
2897,0.0
2898,0.0
2899,0.0
2900,0.0
2901,0.0
2902,0.0
2903,0.0
2904,0.0
2905,0.0
2906,0.0
2907,0.0
2908,0.0
2909,0.0
2910,0.0
2911,0.0
2912,0.0
2913,0.0
2914,0.0
2915,0.0
2916,0.0
2917,0.0
2918,0.0
2919,0.0
2920,0.0
2921,0.0
2922,0.0
2923,0.0
2924,0.0
2925,0.0
2926,0.0
2927,0.0
2928,0.0
2929,0.0
2930,0.0
2931,0.0
2932,0.0
2933,0.0
2934,0.0
2935,0.0
2936,0.0
2937,0.0
2938,0.0
2939,0.0
2940,0.0
2941,0.0
2942,0.0
2943,0.0
2944,0.0
2945,0.0
2946,0.0
2947,0.0
2948,0.0
2949,0.0
2950,0.0
2951,0.0
2952,0.0
2953,0.0
2954,0.0
2955,0.0
2956,0.0
2957,0.0
2958,0.0
2959,0.0
2960,0.0
2961,0.0
2962,0.0
2963,0.0
2964,0.0
2965,0.0
2966,0.0
2967,0.0
2968,0.0
2969,0.0
2970,0.0
2971,0.0
2972,0.0
2973,0.0
2974,0.0
2975,0.0
2976,0.0
2977,0.0
2978,0.0
2979,0.0
2980,0.0
2981,0.0
2982,0.0
2983,0.0
2984,0.0
2985,0.0
2986,0.0
2987,0.0
2988,0.0
2989,0.0
2990,0.0
2991,0.0
2992,0.0
2993,0.0
2994,0.0
2995,0.0
2996,0.0
2997,0.0
2998,0.0
2999,0.0
3000,0.0
3001,0.0
3002,0.0
3003,0.0
3004,0.0
3005,0.0
3006,0.0
3007,0.0
3008,0.0
3009,0.0
3010,0.0
3011,0.0
3012,0.0
3013,0.0
3014,0.0
3015,0.0
3016,0.0
3017,0.0
3018,0.0
3019,0.0
3020,0.0
3021,0.0
3022,0.0
3023,0.0
3024,0.0
3025,0.0
3026,0.0
3027,0.0
3028,0.0
3029,0.0
3030,0.0
3031,0.0
3032,0.0
3033,0.0
3034,0.0
3035,0.0
3036,0.0
3037,0.0
3038,0.0
3039,0.0
3040,0.0
3041,0.0
3042,0.0
3043,0.0
3044,0.0
3045,0.0
3046,0.0
3047,0.0
3048,0.0
3049,0.0
3050,0.0
3051,0.0
3052,0.0
3053,0.0
3054,0.0
3055,0.0
3056,0.0
3057,0.0
3058,0.0
3059,0.0
3060,0.0
3061,0.0
3062,0.0
3063,0.0
3064,0.0
3065,0.0
3066,0.0
3067,0.0
3068,0.0
3069,0.0
3070,0.0
3071,0.0
3072,0.0
3073,0.0
3074,0.0
3075,0.0
3076,0.0
3077,0.0
3078,0.0
3079,0.0
3080,0.0
3081,0.0
3082,0.0
3083,0.0
3084,0.0
3085,0.0
3086,0.0
3087,0.0
3088,0.0
3089,0.0
3090,0.0
3091,0.0
3092,0.0
3093,0.0
3094,0.0
3095,0.0
3096,0.0
3097,0.0
3098,0.0
3099,0.0
3100,0.0
3101,0.0
3102,0.0
3103,0.0
3104,0.0
3105,0.0
3106,0.0
3107,0.0
3108,0.0
3109,0.0
3110,0.0
3111,0.0
3112,0.0
3113,0.0
3114,0.0
3115,0.0
3116,0.0
3117,0.0
3118,0.0
3119,0.0
3120,0.0
3121,0.0
3122,0.0
3123,0.0
3124,0.0
3125,0.0
3126,0.0
3127,0.0
3128,0.0
3129,0.0
3130,0.0
3131,0.0
3132,0.0
3133,0.0
3134,0.0
3135,0.0
3136,0.0
3137,0.0
3138,0.0
3139,0.0
3140,0.0
3141,0.0
3142,0.0
3143,0.0
3144,0.0
3145,0.0
3146,0.0
3147,0.0
3148,0.0
3149,0.0
3150,0.0
3151,0.0
3152,0.0
3153,0.0
3154,0.0
3155,0.0
3156,0.0
3157,0.0
3158,0.0
3159,0.0
3160,0.0
3161,0.0
3162,0.0
3163,0.0
3164,0.0
3165,0.0
3166,0.0
3167,0.0
3168,0.0
3169,0.0
3170,0.0
3171,0.0
3172,0.0
3173,0.0
3174,0.0
3175,0.0
3176,0.0
3177,0.0
3178,0.0
3179,0.0
3180,0.0
3181,0.0
3182,0.0
3183,0.0
3184,0.0
3185,0.0
3186,0.0
3187,0.0
3188,0.0
3189,0.0
3190,0.0
3191,0.0
3192,0.0
3193,0.0
3194,0.0
3195,0.0
3196,0.0
3197,0.0
3198,0.0
3199,0.0
3200,0.0
3201,0.0
3202,0.0
3203,0.0
3204,0.0
3205,0.0
3206,0.0
3207,0.0
3208,0.0
3209,0.0
3210,0.0
3211,0.0
3212,0.0
3213,0.0
3214,0.0
3215,0.0
3216,0.0
3217,0.0
3218,0.0
3219,0.0
3220,0.0
3221,0.0
3222,0.0
3223,0.0
3224,0.0
3225,0.0
3226,0.0
3227,0.0
3228,0.0
3229,0.0
3230,0.0
3231,0.0
3232,0.0
3233,0.0
3234,0.0
3235,0.0
3236,0.0
3237,0.0
3238,0.0
3239,0.0
3240,0.0
3241,0.0
3242,0.0
3243,0.0
3244,0.0
3245,0.0
3246,0.0
3247,0.0
3248,0.0
3249,0.0
3250,0.0
3251,0.0
3252,0.0
3253,0.0
3254,0.0
3255,0.0
3256,0.0
3257,0.0
3258,0.0
3259,0.0
3260,0.0
3261,0.0
3262,0.0
3263,0.0
3264,0.0
3265,0.0
3266,0.0
3267,0.0
3268,0.0
3269,0.0
3270,0.0
3271,0.0
3272,0.0
3273,0.0
3274,0.0
3275,0.0
3276,0.0
3277,0.0
3278,0.0
3279,0.0
3280,0.0
3281,0.0
3282,0.0
3283,0.0
3284,0.0
3285,0.0
3286,0.0
3287,0.0
3288,0.0
3289,0.0
3290,0.0
3291,0.0
3292,0.0
3293,0.0
3294,0.0
3295,0.0
3296,0.0
3297,0.0
3298,0.0
3299,0.0
3300,0.0
3301,0.0
3302,0.0
3303,0.0
3304,0.0
3305,0.0
3306,0.0
3307,0.0
3308,0.0
3309,0.0
3310,0.0
3311,0.0
3312,0.0
3313,0.0
3314,0.0
3315,0.0
3316,0.0
3317,0.0
3318,0.0
3319,0.0
3320,0.0
3321,0.0
3322,0.0
3323,0.0
3324,0.0
3325,0.0
3326,0.0
3327,0.0
3328,0.0
3329,0.0
3330,0.0
3331,0.0
3332,0.0
3333,0.0
3334,0.0
3335,0.0
3336,0.0
3337,0.0
3338,0.0
3339,0.0
3340,0.0
3341,0.0
3342,0.0
3343,0.0
3344,0.0
3345,0.0
3346,0.0
3347,0.0
3348,0.0
3349,0.0
3350,0.0
3351,0.0
3352,0.0
3353,0.0
3354,0.0
3355,0.0
3356,0.0
3357,0.0
3358,0.0
3359,0.0
3360,0.0
3361,0.0
3362,0.0
3363,0.0
3364,0.0
3365,0.0
3366,0.0
3367,0.0
3368,0.0
3369,0.0
3370,0.0
3371,0.0
3372,0.0
3373,0.0
3374,0.0
3375,0.0
3376,0.0
3377,0.0
3378,0.0
3379,0.0
3380,0.0
3381,0.0
3382,0.0
3383,0.0
3384,0.0
3385,0.0
3386,0.0
3387,0.0
3388,0.0
3389,0.0
3390,0.0
3391,0.0
3392,0.0
3393,0.0
3394,0.0
3395,0.0
3396,0.0
3397,0.0
3398,0.0
3399,0.0
3400,0.0
3401,0.0
3402,0.0
3403,0.0
3404,0.0
3405,0.0
3406,0.0
3407,0.0
3408,0.0
3409,0.0
3410,0.0
3411,0.0
3412,0.0
3413,0.0
3414,0.0
3415,0.0
3416,0.0
3417,0.0
3418,0.0
3419,0.0
3420,0.0
3421,0.0
3422,0.0
3423,0.0
3424,0.0
3425,0.0
3426,0.0
3427,0.0
3428,0.0
3429,0.0
3430,0.0
3431,0.0
3432,0.0
3433,0.0
3434,0.0
3435,0.0
3436,0.0
3437,0.0
3438,0.0
3439,0.0
3440,0.0
3441,0.0
3442,0.0
3443,0.0
3444,0.0
3445,0.0
3446,0.0
3447,0.0
3448,0.0
3449,0.0
3450,0.0
3451,0.0
3452,0.0
3453,0.0
3454,0.0
3455,0.0
3456,0.0
3457,0.0
3458,0.0
3459,0.0
3460,0.0
3461,0.0
3462,0.0
3463,0.0
3464,0.0
3465,0.0
3466,0.0
3467,0.0
3468,0.0
3469,0.0
3470,0.0
3471,0.0
3472,0.0
3473,0.0
3474,0.0
3475,0.0
3476,0.0
3477,0.0
3478,0.0
3479,0.0
3480,0.0
3481,0.0
3482,0.0
3483,0.0
3484,0.0
3485,0.0
3486,0.0
3487,0.0
3488,0.0
3489,0.0
3490,0.0
3491,0.0
3492,0.0
3493,0.0
3494,0.0
3495,0.0
3496,0.0
3497,0.0
3498,0.0
3499,0.0
3500,0.0
3501,0.0
3502,0.0
3503,0.0
3504,0.0
3505,0.0
3506,0.0
3507,0.0
3508,0.0
3509,0.0
3510,0.0
3511,0.0
3512,0.0
3513,0.0
3514,0.0
3515,0.0
3516,0.0
3517,0.0
3518,0.0
3519,0.0
3520,0.0
3521,0.0
3522,0.0
3523,0.0
3524,0.0
3525,0.0
3526,0.0
3527,0.0
3528,0.0
3529,0.0
3530,0.0
3531,0.0
3532,0.0
3533,0.0
3534,0.0
3535,0.0
3536,0.0
3537,0.0
3538,0.0
3539,0.0
3540,0.0
3541,0.0
3542,0.0
3543,0.0
3544,0.0
3545,0.0
3546,0.0
3547,0.0
3548,0.0
3549,0.0
3550,0.0
3551,0.0
3552,0.0
3553,0.0
3554,0.0
3555,0.0
3556,0.0
3557,0.0
3558,0.0
3559,0.0
3560,0.0
3561,0.0
3562,0.0
3563,0.0
3564,0.0
3565,0.0
3566,0.0
3567,0.0
3568,0.0
3569,0.0
3570,0.0
3571,0.0
3572,0.0
3573,0.0
3574,0.0
3575,0.0
3576,0.0
3577,0.0
3578,0.0
3579,0.0
3580,0.0
3581,0.0
3582,0.0
3583,0.0
3584,0.0
3585,0.0
3586,0.0
3587,0.0
3588,0.0
3589,0.0
3590,0.0
3591,0.0
3592,0.0
3593,0.0
3594,0.0
3595,0.0
3596,0.0
3597,0.0
3598,0.0
3599,0.0
3600,0.0
3601,0.0
3602,0.0
3603,0.0
3604,0.0
3605,0.0
3606,0.0
3607,0.0
3608,0.0
3609,0.0
3610,0.0
3611,0.0
3612,0.0
3613,0.0
3614,0.0
3615,0.0
3616,0.0
3617,0.0
3618,0.0
3619,0.0
3620,0.0
3621,0.0
3622,0.0
3623,0.0
3624,0.0
3625,0.0
3626,0.0
3627,0.0
3628,0.0
3629,0.0
3630,0.0
3631,0.0
3632,0.0
3633,0.0
3634,0.0
3635,0.0
3636,0.0
3637,0.0
3638,0.0
3639,0.0
3640,0.0
3641,0.0
3642,0.0
3643,0.0
3644,0.0
3645,0.0
3646,0.0
3647,0.0
3648,0.0
3649,0.0
3650,0.0
3651,0.0
3652,0.0
3653,0.0
3654,0.0
3655,0.0
3656,0.0
3657,0.0
3658,0.0
3659,0.0
3660,0.0
3661,0.0
3662,0.0
3663,0.0
3664,0.0
3665,0.0
3666,0.0
3667,0.0
3668,0.0
3669,0.0
3670,0.0
3671,0.0
3672,0.0
3673,0.0
3674,0.0
3675,0.0
3676,0.0
3677,0.0
3678,0.0
3679,0.0
3680,0.0
3681,0.0
3682,0.0
3683,0.0
3684,0.0
3685,0.0
3686,0.0
3687,0.0
3688,0.0
3689,0.0
3690,0.0
3691,0.0
3692,0.0
3693,0.0
3694,0.0
3695,0.0
3696,0.0
3697,0.0
3698,0.0
3699,0.0
3700,0.0
3701,0.0
3702,0.0
3703,0.0
3704,0.0
3705,0.0
3706,0.0
3707,0.0
3708,0.0
3709,0.0
3710,0.0
3711,0.0
3712,0.0
3713,0.0
3714,0.0
3715,0.0
3716,0.0
3717,0.0
3718,0.0
3719,0.0
3720,0.0
3721,0.0
3722,0.0
3723,0.0
3724,0.0
3725,0.0
3726,0.0
3727,0.0
3728,0.0
3729,0.0
3730,0.0
3731,0.0
3732,0.0
3733,0.0
3734,0.0
3735,0.0
3736,0.0
3737,0.0
3738,0.0
3739,0.0
3740,0.0
3741,0.0
3742,0.0
3743,0.0
3744,0.0
3745,0.0
3746,0.0
3747,0.0
3748,0.0
3749,0.0
3750,0.0
3751,0.0
3752,0.0
3753,0.0
3754,0.0
3755,0.0
3756,0.0
3757,0.0
3758,0.0
3759,0.0
3760,0.0
3761,0.0
3762,0.0
3763,0.0
3764,0.0
3765,0.0
3766,0.0
3767,0.0
3768,0.0
3769,0.0
3770,0.0
3771,0.0
3772,0.0
3773,0.0
3774,0.0
3775,0.0
3776,0.0
3777,0.0
3778,0.0
3779,0.0
3780,0.0
3781,0.0
3782,0.0
3783,0.0
3784,0.0
3785,0.0
3786,0.0
3787,0.0
3788,0.0
3789,0.0
3790,0.0
3791,0.0
3792,0.0
3793,0.0
3794,0.0
3795,0.0
3796,0.0
3797,0.0
3798,0.0
3799,0.0
3800,0.0
3801,0.0
3802,0.0
3803,0.0
3804,0.0
3805,0.0
3806,0.0
3807,0.0
3808,0.0
3809,0.0
3810,0.0
3811,0.0
3812,0.0
3813,0.0
3814,0.0
3815,0.0
3816,0.0
3817,0.0
3818,0.0
3819,0.0
3820,0.0
3821,0.0
3822,0.0
3823,0.0
3824,0.0
3825,0.0
3826,0.0
3827,0.0
3828,0.0
3829,0.0
3830,0.0
3831,0.0
3832,0.0
3833,0.0
3834,0.0
3835,0.0
3836,0.0
3837,0.0
3838,0.0
3839,0.0
3840,0.0
3841,0.0
3842,0.0
3843,0.0
3844,0.0
3845,0.0
3846,0.0
3847,0.0
3848,0.0
3849,0.0
3850,0.0
3851,0.0
3852,0.0
3853,0.0
3854,0.0
3855,0.0
3856,0.0
3857,0.0
3858,0.0
3859,0.0
3860,0.0
3861,0.0
3862,0.0
3863,0.0
3864,0.0
3865,0.0
3866,0.0
3867,0.0
3868,0.0
3869,0.0
3870,0.0
3871,0.0
3872,0.0
3873,0.0
3874,0.0
3875,0.0
3876,0.0
3877,0.0
3878,0.0
3879,0.0
3880,0.0
3881,0.0
3882,0.0
3883,0.0
3884,0.0
3885,0.0
3886,0.0
3887,0.0
3888,0.0
3889,0.0
3890,0.0
3891,0.0
3892,0.0
3893,0.0
3894,0.0
3895,0.0
3896,0.0
3897,0.0
3898,0.0
3899,0.0
3900,0.0
3901,0.0
3902,0.0
3903,0.0
3904,0.0
3905,0.0
3906,0.0
3907,0.0
3908,0.0
3909,0.0
3910,0.0
3911,0.0
3912,0.0
3913,0.0
3914,0.0
3915,0.0
3916,0.0
3917,0.0
3918,0.0
3919,0.0
3920,0.0
3921,0.0
3922,0.0
3923,0.0
3924,0.0
3925,0.0
3926,0.0
3927,0.0
3928,0.0
3929,0.0
3930,0.0
3931,0.0
3932,0.0
3933,0.0
3934,0.0
3935,0.0
3936,0.0
3937,0.0
3938,0.0
3939,0.0
3940,0.0
3941,0.0
3942,0.0
3943,0.0
3944,0.0
3945,0.0
3946,0.0
3947,0.0
3948,0.0
3949,0.0
3950,0.0
3951,0.0
3952,0.0
3953,0.0
3954,0.0
3955,0.0
3956,0.0
3957,0.0
3958,0.0
3959,0.0
3960,0.0
3961,0.0
3962,0.0
3963,0.0
3964,0.0
3965,0.0
3966,0.0
3967,0.0
3968,0.0
3969,0.0
3970,0.0
3971,0.0
3972,0.0
3973,0.0
3974,0.0
3975,0.0
3976,0.0
3977,0.0
3978,0.0
3979,0.0
3980,0.0
3981,0.0
3982,0.0
3983,0.0
3984,0.0
3985,0.0
3986,0.0
3987,0.0
3988,0.0
3989,0.0
3990,0.0
3991,0.0
3992,0.0
3993,0.0
3994,0.0
3995,0.0
3996,0.0
3997,0.0
3998,0.0
3999,0.0
4000,0.0
4001,0.0
4002,0.0
4003,0.0
4004,0.0
4005,0.0
4006,0.0
4007,0.0
4008,0.0
4009,0.0
4010,0.0
4011,0.0
4012,0.0
4013,0.0
4014,0.0
4015,0.0
4016,0.0
4017,0.0
4018,0.0
4019,0.0
4020,0.0
4021,0.0
4022,0.0
4023,0.0
4024,0.0
4025,0.0
4026,0.0
4027,0.0
4028,0.0
4029,0.0
4030,0.0
4031,0.0
4032,0.0
4033,0.0
4034,0.0
4035,0.0
4036,0.0
4037,0.0
4038,0.0
4039,0.0
4040,0.0
4041,0.0
4042,0.0
4043,0.0
4044,0.0
4045,0.0
4046,0.0
4047,0.0
4048,0.0
4049,0.0
4050,0.0
4051,0.0
4052,0.0
4053,0.0
4054,0.0
4055,0.0
4056,0.0
4057,0.0
4058,0.0
4059,0.0
4060,0.0
4061,0.0
4062,0.0
4063,0.0
4064,0.0
4065,0.0
4066,0.0
4067,0.0
4068,0.0
4069,0.0
4070,0.0
4071,0.0
4072,0.0
4073,0.0
4074,0.0
4075,0.0
4076,0.0
4077,0.0
4078,0.0
4079,0.0
4080,0.0
4081,0.0
4082,0.0
4083,0.0
4084,0.0
4085,0.0
4086,0.0
4087,0.0
4088,0.0
4089,0.0
4090,0.0
4091,0.0
4092,0.0
4093,0.0
4094,0.0
4095,0.0
4096,0.0
4097,0.0
4098,0.0
4099,0.0
4100,0.0
4101,0.0
4102,0.0
4103,0.0
4104,0.0
4105,0.0
4106,0.0
4107,0.0
4108,0.0
4109,0.0
4110,0.0
4111,0.0
4112,0.0
4113,0.0
4114,0.0
4115,0.0
4116,0.0
4117,0.0
4118,0.0
4119,0.0
4120,0.0
4121,0.0
4122,0.0
4123,0.0
4124,0.0
4125,0.0
4126,0.0
4127,0.0
4128,0.0
4129,0.0
4130,0.0
4131,0.0
4132,0.0
4133,0.0
4134,0.0
4135,0.0
4136,0.0
4137,0.0
4138,0.0
4139,0.0
4140,0.0
4141,0.0
4142,0.0
4143,0.0
4144,0.0
4145,0.0
4146,0.0
4147,0.0
4148,0.0
4149,0.0
4150,0.0
4151,0.0
4152,0.0
4153,0.0
4154,0.0
4155,0.0
4156,0.0
4157,0.0
4158,0.0
4159,0.0
4160,0.0
4161,0.0
4162,0.0
4163,0.0
4164,0.0
4165,0.0
4166,0.0
4167,0.0
4168,0.0
4169,0.0
4170,0.0
4171,0.0
4172,0.0
4173,0.0
4174,0.0
4175,0.0
4176,0.0
4177,0.0
4178,0.0
4179,0.0
4180,0.0
4181,0.0
4182,0.0
4183,0.0
4184,0.0
4185,0.0
4186,0.0
4187,0.0
4188,0.0
4189,0.0
4190,0.0
4191,0.0
4192,0.0
4193,0.0
4194,0.0
4195,0.0
4196,0.0
4197,0.0
4198,0.0
4199,0.0
4200,0.0
4201,0.0
4202,0.0
4203,0.0
4204,0.0
4205,0.0
4206,0.0
4207,0.0
4208,0.0
4209,0.0
4210,0.0
4211,0.0
4212,0.0
4213,0.0
4214,0.0
4215,0.0
4216,0.0
4217,0.0
4218,0.0
4219,0.0
4220,0.0
4221,0.0
4222,0.0
4223,0.0
4224,0.0
4225,0.0
4226,0.0
4227,0.0
4228,0.0
4229,0.0
4230,0.0
4231,0.0
4232,0.0
4233,0.0
4234,0.0
4235,0.0
4236,0.0
4237,0.0
4238,0.0
4239,0.0
4240,0.0
4241,0.0
4242,0.0
4243,0.0
4244,0.0
4245,0.0
4246,0.0
4247,0.0
4248,0.0
4249,0.0
4250,0.0
4251,0.0
4252,0.0
4253,0.0
4254,0.0
4255,0.0
4256,0.0
4257,0.0
4258,0.0
4259,0.0
4260,0.0
4261,0.0
4262,0.0
4263,0.0
4264,0.0
4265,0.0
4266,0.0
4267,0.0
4268,0.0
4269,0.0
4270,0.0
4271,0.0
4272,0.0
4273,0.0
4274,0.0
4275,0.0
4276,0.0
4277,0.0
4278,0.0
4279,0.0
4280,0.0
4281,0.0
4282,0.0
4283,0.0
4284,0.0
4285,0.0
4286,0.0
4287,0.0
4288,0.0
4289,0.0
4290,0.0
4291,0.0
4292,0.0
4293,0.0
4294,0.0
4295,0.0
4296,0.0
4297,0.0
4298,0.0
4299,0.0
4300,0.0
4301,0.0
4302,0.0
4303,0.0
4304,0.0
4305,0.0
4306,0.0
4307,0.0
4308,0.0
4309,0.0
4310,0.0
4311,0.0
4312,0.0
4313,0.0
4314,0.0
4315,0.0
4316,0.0
4317,0.0
4318,0.0
4319,0.0
4320,0.0
4321,0.0
4322,0.0
4323,0.0
4324,0.0
4325,0.0
4326,0.0
4327,0.0
4328,0.0
4329,0.0
4330,0.0
4331,0.0
4332,0.0
4333,0.0
4334,0.0
4335,0.0
4336,0.0
4337,0.0
4338,0.0
4339,0.0
4340,0.0
4341,0.0
4342,0.0
4343,0.0
4344,0.0
4345,0.0
4346,0.0
4347,0.0
4348,0.0
4349,0.0
4350,0.0
4351,0.0
4352,0.0
4353,0.0
4354,0.0
4355,0.0
4356,0.0
4357,0.0
4358,0.0
4359,0.0
4360,0.0
4361,0.0
4362,0.0
4363,0.0
4364,0.0
4365,0.0
4366,0.0
4367,0.0
4368,0.0
4369,0.0
4370,0.0
4371,0.0
4372,0.0
4373,0.0
4374,0.0
4375,0.0
4376,0.0
4377,0.0
4378,0.0
4379,0.0
4380,0.0
4381,0.0
4382,0.0
4383,0.0
4384,0.0
4385,0.0
4386,0.0
4387,0.0
4388,0.0
4389,0.0
4390,0.0
4391,0.0
4392,0.0
4393,0.0
4394,0.0
4395,0.0
4396,0.0
4397,0.0
4398,0.0
4399,0.0
4400,0.0
4401,0.0
4402,0.0
4403,0.0
4404,0.0
4405,0.0
4406,0.0
4407,0.0
4408,0.0
4409,0.0
4410,0.0
4411,0.0
4412,0.0
4413,0.0
4414,0.0
4415,0.0
4416,0.0
4417,0.0
4418,0.0
4419,0.0
4420,0.0
4421,0.0
4422,0.0
4423,0.0
4424,0.0
4425,0.0
4426,0.0
4427,0.0
4428,0.0
4429,0.0
4430,0.0
4431,0.0
4432,0.0
4433,0.0
4434,0.0
4435,0.0
4436,0.0
4437,0.0
4438,0.0
4439,0.0
4440,0.0
4441,0.0
4442,0.0
4443,0.0
4444,0.0
4445,0.0
4446,0.0
4447,0.0
4448,0.0
4449,0.0
4450,0.0
4451,0.0
4452,0.0
4453,0.0
4454,0.0
4455,0.0
4456,0.0
4457,0.0
4458,0.0
4459,0.0
4460,0.0
4461,0.0
4462,0.0
4463,0.0
4464,0.0
4465,0.0
4466,0.0
4467,0.0
4468,0.0
4469,0.0
4470,0.0
4471,0.0
4472,0.0
4473,0.0
4474,0.0
4475,0.0
4476,0.0
4477,0.0
4478,0.0
4479,0.0
4480,0.0
4481,0.0
4482,0.0
4483,0.0
4484,0.0
4485,0.0
4486,0.0
4487,0.0
4488,0.0
4489,0.0
4490,0.0
4491,0.0
4492,0.0
4493,0.0
4494,0.0
4495,0.0
4496,0.0
4497,0.0
4498,0.0
4499,0.0
4500,0.0
4501,0.0
4502,0.0
4503,0.0
4504,0.0
4505,0.0
4506,0.0
4507,0.0
4508,0.0
4509,0.0
4510,0.0
4511,0.0
4512,0.0
4513,0.0
4514,0.0
4515,0.0
4516,0.0
4517,0.0
4518,0.0
4519,0.0
4520,0.0
4521,0.0
4522,0.0
4523,0.0
4524,0.0
4525,0.0
4526,0.0
4527,0.0
4528,0.0
4529,0.0
4530,0.0
4531,0.0
4532,0.0
4533,0.0
4534,0.0
4535,0.0
4536,0.0
4537,0.0
4538,0.0
4539,0.0
4540,0.0
4541,0.0
4542,0.0
4543,0.0
4544,0.0
4545,0.0
4546,0.0
4547,0.0
4548,0.0
4549,0.0
4550,0.0
4551,0.0
4552,0.0
4553,0.0
4554,0.0
4555,0.0
4556,0.0
4557,0.0
4558,0.0
4559,0.0
4560,0.0
4561,0.0
4562,0.0
4563,0.0
4564,0.0
4565,0.0
4566,0.0
4567,0.0
4568,0.0
4569,0.0
4570,0.0
4571,0.0
4572,0.0
4573,0.0
4574,0.0
4575,0.0
4576,0.0
4577,0.0
4578,0.0
4579,0.0
4580,0.0
4581,0.0
4582,0.0
4583,0.0
4584,0.0
4585,0.0
4586,0.0
4587,0.0
4588,0.0
4589,0.0
4590,0.0
4591,0.0
4592,0.0
4593,0.0
4594,0.0
4595,0.0
4596,0.0
4597,0.0
4598,0.0
4599,0.0
4600,0.0
4601,0.0
4602,0.0
4603,0.0
4604,0.0
4605,0.0
4606,0.0
4607,0.0
4608,0.0
4609,0.0
4610,0.0
4611,0.0
4612,0.0
4613,0.0
4614,0.0
4615,0.0
4616,0.0
4617,0.0
4618,0.0
4619,0.0
4620,0.0
4621,0.0
4622,0.0
4623,0.0
4624,0.0
4625,0.0
4626,0.0
4627,0.0
4628,0.0
4629,0.0
4630,0.0
4631,0.0
4632,0.0
4633,0.0
4634,0.0
4635,0.0
4636,0.0
4637,0.0
4638,0.0
4639,0.0
4640,0.0
4641,0.0
4642,0.0
4643,0.0
4644,0.0
4645,0.0
4646,0.0
4647,0.0
4648,0.0
4649,0.0
4650,0.0
4651,0.0
4652,0.0
4653,0.0
4654,0.0
4655,0.0
4656,0.0
4657,0.0
4658,0.0
4659,0.0
4660,0.0
4661,0.0
4662,0.0
4663,0.0
4664,0.0
4665,0.0
4666,0.0
4667,0.0
4668,0.0
4669,0.0
4670,0.0
4671,0.0
4672,0.0
4673,0.0
4674,0.0
4675,0.0
4676,0.0
4677,0.0
4678,0.0
4679,0.0
4680,0.0
4681,0.0
4682,0.0
4683,0.0
4684,0.0
4685,0.0
4686,0.0
4687,0.0
4688,0.0
4689,0.0
4690,0.0
4691,0.0
4692,0.0
4693,0.0
4694,0.0
4695,0.0
4696,0.0
4697,0.0
4698,0.0
4699,0.0
4700,0.0
4701,0.0
4702,0.0
4703,0.0
4704,0.0
4705,0.0
4706,0.0
4707,0.0
4708,0.0
4709,0.0
4710,0.0
4711,0.0
4712,0.0
4713,0.0
4714,0.0
4715,0.0
4716,0.0
4717,0.0
4718,0.0
4719,0.0
4720,0.0
4721,0.0
4722,0.0
4723,0.0
4724,0.0
4725,0.0
4726,0.0
4727,0.0
4728,0.0
4729,0.0
4730,0.0
4731,0.0
4732,0.0
4733,0.0
4734,0.0
4735,0.0
4736,0.0
4737,0.0
4738,0.0
4739,0.0
4740,0.0
4741,0.0
4742,0.0
4743,0.0
4744,0.0
4745,0.0
4746,0.0
4747,0.0
4748,0.0
4749,0.0
4750,0.0
4751,0.0
4752,0.0
4753,0.0
4754,0.0
4755,0.0
4756,0.0
4757,0.0
4758,0.0
4759,0.0
4760,0.0
4761,0.0
4762,0.0
4763,0.0
4764,0.0
4765,0.0
4766,0.0
4767,0.0
4768,0.0
4769,0.0
4770,0.0
4771,0.0
4772,0.0
4773,0.0
4774,0.0
4775,0.0
4776,0.0
4777,0.0
4778,0.0
4779,0.0
4780,0.0
4781,0.0
4782,0.0
4783,0.0
4784,0.0
4785,0.0
4786,0.0
4787,0.0
4788,0.0
4789,0.0
4790,0.0
4791,0.0
4792,0.0
4793,0.0
4794,0.0
4795,0.0
4796,0.0
4797,0.0
4798,0.0
4799,0.0
4800,0.0
4801,0.0
4802,0.0
4803,0.0
4804,0.0
4805,0.0
4806,0.0
4807,0.0
4808,0.0
4809,0.0
4810,0.0
4811,0.0
4812,0.0
4813,0.0
4814,0.0
4815,0.0
4816,0.0
4817,0.0
4818,0.0
4819,0.0
4820,0.0
4821,0.0
4822,0.0
4823,0.0
4824,0.0
4825,0.0
4826,0.0
4827,0.0
4828,0.0
4829,0.0
4830,0.0
4831,0.0
4832,0.0
4833,0.0
4834,0.0
4835,0.0
4836,0.0
4837,0.0
4838,0.0
4839,0.0
4840,0.0
4841,0.0
4842,0.0
4843,0.0
4844,0.0
4845,0.0
4846,0.0
4847,0.0
4848,0.0
4849,0.0
4850,0.0
4851,0.0
4852,0.0
4853,0.0
4854,0.0
4855,0.0
4856,0.0
4857,0.0
4858,0.0
4859,0.0
4860,0.0
4861,0.0
4862,0.0
4863,0.0
4864,0.0
4865,0.0
4866,0.0
4867,0.0
4868,0.0
4869,0.0
4870,0.0
4871,0.0
4872,0.0
4873,0.0
4874,0.0
4875,0.0
4876,0.0
4877,0.0
4878,0.0
4879,0.0
4880,0.0
4881,0.0
4882,0.0
4883,0.0
4884,0.0
4885,0.0
4886,0.0
4887,0.0
4888,0.0
4889,0.0
4890,0.0
4891,0.0
4892,0.0
4893,0.0
4894,0.0
4895,0.0
4896,0.0
4897,0.0
4898,0.0
4899,0.0
4900,0.0
4901,0.0
4902,0.0
4903,0.0
4904,0.0
4905,0.0
4906,0.0
4907,0.0
4908,0.0
4909,0.0
4910,0.0
4911,0.0
4912,0.0
4913,0.0
4914,0.0
4915,0.0
4916,0.0
4917,0.0
4918,0.0
4919,0.0
4920,0.0
4921,0.0
4922,0.0
4923,0.0
4924,0.0
4925,0.0
4926,0.0
4927,0.0
4928,0.0
4929,0.0
4930,0.0
4931,0.0
4932,0.0
4933,0.0
4934,0.0
4935,0.0
4936,0.0
4937,0.0
4938,0.0
4939,0.0
4940,0.0
4941,0.0
4942,0.0
4943,0.0
4944,0.0
4945,0.0
4946,0.0
4947,0.0
4948,0.0
4949,0.0
4950,0.0
4951,0.0
4952,0.0
4953,0.0
4954,0.0
4955,0.0
4956,0.0
4957,0.0
4958,0.0
4959,0.0
4960,0.0
4961,0.0
4962,0.0
4963,0.0
4964,0.0
4965,0.0
4966,0.0
4967,0.0
4968,0.0
4969,0.0
4970,0.0
4971,0.0
4972,0.0
4973,0.0
4974,0.0
4975,0.0
4976,0.0
4977,0.0
4978,0.0
4979,0.0
4980,0.0
4981,0.0
4982,0.0
4983,0.0
4984,0.0
4985,0.0
4986,0.0
4987,0.0
4988,0.0
4989,0.0
4990,0.0
4991,0.0
4992,0.0
4993,0.0
4994,0.0
4995,0.0
4996,0.0
4997,0.0
4998,0.0
4999,0.0
5000,0.0
5001,0.0
5002,0.0
5003,0.0
5004,0.0
5005,0.0
5006,0.0
5007,0.0
5008,0.0
5009,0.0
5010,0.0
5011,0.0
5012,0.0
5013,0.0
5014,0.0
5015,0.0
5016,0.0
5017,0.0
5018,0.0
5019,0.0
5020,0.0
5021,0.0
5022,0.0
5023,0.0
5024,0.0
5025,0.0
5026,0.0
5027,0.0
5028,0.0
5029,0.0
5030,0.0
5031,0.0
5032,0.0
5033,0.0
5034,0.0
5035,0.0
5036,0.0
5037,0.0
5038,0.0
5039,0.0
5040,0.0
5041,0.0
5042,0.0
5043,0.0
5044,0.0
5045,0.0
5046,0.0
5047,0.0
5048,0.0
5049,0.0
5050,0.0
5051,0.0
5052,0.0
5053,0.0
5054,0.0
5055,0.0
5056,0.0
5057,0.0
5058,0.0
5059,0.0
5060,0.0
5061,0.0
5062,0.0
5063,0.0
5064,0.0
5065,0.0
5066,0.0
5067,0.0
5068,0.0
5069,0.0
5070,0.0
5071,0.0
5072,0.0
5073,0.0
5074,0.0
5075,0.0
5076,0.0
5077,0.0
5078,0.0
5079,0.0
5080,0.0
5081,0.0
5082,0.0
5083,0.0
5084,0.0
5085,0.0
5086,0.0
5087,0.0
5088,0.0
5089,0.0
5090,0.0
5091,0.0
5092,0.0
5093,0.0
5094,0.0
5095,0.0
5096,0.0
5097,0.0
5098,0.0
5099,0.0
5100,0.0
5101,0.0
5102,0.0
5103,0.0
5104,0.0
5105,0.0
5106,0.0
5107,0.0
5108,0.0
5109,0.0
5110,0.0
5111,0.0
5112,0.0
5113,0.0
5114,0.0
5115,0.0
5116,0.0
5117,0.0
5118,0.0
5119,0.0
5120,0.0
5121,0.0
5122,0.0
5123,0.0
5124,0.0
5125,0.0
5126,0.0
5127,0.0
5128,0.0
5129,0.0
5130,0.0
5131,0.0
5132,0.0
5133,0.0
5134,0.0
5135,0.0
5136,0.0
5137,0.0
5138,0.0
5139,0.0
5140,0.0
5141,0.0
5142,0.0
5143,0.0
5144,0.0
5145,0.0
5146,0.0
5147,0.0
5148,0.0
5149,0.0
5150,0.0
5151,0.0
5152,0.0
5153,0.0
5154,0.0
5155,0.0
5156,0.0
5157,0.0
5158,0.0
5159,0.0
5160,0.0
5161,0.0
5162,0.0
5163,0.0
5164,0.0
5165,0.0
5166,0.0
5167,0.0
5168,0.0
5169,0.0
5170,0.0
5171,0.0
5172,0.0
5173,0.0
5174,0.0
5175,0.0
5176,0.0
5177,0.0
5178,0.0
5179,0.0
5180,0.0
5181,0.0
5182,0.0
5183,0.0
5184,0.0
5185,0.0
5186,0.0
5187,0.0
5188,0.0
5189,0.0
5190,0.0
5191,0.0
5192,0.0
5193,0.0
5194,0.0
5195,0.0
5196,0.0
5197,0.0
5198,0.0
5199,0.0
5200,0.0
5201,0.0
5202,0.0
5203,0.0
5204,0.0
5205,0.0
5206,0.0
5207,0.0
5208,0.0
5209,0.0
5210,0.0
5211,0.0
5212,0.0
5213,0.0
5214,0.0
5215,0.0
5216,0.0
5217,0.0
5218,0.0
5219,0.0
5220,0.0
5221,0.0
5222,0.0
5223,0.0
5224,0.0
5225,0.0
5226,0.0
5227,0.0
5228,0.0
5229,0.0
5230,0.0
5231,0.0
5232,0.0
5233,0.0
5234,0.0
5235,0.0
5236,0.0
5237,0.0
5238,0.0
5239,0.0
5240,0.0
5241,0.0
5242,0.0
5243,0.0
5244,0.0
5245,0.0
5246,0.0
5247,0.0
5248,0.0
5249,0.0
5250,0.0
5251,0.0
5252,0.0
5253,0.0
5254,0.0
5255,0.0
5256,0.0
5257,0.0
5258,0.0
5259,0.0
5260,0.0
5261,0.0
5262,0.0
5263,0.0
5264,0.0
5265,0.0
5266,0.0
5267,0.0
5268,0.0
5269,0.0
5270,0.0
5271,0.0
5272,0.0
5273,0.0
5274,0.0
5275,0.0
5276,0.0
5277,0.0
5278,0.0
5279,0.0
5280,0.0
5281,0.0
5282,0.0
5283,0.0
5284,0.0
5285,0.0
5286,0.0
5287,0.0
5288,0.0
5289,0.0
5290,0.0
5291,0.0
5292,0.0
5293,0.0
5294,0.0
5295,0.0
5296,0.0
5297,0.0
5298,0.0
5299,0.0
5300,0.0
5301,0.0
5302,0.0
5303,0.0
5304,0.0
5305,0.0
5306,0.0
5307,0.0
5308,0.0
5309,0.0
5310,0.0
5311,0.0
5312,0.0
5313,0.0
5314,0.0
5315,0.0
5316,0.0
5317,0.0
5318,0.0
5319,0.0
5320,0.0
5321,0.0
5322,0.0
5323,0.0
5324,0.0
5325,0.0
5326,0.0
5327,0.0
5328,0.0
5329,0.0
5330,0.0
5331,0.0
5332,0.0
5333,0.0
5334,0.0
5335,0.0
5336,0.0
5337,0.0
5338,0.0
5339,0.0
5340,0.0
5341,0.0
5342,0.0
5343,0.0
5344,0.0
5345,0.0
5346,0.0
5347,0.0
5348,0.0
5349,0.0
5350,0.0
5351,0.0
5352,0.0
5353,0.0
5354,0.0
5355,0.0
5356,0.0
5357,0.0
5358,0.0
5359,0.0
5360,0.0
5361,0.0
5362,0.0
5363,0.0
5364,0.0
5365,0.0
5366,0.0
5367,0.0
5368,0.0
5369,0.0
5370,0.0
5371,0.0
5372,0.0
5373,0.0
5374,0.0
5375,0.0
5376,0.0
5377,0.0
5378,0.0
5379,0.0
5380,0.0
5381,0.0
5382,0.0
5383,0.0
5384,0.0
5385,0.0
5386,0.0
5387,0.0
5388,0.0
5389,0.0
5390,0.0
5391,0.0
5392,0.0
5393,0.0
5394,0.0
5395,0.0
5396,0.0
5397,0.0
5398,0.0
5399,0.0
5400,0.0
5401,0.0
5402,0.0
5403,0.0
5404,0.0
5405,0.0
5406,0.0
5407,0.0
5408,0.0
5409,0.0
5410,0.0
5411,0.0
5412,0.0
5413,0.0
5414,0.0
5415,0.0
5416,0.0
5417,0.0
5418,0.0
5419,0.0
5420,0.0
5421,0.0
5422,0.0
5423,0.0
5424,0.0
5425,0.0
5426,0.0
5427,0.0
5428,0.0
5429,0.0
5430,0.0
5431,0.0
5432,0.0
5433,0.0
5434,0.0
5435,0.0
5436,0.0
5437,0.0
5438,0.0
5439,0.0
5440,0.0
5441,0.0
5442,0.0
5443,0.0
5444,0.0
5445,0.0
5446,0.0
5447,0.0
5448,0.0
5449,0.0
5450,0.0
5451,0.0
5452,0.0
5453,0.0
5454,0.0
5455,0.0
5456,0.0
5457,0.0
5458,0.0
5459,0.0
5460,0.0
5461,0.0
5462,0.0
5463,0.0
5464,0.0
5465,0.0
5466,0.0
5467,0.0
5468,0.0
5469,0.0
5470,0.0
5471,0.0
5472,0.0
5473,0.0
5474,0.0
5475,0.0
5476,0.0
5477,0.0
5478,0.0
5479,0.0
5480,0.0
5481,0.0
5482,0.0
5483,0.0
5484,0.0
5485,0.0
5486,0.0
5487,0.0
5488,0.0
5489,0.0
5490,0.0
5491,0.0
5492,0.0
5493,0.0
5494,0.0
5495,0.0
5496,0.0
5497,0.0
5498,0.0
5499,0.0
5500,0.0
5501,0.0
5502,0.0
5503,0.0
5504,0.0
5505,0.0
5506,0.0
5507,0.0
5508,0.0
5509,0.0
5510,0.0
5511,0.0
5512,0.0
5513,0.0
5514,0.0
5515,0.0
5516,0.0
5517,0.0
5518,0.0
5519,0.0
5520,0.0
5521,0.0
5522,0.0
5523,0.0
5524,0.0
5525,0.0
5526,0.0
5527,0.0
5528,0.0
5529,0.0
5530,0.0
5531,0.0
5532,0.0
5533,0.0
5534,0.0
5535,0.0
5536,0.0
5537,0.0
5538,0.0
5539,0.0
5540,0.0
5541,0.0
5542,0.0
5543,0.0
5544,0.0
5545,0.0
5546,0.0
5547,0.0
5548,0.0
5549,0.0
5550,0.0
5551,0.0
5552,0.0
5553,0.0
5554,0.0
5555,0.0
5556,0.0
5557,0.0
5558,0.0
5559,0.0
5560,0.0
5561,0.0
5562,0.0
5563,0.0
5564,0.0
5565,0.0
5566,0.0
5567,0.0
5568,0.0
5569,0.0
5570,0.0
5571,0.0
5572,0.0
5573,0.0
5574,0.0
5575,0.0
5576,0.0
5577,0.0
5578,0.0
5579,0.0
5580,0.0
5581,0.0
5582,0.0
5583,0.0
5584,0.0
5585,0.0
5586,0.0
5587,0.0
5588,0.0
5589,0.0
5590,0.0
5591,0.0
5592,0.0
5593,0.0
5594,0.0
5595,0.0
5596,0.0
5597,0.0
5598,0.0
5599,0.0
5600,0.0
5601,0.0
5602,0.0
5603,0.0
5604,0.0
5605,0.0
5606,0.0
5607,0.0
5608,0.0
5609,0.0
5610,0.0
5611,0.0
5612,0.0
5613,0.0
5614,0.0
5615,0.0
5616,0.0
5617,0.0
5618,0.0
5619,0.0
5620,0.0
5621,0.0
5622,0.0
5623,0.0
5624,0.0
5625,0.0
5626,0.0
5627,0.0
5628,0.0
5629,0.0
5630,0.0
5631,0.0
5632,0.0
5633,0.0
5634,0.0
5635,0.0
5636,0.0
5637,0.0
5638,0.0
5639,0.0
5640,0.0
5641,0.0
5642,0.0
5643,0.0
5644,0.0
5645,0.0
5646,0.0
5647,0.0
5648,0.0
5649,0.0
5650,0.0
5651,0.0
5652,0.0
5653,0.0
5654,0.0
5655,0.0
5656,0.0
5657,0.0
5658,0.0
5659,0.0
5660,0.0
5661,0.0
5662,0.0
5663,0.0
5664,0.0
5665,0.0
5666,0.0
5667,0.0
5668,0.0
5669,0.0
5670,0.0
5671,0.0
5672,0.0
5673,0.0
5674,0.0
5675,0.0
5676,0.0
5677,0.0
5678,0.0
5679,0.0
5680,0.0
5681,0.0
5682,0.0
5683,0.0
5684,0.0
5685,0.0
5686,0.0
5687,0.0
5688,0.0
5689,0.0
5690,0.0
5691,0.0
5692,0.0
5693,0.0
5694,0.0
5695,0.0
5696,0.0
5697,0.0
5698,0.0
5699,0.0
5700,0.0
5701,0.0
5702,0.0
5703,0.0
5704,0.0
5705,0.0
5706,0.0
5707,0.0
5708,0.0
5709,0.0
5710,0.0
5711,0.0
5712,0.0
5713,0.0
5714,0.0
5715,0.0
5716,0.0
5717,0.0
5718,0.0
5719,0.0
5720,0.0
5721,0.0
5722,0.0
5723,0.0
5724,0.0
5725,0.0
5726,0.0
5727,0.0
5728,0.0
5729,0.0
5730,0.0
5731,0.0
5732,0.0
5733,0.0
5734,0.0
5735,0.0
5736,0.0
5737,0.0
5738,0.0
5739,0.0
5740,0.0
5741,0.0
5742,0.0
5743,0.0
5744,0.0
5745,0.0
5746,0.0
5747,0.0
5748,0.0
5749,0.0
5750,0.0
5751,0.0
5752,0.0
5753,0.0
5754,0.0
5755,0.0
5756,0.0
5757,0.0
5758,0.0
5759,0.0
5760,0.0
5761,0.0
5762,0.0
5763,0.0
5764,0.0
5765,0.0
5766,0.0
5767,0.0
5768,0.0
5769,0.0
5770,0.0
5771,0.0
5772,0.0
5773,0.0
5774,0.0
5775,0.0
5776,0.0
5777,0.0
5778,0.0
5779,0.0
5780,0.0
5781,0.0
5782,0.0
5783,0.0
5784,0.0
5785,0.0
5786,0.0
5787,0.0
5788,0.0
5789,0.0
5790,0.0
5791,0.0
5792,0.0
5793,0.0
5794,0.0
5795,0.0
5796,0.0
5797,0.0
5798,0.0
5799,0.0
5800,0.0
5801,0.0
5802,0.0
5803,0.0
5804,0.0
5805,0.0
5806,0.0
5807,0.0
5808,0.0
5809,0.0
5810,0.0
5811,0.0
5812,0.0
5813,0.0
5814,0.0
5815,0.0
5816,0.0
5817,0.0
5818,0.0
5819,0.0
5820,0.0
5821,0.0
5822,0.0
5823,0.0
5824,0.0
5825,0.0
5826,0.0
5827,0.0
5828,0.0
5829,0.0
5830,0.0
5831,0.0
5832,0.0
5833,0.0
5834,0.0
5835,0.0
5836,0.0
5837,0.0
5838,0.0
5839,0.0
5840,0.0
5841,0.0
5842,0.0
5843,0.0
5844,0.0
5845,0.0
5846,0.0
5847,0.0
5848,0.0
5849,0.0
5850,0.0
5851,0.0
5852,0.0
5853,0.0
5854,0.0
5855,0.0
5856,0.0
5857,0.0
5858,0.0
5859,0.0
5860,0.0
5861,0.0
5862,0.0
5863,0.0
5864,0.0
5865,0.0
5866,0.0
5867,0.0
5868,0.0
5869,0.0
5870,0.0
5871,0.0
5872,0.0
5873,0.0
5874,0.0
5875,0.0
5876,0.0
5877,0.0
5878,0.0
5879,0.0
5880,0.0
5881,0.0
5882,0.0
5883,0.0
5884,0.0
5885,0.0
5886,0.0
5887,0.0
5888,0.0
5889,0.0
5890,0.0
5891,0.0
5892,0.0
5893,0.0
5894,0.0
5895,0.0
5896,0.0
5897,0.0
5898,0.0
5899,0.0
5900,0.0
5901,0.0
5902,0.0
5903,0.0
5904,0.0
5905,0.0
5906,0.0
5907,0.0
5908,0.0
5909,0.0
5910,0.0
5911,0.0
5912,0.0
5913,0.0
5914,0.0
5915,0.0
5916,0.0
5917,0.0
5918,0.0
5919,0.0
5920,0.0
5921,0.0
5922,0.0
5923,0.0
5924,0.0
5925,0.0
5926,0.0
5927,0.0
5928,0.0
5929,0.0
5930,0.0
5931,0.0
5932,0.0
5933,0.0
5934,0.0
5935,0.0
5936,0.0
5937,0.0
5938,0.0
5939,0.0
5940,0.0
5941,0.0
5942,0.0
5943,0.0
5944,0.0
5945,0.0
5946,0.0
5947,0.0
5948,0.0
5949,0.0
5950,0.0
5951,0.0
5952,0.0
5953,0.0
5954,0.0
5955,0.0
5956,0.0
5957,0.0
5958,0.0
5959,0.0
5960,0.0
5961,0.0
5962,0.0
5963,0.0
5964,0.0
5965,0.0
5966,0.0
5967,0.0
5968,0.0
5969,0.0
5970,0.0
5971,0.0
5972,0.0
5973,0.0
5974,0.0
5975,0.0
5976,0.0
5977,0.0
5978,0.0
5979,0.0
5980,0.0
5981,0.0
5982,0.0
5983,0.0
5984,0.0
5985,0.0
5986,0.0
5987,0.0
5988,0.0
5989,0.0
5990,0.0
5991,0.0
5992,0.0
5993,0.0
5994,0.0
5995,0.0
5996,0.0
5997,0.0
5998,0.0
5999,0.0
6000,0.0
6001,0.0
6002,0.0
6003,0.0
6004,0.0
6005,0.0
6006,0.0
6007,0.0
6008,0.0
6009,0.0
6010,0.0
6011,0.0
6012,0.0
6013,0.0
6014,0.0
6015,0.0
6016,0.0
6017,0.0
6018,0.0
6019,0.0
6020,0.0
6021,0.0
6022,0.0
6023,0.0
6024,0.0
6025,0.0
6026,0.0
6027,0.0
6028,0.0
6029,0.0
6030,0.0
6031,0.0
6032,0.0
6033,0.0
6034,0.0
6035,0.0
6036,0.0
6037,0.0
6038,0.0
6039,0.0
6040,0.0
6041,0.0
6042,0.0
6043,0.0
6044,0.0
6045,0.0
6046,0.0
6047,0.0
6048,0.0
6049,0.0
6050,0.0
6051,0.0
6052,0.0
6053,0.0
6054,0.0
6055,0.0
6056,0.0
6057,0.0
6058,0.0
6059,0.0
6060,0.0
6061,0.0
6062,0.0
6063,0.0
6064,0.0
6065,0.0
6066,0.0
6067,0.0
6068,0.0
6069,0.0
6070,0.0
6071,0.0
6072,0.0
6073,0.0
6074,0.0
6075,0.0
6076,0.0
6077,0.0
6078,0.0
6079,0.0
6080,0.0
6081,0.0
6082,0.0
6083,0.0
6084,0.0
6085,0.0
6086,0.0
6087,0.0
6088,0.0
6089,0.0
6090,0.0
6091,0.0
6092,0.0
6093,0.0
6094,0.0
6095,0.0
6096,0.0
6097,0.0
6098,0.0
6099,0.0
6100,0.0
6101,0.0
6102,0.0
6103,0.0
6104,0.0
6105,0.0
6106,0.0
6107,0.0
6108,0.0
6109,0.0
6110,0.0
6111,0.0
6112,0.0
6113,0.0
6114,0.0
6115,0.0
6116,0.0
6117,0.0
6118,0.0
6119,0.0
6120,0.0
6121,0.0
6122,0.0
6123,0.0
6124,0.0
6125,0.0
6126,0.0
6127,0.0
6128,0.0
6129,0.0
6130,0.0
6131,0.0
6132,0.0
6133,0.0
6134,0.0
6135,0.0
6136,0.0
6137,0.0
6138,0.0
6139,0.0
6140,0.0
6141,0.0
6142,0.0
6143,0.0
6144,0.0
6145,0.0
6146,0.0
6147,0.0
6148,0.0
6149,0.0
6150,0.0
6151,0.0
6152,0.0
6153,0.0
6154,0.0
6155,0.0
6156,0.0
6157,0.0
6158,0.0
6159,0.0
6160,0.0
6161,0.0
6162,0.0
6163,0.0
6164,0.0
6165,0.0
6166,0.0
6167,0.0
6168,0.0
6169,0.0
6170,0.0
6171,0.0
6172,0.0
6173,0.0
6174,0.0
6175,0.0
6176,0.0
6177,0.0
6178,0.0
6179,0.0
6180,0.0
6181,0.0
6182,0.0
6183,0.0
6184,0.0
6185,0.0
6186,0.0
6187,0.0
6188,0.0
6189,0.0
6190,0.0
6191,0.0
6192,0.0
6193,0.0
6194,0.0
6195,0.0
6196,0.0
6197,0.0
6198,0.0
6199,0.0
6200,0.0
6201,0.0
6202,0.0
6203,0.0
6204,0.0
6205,0.0
6206,0.0
6207,0.0
6208,0.0
6209,0.0
6210,0.0
6211,0.0
6212,0.0
6213,0.0
6214,0.0
6215,0.0
6216,0.0
6217,0.0
6218,0.0
6219,0.0
6220,0.0
6221,0.0
6222,0.0
6223,0.0
6224,0.0
6225,0.0
6226,0.0
6227,0.0
6228,0.0
6229,0.0
6230,0.0
6231,0.0
6232,0.0
6233,0.0
6234,0.0
6235,0.0
6236,0.0
6237,0.0
6238,0.0
6239,0.0
6240,0.0
6241,0.0
6242,0.0
6243,0.0
6244,0.0
6245,0.0
6246,0.0
6247,0.0
6248,0.0
6249,0.0
6250,0.0
6251,0.0
6252,0.0
6253,0.0
6254,0.0
6255,0.0
6256,0.0
6257,0.0
6258,0.0
6259,0.0
6260,0.0
6261,0.0
6262,0.0
6263,0.0
6264,0.0
6265,0.0
6266,0.0
6267,0.0
6268,0.0
6269,0.0
6270,0.0
6271,0.0
6272,0.0
6273,0.0
6274,0.0
6275,0.0
6276,0.0
6277,0.0
6278,0.0
6279,0.0
6280,0.0
6281,0.0
6282,0.0
6283,0.0
6284,0.0
6285,0.0
6286,0.0
6287,0.0
6288,0.0
6289,0.0
6290,0.0
6291,0.0
6292,0.0
6293,0.0
6294,0.0
6295,0.0
6296,0.0
6297,0.0
6298,0.0
6299,0.0
6300,0.0
6301,0.0
6302,0.0
6303,0.0
6304,0.0
6305,0.0
6306,0.0
6307,0.0
6308,0.0
6309,0.0
6310,0.0
6311,0.0
6312,0.0
6313,0.0
6314,0.0
6315,0.0
6316,0.0
6317,0.0
6318,0.0
6319,0.0
6320,0.0
6321,0.0
6322,0.0
6323,0.0
6324,0.0
6325,0.0
6326,0.0
6327,0.0
6328,0.0
6329,0.0
6330,0.0
6331,0.0
6332,0.0
6333,0.0
6334,0.0
6335,0.0
6336,0.0
6337,0.0
6338,0.0
6339,0.0
6340,0.0
6341,0.0
6342,0.0
6343,0.0
6344,0.0
6345,0.0
6346,0.0
6347,0.0
6348,0.0
6349,0.0
6350,0.0
6351,0.0
6352,0.0
6353,0.0
6354,0.0
6355,0.0
6356,0.0
6357,0.0
6358,0.0
6359,0.0
6360,0.0
6361,0.0
6362,0.0
6363,0.0
6364,0.0
6365,0.0
6366,0.0
6367,0.0
6368,0.0
6369,0.0
6370,0.0
6371,0.0
6372,0.0
6373,0.0
6374,0.0
6375,0.0
6376,0.0
6377,0.0
6378,0.0
6379,0.0
6380,0.0
6381,0.0
6382,0.0
6383,0.0
6384,0.0
6385,0.0
6386,0.0
6387,0.0
6388,0.0
6389,0.0
6390,0.0
6391,0.0
6392,0.0
6393,0.0
6394,0.0
6395,0.0
6396,0.0
6397,0.0
6398,0.0
6399,0.0
6400,0.0
6401,0.0
6402,0.0
6403,0.0
6404,0.0
6405,0.0
6406,0.0
6407,0.0
6408,0.0
6409,0.0
6410,0.0
6411,0.0
6412,0.0
6413,0.0
6414,0.0
6415,0.0
6416,0.0
6417,0.0
6418,0.0
6419,0.0
6420,0.0
6421,0.0
6422,0.0
6423,0.0
6424,0.0
6425,0.0
6426,0.0
6427,0.0
6428,0.0
6429,0.0
6430,0.0
6431,0.0
6432,0.0
6433,0.0
6434,0.0
6435,0.0
6436,0.0
6437,0.0
6438,0.0
6439,0.0
6440,0.0
6441,0.0
6442,0.0
6443,0.0
6444,0.0
6445,0.0
6446,0.0
6447,0.0
6448,0.0
6449,0.0
6450,0.0
6451,0.0
6452,0.0
6453,0.0
6454,0.0
6455,0.0
6456,0.0
6457,0.0
6458,0.0
6459,0.0
6460,0.0
6461,0.0
6462,0.0
6463,0.0
6464,0.0
6465,0.0
6466,0.0
6467,0.0
6468,0.0
6469,0.0
6470,0.0
6471,0.0
6472,0.0
6473,0.0
6474,0.0
6475,0.0
6476,0.0
6477,0.0
6478,0.0
6479,0.0
6480,0.0
6481,0.0
6482,0.0
6483,0.0
6484,0.0
6485,0.0
6486,0.0
6487,0.0
6488,0.0
6489,0.0
6490,0.0
6491,0.0
6492,0.0
6493,0.0
6494,0.0
6495,0.0
6496,0.0
6497,0.0
6498,0.0
6499,0.0
6500,0.0
6501,0.0
6502,0.0
6503,0.0
6504,0.0
6505,0.0
6506,0.0
6507,0.0
6508,0.0
6509,0.0
6510,0.0
6511,0.0
6512,0.0
6513,0.0
6514,0.0
6515,0.0
6516,0.0
6517,0.0
6518,0.0
6519,0.0
6520,0.0
6521,0.0
6522,0.0
6523,0.0
6524,0.0
6525,0.0
6526,0.0
6527,0.0
6528,0.0
6529,0.0
6530,0.0
6531,0.0
6532,0.0
6533,0.0
6534,0.0
6535,0.0
6536,0.0
6537,0.0
6538,0.0
6539,0.0
6540,0.0
6541,0.0
6542,0.0
6543,0.0
6544,0.0
6545,0.0
6546,0.0
6547,0.0
6548,0.0
6549,0.0
6550,0.0
6551,0.0
6552,0.0
6553,0.0
6554,0.0
6555,0.0
6556,0.0
6557,0.0
6558,0.0
6559,0.0
6560,0.0
6561,0.0
6562,0.0
6563,0.0
6564,0.0
6565,0.0
6566,0.0
6567,0.0
6568,0.0
6569,0.0
6570,0.0
6571,0.0
6572,0.0
6573,0.0
6574,0.0
6575,0.0
6576,0.0
6577,0.0
6578,0.0
6579,0.0
6580,0.0
6581,0.0
6582,0.0
6583,0.0
6584,0.0
6585,0.0
6586,0.0
6587,0.0
6588,0.0
6589,0.0
6590,0.0
6591,0.0
6592,0.0
6593,0.0
6594,0.0
6595,0.0
6596,0.0
6597,0.0
6598,0.0
6599,0.0
6600,0.0
6601,0.0
6602,0.0
6603,0.0
6604,0.0
6605,0.0
6606,0.0
6607,0.0
6608,0.0
6609,0.0
6610,0.0
6611,0.0
6612,0.0
6613,0.0
6614,0.0
6615,0.0
6616,0.0
6617,0.0
6618,0.0
6619,0.0
6620,0.0
6621,0.0
6622,0.0
6623,0.0
6624,0.0
6625,0.0
6626,0.0
6627,0.0
6628,0.0
6629,0.0
6630,0.0
6631,0.0
6632,0.0
6633,0.0
6634,0.0
6635,0.0
6636,0.0
6637,0.0
6638,0.0
6639,0.0
6640,0.0
6641,0.0
6642,0.0
6643,0.0
6644,0.0
6645,0.0
6646,0.0
6647,0.0
6648,0.0
6649,0.0
6650,0.0
6651,0.0
6652,0.0
6653,0.0
6654,0.0
6655,0.0
6656,0.0
6657,0.0
6658,0.0
6659,0.0
6660,0.0
6661,0.0
6662,0.0
6663,0.0
6664,0.0
6665,0.0
6666,0.0
6667,0.0
6668,0.0
6669,0.0
6670,0.0
6671,0.0
6672,0.0
6673,0.0
6674,0.0
6675,0.0
6676,0.0
6677,0.0
6678,0.0
6679,0.0
6680,0.0
6681,0.0
6682,0.0
6683,0.0
6684,0.0
6685,0.0
6686,0.0
6687,0.0
6688,0.0
6689,0.0
6690,0.0
6691,0.0
6692,0.0
6693,0.0
6694,0.0
6695,0.0
6696,0.0
6697,0.0
6698,0.0
6699,0.0
6700,0.0
6701,0.0
6702,0.0
6703,0.0
6704,0.0
6705,0.0
6706,0.0
6707,0.0
6708,0.0
6709,0.0
6710,0.0
6711,0.0
6712,0.0
6713,0.0
6714,0.0
6715,0.0
6716,0.0
6717,0.0
6718,0.0
6719,0.0
6720,0.0
6721,0.0
6722,0.0
6723,0.0
6724,0.0
6725,0.0
6726,0.0
6727,0.0
6728,0.0
6729,0.0
6730,0.0
6731,0.0
6732,0.0
6733,0.0
6734,0.0
6735,0.0
6736,0.0
6737,0.0
6738,0.0
6739,0.0
6740,0.0
6741,0.0
6742,0.0
6743,0.0
6744,0.0
6745,0.0
6746,0.0
6747,0.0
6748,0.0
6749,0.0
6750,0.0
6751,0.0
6752,0.0
6753,0.0
6754,0.0
6755,0.0
6756,0.0
6757,0.0
6758,0.0
6759,0.0
6760,0.0
6761,0.0
6762,0.0
6763,0.0
6764,0.0
6765,0.0
6766,0.0
6767,0.0
6768,0.0
6769,0.0
6770,0.0
6771,0.0
6772,0.0
6773,0.0
6774,0.0
6775,0.0
6776,0.0
6777,0.0
6778,0.0
6779,0.0
6780,0.0
6781,0.0
6782,0.0
6783,0.0
6784,0.0
6785,0.0
6786,0.0
6787,0.0
6788,0.0
6789,0.0
6790,0.0
6791,0.0
6792,0.0
6793,0.0
6794,0.0
6795,0.0
6796,0.0
6797,0.0
6798,0.0
6799,0.0
6800,0.0
6801,0.0
6802,0.0
6803,0.0
6804,0.0
6805,0.0
6806,0.0
6807,0.0
6808,0.0
6809,0.0
6810,0.0
6811,0.0
6812,0.0
6813,0.0
6814,0.0
6815,0.0
6816,0.0
6817,0.0
6818,0.0
6819,0.0
6820,0.0
6821,0.0
6822,0.0
6823,0.0
6824,0.0
6825,0.0
6826,0.0
6827,0.0
6828,0.0
6829,0.0
6830,0.0
6831,0.0
6832,0.0
6833,0.0
6834,0.0
6835,0.0
6836,0.0
6837,0.0
6838,0.0
6839,0.0
6840,0.0
6841,0.0
6842,0.0
6843,0.0
6844,0.0
6845,0.0
6846,0.0
6847,0.0
6848,0.0
6849,0.0
6850,0.0
6851,0.0
6852,0.0
6853,0.0
6854,0.0
6855,0.0
6856,0.0
6857,0.0
6858,0.0
6859,0.0
6860,0.0
6861,0.0
6862,0.0
6863,0.0
6864,0.0
6865,0.0
6866,0.0
6867,0.0
6868,0.0
6869,0.0
6870,0.0
6871,0.0
6872,0.0
6873,0.0
6874,0.0
6875,0.0
6876,0.0
6877,0.0
6878,0.0
6879,0.0
6880,0.0
6881,0.0
6882,0.0
6883,0.0
6884,0.0
6885,0.0
6886,0.0
6887,0.0
6888,0.0
6889,0.0
6890,0.0
6891,0.0
6892,0.0
6893,0.0
6894,0.0
6895,0.0
6896,0.0
6897,0.0
6898,0.0
6899,0.0
6900,0.0
6901,0.0
6902,0.0
6903,0.0
6904,0.0
6905,0.0
6906,0.0
6907,0.0
6908,0.0
6909,0.0
6910,0.0
6911,0.0
6912,0.0
6913,0.0
6914,0.0
6915,0.0
6916,0.0
6917,0.0
6918,0.0
6919,0.0
6920,0.0
6921,0.0
6922,0.0
6923,0.0
6924,0.0
6925,0.0
6926,0.0
6927,0.0
6928,0.0
6929,0.0
6930,0.0
6931,0.0
6932,0.0
6933,0.0
6934,0.0
6935,0.0
6936,0.0
6937,0.0
6938,0.0
6939,0.0
6940,0.0
6941,0.0
6942,0.0
6943,0.0
6944,0.0
6945,0.0
6946,0.0
6947,0.0
6948,0.0
6949,0.0
6950,0.0
6951,0.0
6952,0.0
6953,0.0
6954,0.0
6955,0.0
6956,0.0
6957,0.0
6958,0.0
6959,0.0
6960,0.0
6961,0.0
6962,0.0
6963,0.0
6964,0.0
6965,0.0
6966,0.0
6967,0.0
6968,0.0
6969,0.0
6970,0.0
6971,0.0
6972,0.0
6973,0.0
6974,0.0
6975,0.0
6976,0.0
6977,0.0
6978,0.0
6979,0.0
6980,0.0
6981,0.0
6982,0.0
6983,0.0
6984,0.0
6985,0.0
6986,0.0
6987,0.0
6988,0.0
6989,0.0
6990,0.0
6991,0.0
6992,0.0
6993,0.0
6994,0.0
6995,0.0
6996,0.0
6997,0.0
6998,0.0
6999,0.0
7000,0.0
7001,0.0
7002,0.0
7003,0.0
7004,0.0
7005,0.0
7006,0.0
7007,0.0
7008,0.0
7009,0.0
7010,0.0
7011,0.0
7012,0.0
7013,0.0
7014,0.0
7015,0.0
7016,0.0
7017,0.0
7018,0.0
7019,0.0
7020,0.0
7021,0.0
7022,0.0
7023,0.0
7024,0.0
7025,0.0
7026,0.0
7027,0.0
7028,0.0
7029,0.0
7030,0.0
7031,0.0
7032,0.0
7033,0.0
7034,0.0
7035,0.0
7036,0.0
7037,0.0
7038,0.0
7039,0.0
7040,0.0
7041,0.0
7042,0.0
7043,0.0
7044,0.0
7045,0.0
7046,0.0
7047,0.0
7048,0.0
7049,0.0
7050,0.0
7051,0.0
7052,0.0
7053,0.0
7054,0.0
7055,0.0
7056,0.0
7057,0.0
7058,0.0
7059,0.0
7060,0.0
7061,0.0
7062,0.0
7063,0.0
7064,0.0
7065,0.0
7066,0.0
7067,0.0
7068,0.0
7069,0.0
7070,0.0
7071,0.0
7072,0.0
7073,0.0
7074,0.0
7075,0.0
7076,0.0
7077,0.0
7078,0.0
7079,0.0
7080,0.0
7081,0.0
7082,0.0
7083,0.0
7084,0.0
7085,0.0
7086,0.0
7087,0.0
7088,0.0
7089,0.0
7090,0.0
7091,0.0
7092,0.0
7093,0.0
7094,0.0
7095,0.0
7096,0.0
7097,0.0
7098,0.0
7099,0.0
7100,0.0
7101,0.0
7102,0.0
7103,0.0
7104,0.0
7105,0.0
7106,0.0
7107,0.0
7108,0.0
7109,0.0
7110,0.0
7111,0.0
7112,0.0
7113,0.0
7114,0.0
7115,0.0
7116,0.0
7117,0.0
7118,0.0
7119,0.0
7120,0.0
7121,0.0
7122,0.0
7123,0.0
7124,0.0
7125,0.0
7126,0.0
7127,0.0
7128,0.0
7129,0.0
7130,0.0
7131,0.0
7132,0.0
7133,0.0
7134,0.0
7135,0.0
7136,0.0
7137,0.0
7138,0.0
7139,0.0
7140,0.0
7141,0.0
7142,0.0
7143,0.0
7144,0.0
7145,0.0
7146,0.0
7147,0.0
7148,0.0
7149,0.0
7150,0.0
7151,0.0
7152,0.0
7153,0.0
7154,0.0
7155,0.0
7156,0.0
7157,0.0
7158,0.0
7159,0.0
7160,0.0
7161,0.0
7162,0.0
7163,0.0
7164,0.0
7165,0.0
7166,0.0
7167,0.0
7168,0.0
7169,0.0
7170,0.0
7171,0.0
7172,0.0
7173,0.0
7174,0.0
7175,0.0
7176,0.0
7177,0.0
7178,0.0
7179,0.0
7180,0.0
7181,0.0
7182,0.0
7183,0.0
7184,0.0
7185,0.0
7186,0.0
7187,0.0
7188,0.0
7189,0.0
7190,0.0
7191,0.0
7192,0.0
7193,0.0
7194,0.0
7195,0.0
7196,0.0
7197,0.0
7198,0.0
7199,0.0
7200,0.0
7201,0.0
7202,0.0
7203,0.0
7204,0.0
7205,0.0
7206,0.0
7207,0.0
7208,0.0
7209,0.0
7210,0.0
7211,0.0
7212,0.0
7213,0.0
7214,0.0
7215,0.0
7216,0.0
7217,0.0
7218,0.0
7219,0.0
7220,0.0
7221,0.0
7222,0.0
7223,0.0
7224,0.0
7225,0.0
7226,0.0
7227,0.0
7228,0.0
7229,0.0
7230,0.0
7231,0.0
7232,0.0
7233,0.0
7234,0.0
7235,0.0
7236,0.0
7237,0.0
7238,0.0
7239,0.0
7240,0.0
7241,0.0
7242,0.0
7243,0.0
7244,0.0
7245,0.0
7246,0.0
7247,0.0
7248,0.0
7249,0.0
7250,0.0
7251,0.0
7252,0.0
7253,0.0
7254,0.0
7255,0.0
7256,0.0
7257,0.0
7258,0.0
7259,0.0
7260,0.0
7261,0.0
7262,0.0
7263,0.0
7264,0.0
7265,0.0
7266,0.0
7267,0.0
7268,0.0
7269,0.0
7270,0.0
7271,0.0
7272,0.0
7273,0.0
7274,0.0
7275,0.0
7276,0.0
7277,0.0
7278,0.0
7279,0.0
7280,0.0
7281,0.0
7282,0.0
7283,0.0
7284,0.0
7285,0.0
7286,0.0
7287,0.0
7288,0.0
7289,0.0
7290,0.0
7291,0.0
7292,0.0
7293,0.0
7294,0.0
7295,0.0
7296,0.0
7297,0.0
7298,0.0
7299,0.0
7300,0.0
7301,0.0
7302,0.0
7303,0.0
7304,0.0
7305,0.0
7306,0.0
7307,0.0
7308,0.0
7309,0.0
7310,0.0
7311,0.0
7312,0.0
7313,0.0
7314,0.0
7315,0.0
7316,0.0
7317,0.0
7318,0.0
7319,0.0
7320,0.0
7321,0.0
7322,0.0
7323,0.0
7324,0.0
7325,0.0
7326,0.0
7327,0.0
7328,0.0
7329,0.0
7330,0.0
7331,0.0
7332,0.0
7333,0.0
7334,0.0
7335,0.0
7336,0.0
7337,0.0
7338,0.0
7339,0.0
7340,0.0
7341,0.0
7342,0.0
7343,0.0
7344,0.0
7345,0.0
7346,0.0
7347,0.0
7348,0.0
7349,0.0
7350,0.0
7351,0.0
7352,0.0
7353,0.0
7354,0.0
7355,0.0
7356,0.0
7357,0.0
7358,0.0
7359,0.0
7360,0.0
7361,0.0
7362,0.0
7363,0.0
7364,0.0
7365,0.0
7366,0.0
7367,0.0
7368,0.0
7369,0.0
7370,0.0
7371,0.0
7372,0.0
7373,0.0
7374,0.0
7375,0.0
7376,0.0
7377,0.0
7378,0.0
7379,0.0
7380,0.0
7381,0.0
7382,0.0
7383,0.0
7384,0.0
7385,0.0
7386,0.0
7387,0.0
7388,0.0
7389,0.0
7390,0.0
7391,0.0
7392,0.0
7393,0.0
7394,0.0
7395,0.0
7396,0.0
7397,0.0
7398,0.0
7399,0.0
7400,0.0
7401,0.0
7402,0.0
7403,0.0
7404,0.0
7405,0.0
7406,0.0
7407,0.0
7408,0.0
7409,0.0
7410,0.0
7411,0.0
7412,0.0
7413,0.0
7414,0.0
7415,0.0
7416,0.0
7417,0.0
7418,0.0
7419,0.0
7420,0.0
7421,0.0
7422,0.0
7423,0.0
7424,0.0
7425,0.0
7426,0.0
7427,0.0
7428,0.0
7429,0.0
7430,0.0
7431,0.0
7432,0.0
7433,0.0
7434,0.0
7435,0.0
7436,0.0
7437,0.0
7438,0.0
7439,0.0
7440,0.0
7441,0.0
7442,0.0
7443,0.0
7444,0.0
7445,0.0
7446,0.0
7447,0.0
7448,0.0
7449,0.0
7450,0.0
7451,0.0
7452,0.0
7453,0.0
7454,0.0
7455,0.0
7456,0.0
7457,0.0
7458,0.0
7459,0.0
7460,0.0
7461,0.0
7462,0.0
7463,0.0
7464,0.0
7465,0.0
7466,0.0
7467,0.0
7468,0.0
7469,0.0
7470,0.0
7471,0.0
7472,0.0
7473,0.0
7474,0.0
7475,0.0
7476,0.0
7477,0.0
7478,0.0
7479,0.0
7480,0.0
7481,0.0
7482,0.0
7483,0.0
7484,0.0
7485,0.0
7486,0.0
7487,0.0
7488,0.0
7489,0.0
7490,0.0
7491,0.0
7492,0.0
7493,0.0
7494,0.0
7495,0.0
7496,0.0
7497,0.0
7498,0.0
7499,0.0
7500,0.0
7501,0.0
7502,0.0
7503,0.0
7504,0.0
7505,0.0
7506,0.0
7507,0.0
7508,0.0
7509,0.0
7510,0.0
7511,0.0
7512,0.0
7513,0.0
7514,0.0
7515,0.0
7516,0.0
7517,0.0
7518,0.0
7519,0.0
7520,0.0
7521,0.0
7522,0.0
7523,0.0
7524,0.0
7525,0.0
7526,0.0
7527,0.0
7528,0.0
7529,0.0
7530,0.0
7531,0.0
7532,0.0
7533,0.0
7534,0.0
7535,0.0
7536,0.0
7537,0.0
7538,0.0
7539,0.0
7540,0.0
7541,0.0
7542,0.0
7543,0.0
7544,0.0
7545,0.0
7546,0.0
7547,0.0
7548,0.0
7549,0.0
7550,0.0
7551,0.0
7552,0.0
7553,0.0
7554,0.0
7555,0.0
7556,0.0
7557,0.0
7558,0.0
7559,0.0
7560,0.0
7561,0.0
7562,0.0
7563,0.0
7564,0.0
7565,0.0
7566,0.0
7567,0.0
7568,0.0
7569,0.0
7570,0.0
7571,0.0
7572,0.0
7573,0.0
7574,0.0
7575,0.0
7576,0.0
7577,0.0
7578,0.0
7579,0.0
7580,0.0
7581,0.0
7582,0.0
7583,0.0
7584,0.0
7585,0.0
7586,0.0
7587,0.0
7588,0.0
7589,0.0
7590,0.0
7591,0.0
7592,0.0
7593,0.0
7594,0.0
7595,0.0
7596,0.0
7597,0.0
7598,0.0
7599,0.0
7600,0.0
7601,0.0
7602,0.0
7603,0.0
7604,0.0
7605,0.0
7606,0.0
7607,0.0
7608,0.0
7609,0.0
7610,0.0
7611,0.0
7612,0.0
7613,0.0
7614,0.0
7615,0.0
7616,0.0
7617,0.0
7618,0.0
7619,0.0
7620,0.0
7621,0.0
7622,0.0
7623,0.0
7624,0.0
7625,0.0
7626,0.0
7627,0.0
7628,0.0
7629,0.0
7630,0.0
7631,0.0
7632,0.0
7633,0.0
7634,0.0
7635,0.0
7636,0.0
7637,0.0
7638,0.0
7639,0.0
7640,0.0
7641,0.0
7642,0.0
7643,0.0
7644,0.0
7645,0.0
7646,0.0
7647,0.0
7648,0.0
7649,0.0
7650,0.0
7651,0.0
7652,0.0
7653,0.0
7654,0.0
7655,0.0
7656,0.0
7657,0.0
7658,0.0
7659,0.0
7660,0.0
7661,0.0
7662,0.0
7663,0.0
7664,0.0
7665,0.0
7666,0.0
7667,0.0
7668,0.0
7669,0.0
7670,0.0
7671,0.0
7672,0.0
7673,0.0
7674,0.0
7675,0.0
7676,0.0
7677,0.0
7678,0.0
7679,0.0
7680,0.0
7681,0.0
7682,0.0
7683,0.0
7684,0.0
7685,0.0
7686,0.0
7687,0.0
7688,0.0
7689,0.0
7690,0.0
7691,0.0
7692,0.0
7693,0.0
7694,0.0
7695,0.0
7696,0.0
7697,0.0
7698,0.0
7699,0.0
7700,0.0
7701,0.0
7702,0.0
7703,0.0
7704,0.0
7705,0.0
7706,0.0
7707,0.0
7708,0.0
7709,0.0
7710,0.0
7711,0.0
7712,0.0
7713,0.0
7714,0.0
7715,0.0
7716,0.0
7717,0.0
7718,0.0
7719,0.0
7720,0.0
7721,0.0
7722,0.0
7723,0.0
7724,0.0
7725,0.0
7726,0.0
7727,0.0
7728,0.0
7729,0.0
7730,0.0
7731,0.0
7732,0.0
7733,0.0
7734,0.0
7735,0.0
7736,0.0
7737,0.0
7738,0.0
7739,0.0
7740,0.0
7741,0.0
7742,0.0
7743,0.0
7744,0.0
7745,0.0
7746,0.0
7747,0.0
7748,0.0
7749,0.0
7750,0.0
7751,0.0
7752,0.0
7753,0.0
7754,0.0
7755,0.0
7756,0.0
7757,0.0
7758,0.0
7759,0.0
7760,0.0
7761,0.0
7762,0.0
7763,0.0
7764,0.0
7765,0.0
7766,0.0
7767,0.0
7768,0.0
7769,0.0
7770,0.0
7771,0.0
7772,0.0
7773,0.0
7774,0.0
7775,0.0
7776,0.0
7777,0.0
7778,0.0
7779,0.0
7780,0.0
7781,0.0
7782,0.0
7783,0.0
7784,0.0
7785,0.0
7786,0.0
7787,0.0
7788,0.0
7789,0.0
7790,0.0
7791,0.0
7792,0.0
7793,0.0
7794,0.0
7795,0.0
7796,0.0
7797,0.0
7798,0.0
7799,0.0
7800,0.0
7801,0.0
7802,0.0
7803,0.0
7804,0.0
7805,0.0
7806,0.0
7807,0.0
7808,0.0
7809,0.0
7810,0.0
7811,0.0
7812,0.0
7813,0.0
7814,0.0
7815,0.0
7816,0.0
7817,0.0
7818,0.0
7819,0.0
7820,0.0
7821,0.0
7822,0.0
7823,0.0
7824,0.0
7825,0.0
7826,0.0
7827,0.0
7828,0.0
7829,0.0
7830,0.0
7831,0.0
7832,0.0
7833,0.0
7834,0.0
7835,0.0
7836,0.0
7837,0.0
7838,0.0
7839,0.0
7840,0.0
7841,0.0
7842,0.0
7843,0.0
7844,0.0
7845,0.0
7846,0.0
7847,0.0
7848,0.0
7849,0.0
7850,0.0
7851,0.0
7852,0.0
7853,0.0
7854,0.0
7855,0.0
7856,0.0
7857,0.0
7858,0.0
7859,0.0
7860,0.0
7861,0.0
7862,0.0
7863,0.0
7864,0.0
7865,0.0
7866,0.0
7867,0.0
7868,0.0
7869,0.0
7870,0.0
7871,0.0
7872,0.0
7873,0.0
7874,0.0
7875,0.0
7876,0.0
7877,0.0
7878,0.0
7879,0.0
7880,0.0
7881,0.0
7882,0.0
7883,0.0
7884,0.0
7885,0.0
7886,0.0
7887,0.0
7888,0.0
7889,0.0
7890,0.0
7891,0.0
7892,0.0
7893,0.0
7894,0.0
7895,0.0
7896,0.0
7897,0.0
7898,0.0
7899,0.0
7900,0.0
7901,0.0
7902,0.0
7903,0.0
7904,0.0
7905,0.0
7906,0.0
7907,0.0
7908,0.0
7909,0.0
7910,0.0
7911,0.0
7912,0.0
7913,0.0
7914,0.0
7915,0.0
7916,0.0
7917,0.0
7918,0.0
7919,0.0
7920,0.0
7921,0.0
7922,0.0
7923,0.0
7924,0.0
7925,0.0
7926,0.0
7927,0.0
7928,0.0
7929,0.0
7930,0.0
7931,0.0
7932,0.0
7933,0.0
7934,0.0
7935,0.0
7936,0.0
7937,0.0
7938,0.0
7939,0.0
7940,0.0
7941,0.0
7942,0.0
7943,0.0
7944,0.0
7945,0.0
7946,0.0
7947,0.0
7948,0.0
7949,0.0
7950,0.0
7951,0.0
7952,0.0
7953,0.0
7954,0.0
7955,0.0
7956,0.0
7957,0.0
7958,0.0
7959,0.0
7960,0.0
7961,0.0
7962,0.0
7963,0.0
7964,0.0
7965,0.0
7966,0.0
7967,0.0
7968,0.0
7969,0.0
7970,0.0
7971,0.0
7972,0.0
7973,0.0
7974,0.0
7975,0.0
7976,0.0
7977,0.0
7978,0.0
7979,0.0
7980,0.0
7981,0.0
7982,0.0
7983,0.0
7984,0.0
7985,0.0
7986,0.0
7987,0.0
7988,0.0
7989,0.0
7990,0.0
7991,0.0
7992,0.0
7993,0.0
7994,0.0
7995,0.0
7996,0.0
7997,0.0
7998,0.0
7999,0.0
8000,0.0
8001,0.0
8002,0.0
8003,0.0
8004,0.0
8005,0.0
8006,0.0
8007,0.0
8008,0.0
8009,0.0
8010,0.0
8011,0.0
8012,0.0
8013,0.0
8014,0.0
8015,0.0
8016,0.0
8017,0.0
8018,0.0
8019,0.0
8020,0.0
8021,0.0
8022,0.0
8023,0.0
8024,0.0
8025,0.0
8026,0.0
8027,0.0
8028,0.0
8029,0.0
8030,0.0
8031,0.0
8032,0.0
8033,0.0
8034,0.0
8035,0.0
8036,0.0
8037,0.0
8038,0.0
8039,0.0
8040,0.0
8041,0.0
8042,0.0
8043,0.0
8044,0.0
8045,0.0
8046,0.0
8047,0.0
8048,0.0
8049,0.0
8050,0.0
8051,0.0
8052,0.0
8053,0.0
8054,0.0
8055,0.0
8056,0.0
8057,0.0
8058,0.0
8059,0.0
8060,0.0
8061,0.0
8062,0.0
8063,0.0
8064,0.0
8065,0.0
8066,0.0
8067,0.0
8068,0.0
8069,0.0
8070,0.0
8071,0.0
8072,0.0
8073,0.0
8074,0.0
8075,0.0
8076,0.0
8077,0.0
8078,0.0
8079,0.0
8080,0.0
8081,0.0
8082,0.0
8083,0.0
8084,0.0
8085,0.0
8086,0.0
8087,0.0
8088,0.0
8089,0.0
8090,0.0
8091,0.0
8092,0.0
8093,0.0
8094,0.0
8095,0.0
8096,0.0
8097,0.0
8098,0.0
8099,0.0
8100,0.0
8101,0.0
8102,0.0
8103,0.0
8104,0.0
8105,0.0
8106,0.0
8107,0.0
8108,0.0
8109,0.0
8110,0.0
8111,0.0
8112,0.0
8113,0.0
8114,0.0
8115,0.0
8116,0.0
8117,0.0
8118,0.0
8119,0.0
8120,0.0
8121,0.0
8122,0.0
8123,0.0
8124,0.0
8125,0.0
8126,0.0
8127,0.0
8128,0.0
8129,0.0
8130,0.0
8131,0.0
8132,0.0
8133,0.0
8134,0.0
8135,0.0
8136,0.0
8137,0.0
8138,0.0
8139,0.0
8140,0.0
8141,0.0
8142,0.0
8143,0.0
8144,0.0
8145,0.0
8146,0.0
8147,0.0
8148,0.0
8149,0.0
8150,0.0
8151,0.0
8152,0.0
8153,0.0
8154,0.0
8155,0.0
8156,0.0
8157,0.0
8158,0.0
8159,0.0
8160,0.0
8161,0.0
8162,0.0
8163,0.0
8164,0.0
8165,0.0
8166,0.0
8167,0.0
8168,0.0
8169,0.0
8170,0.0
8171,0.0
8172,0.0
8173,0.0
8174,0.0
8175,0.0
8176,0.0
8177,0.0
8178,0.0
8179,0.0
8180,0.0
8181,0.0
8182,0.0
8183,0.0
8184,0.0
8185,0.0
8186,0.0
8187,0.0
8188,0.0
8189,0.0
8190,0.0
8191,0.0
8192,0.0
8193,0.0
8194,0.0
8195,0.0
8196,0.0
8197,0.0
8198,0.0
8199,0.0
8200,0.0
8201,0.0
8202,0.0
8203,0.0
8204,0.0
8205,0.0
8206,0.0
8207,0.0
8208,0.0
8209,0.0
8210,0.0
8211,0.0
8212,0.0
8213,0.0
8214,0.0
8215,0.0
8216,0.0
8217,0.0
8218,0.0
8219,0.0
8220,0.0
8221,0.0
8222,0.0
8223,0.0
8224,0.0
8225,0.0
8226,0.0
8227,0.0
8228,0.0
8229,0.0
8230,0.0
8231,0.0
8232,0.0
8233,0.0
8234,0.0
8235,0.0
8236,0.0
8237,0.0
8238,0.0
8239,0.0
8240,0.0
8241,0.0
8242,0.0
8243,0.0
8244,0.0
8245,0.0
8246,0.0
8247,0.0
8248,0.0
8249,0.0
8250,0.0
8251,0.0
8252,0.0
8253,0.0
8254,0.0
8255,0.0
8256,0.0
8257,0.0
8258,0.0
8259,0.0
8260,0.0
8261,0.0
8262,0.0
8263,0.0
8264,0.0
8265,0.0
8266,0.0
8267,0.0
8268,0.0
8269,0.0
8270,0.0
8271,0.0
8272,0.0
8273,0.0
8274,0.0
8275,0.0
8276,0.0
8277,0.0
8278,0.0
8279,0.0
8280,0.0
8281,0.0
8282,0.0
8283,0.0
8284,0.0
8285,0.0
8286,0.0
8287,0.0
8288,0.0
8289,0.0
8290,0.0
8291,0.0
8292,0.0
8293,0.0
8294,0.0
8295,0.0
8296,0.0
8297,0.0
8298,0.0
8299,0.0
8300,0.0
8301,0.0
8302,0.0
8303,0.0
8304,0.0
8305,0.0
8306,0.0
8307,0.0
8308,0.0
8309,0.0
8310,0.0
8311,0.0
8312,0.0
8313,0.0
8314,0.0
8315,0.0
8316,0.0
8317,0.0
8318,0.0
8319,0.0
8320,0.0
8321,0.0
8322,0.0
8323,0.0
8324,0.0
8325,0.0
8326,0.0
8327,0.0
8328,0.0
8329,0.0
8330,0.0
8331,0.0
8332,0.0
8333,0.0
8334,0.0
8335,0.0
8336,0.0
8337,0.0
8338,0.0
8339,0.0
8340,0.0
8341,0.0
8342,0.0
8343,0.0
8344,0.0
8345,0.0
8346,0.0
8347,0.0
8348,0.0
8349,0.0
8350,0.0
8351,0.0
8352,0.0
8353,0.0
8354,0.0
8355,0.0
8356,0.0
8357,0.0
8358,0.0
8359,0.0
8360,0.0
8361,0.0
8362,0.0
8363,0.0
8364,0.0
8365,0.0
8366,0.0
8367,0.0
8368,0.0
8369,0.0
8370,0.0
8371,0.0
8372,0.0
8373,0.0
8374,0.0
8375,0.0
8376,0.0
8377,0.0
8378,0.0
8379,0.0
8380,0.0
8381,0.0
8382,0.0
8383,0.0
8384,0.0
8385,0.0
8386,0.0
8387,0.0
8388,0.0
8389,0.0
8390,0.0
8391,0.0
8392,0.0
8393,0.0
8394,0.0
8395,0.0
8396,0.0
8397,0.0
8398,0.0
8399,0.0
8400,0.0
8401,0.0
8402,0.0
8403,0.0
8404,0.0
8405,0.0
8406,0.0
8407,0.0
8408,0.0
8409,0.0
8410,0.0
8411,0.0
8412,0.0
8413,0.0
8414,0.0
8415,0.0
8416,0.0
8417,0.0
8418,0.0
8419,0.0
8420,0.0
8421,0.0
8422,0.0
8423,0.0
8424,0.0
8425,0.0
8426,0.0
8427,0.0
8428,0.0
8429,0.0
8430,0.0
8431,0.0
8432,0.0
8433,0.0
8434,0.0
8435,0.0
8436,0.0
8437,0.0
8438,0.0
8439,0.0
8440,0.0
8441,0.0
8442,0.0
8443,0.0
8444,0.0
8445,0.0
8446,0.0
8447,0.0
8448,0.0
8449,0.0
8450,0.0
8451,0.0
8452,0.0
8453,0.0
8454,0.0
8455,0.0
8456,0.0
8457,0.0
8458,0.0
8459,0.0
8460,0.0
8461,0.0
8462,0.0
8463,0.0
8464,0.0
8465,0.0
8466,0.0
8467,0.0
8468,0.0
8469,0.0
8470,0.0
8471,0.0
8472,0.0
8473,0.0
8474,0.0
8475,0.0
8476,0.0
8477,0.0
8478,0.0
8479,0.0
8480,0.0
8481,0.0
8482,0.0
8483,0.0
8484,0.0
8485,0.0
8486,0.0
8487,0.0
8488,0.0
8489,0.0
8490,0.0
8491,0.0
8492,0.0
8493,0.0
8494,0.0
8495,0.0
8496,0.0
8497,0.0
8498,0.0
8499,0.0
8500,0.0
8501,0.0
8502,0.0
8503,0.0
8504,0.0
8505,0.0
8506,0.0
8507,0.0
8508,0.0
8509,0.0
8510,0.0
8511,0.0
8512,0.0
8513,0.0
8514,0.0
8515,0.0
8516,0.0
8517,0.0
8518,0.0
8519,0.0
8520,0.0
8521,0.0
8522,0.0
8523,0.0
8524,0.0
8525,0.0
8526,0.0
8527,0.0
8528,0.0
8529,0.0
8530,0.0
8531,0.0
8532,0.0
8533,0.0
8534,0.0
8535,0.0
8536,0.0
8537,0.0
8538,0.0
8539,0.0
8540,0.0
8541,0.0
8542,0.0
8543,0.0
8544,0.0
8545,0.0
8546,0.0
8547,0.0
8548,0.0
8549,0.0
8550,0.0
8551,0.0
8552,0.0
8553,0.0
8554,0.0
8555,0.0
8556,0.0
8557,0.0
8558,0.0
8559,0.0
8560,0.0
8561,0.0
8562,0.0
8563,0.0
8564,0.0
8565,0.0
8566,0.0
8567,0.0
8568,0.0
8569,0.0
8570,0.0
8571,0.0
8572,0.0
8573,0.0
8574,0.0
8575,0.0
8576,0.0
8577,0.0
8578,0.0
8579,0.0
8580,0.0
8581,0.0
8582,0.0
8583,0.0
8584,0.0
8585,0.0
8586,0.0
8587,0.0
8588,0.0
8589,0.0
8590,0.0
8591,0.0
8592,0.0
8593,0.0
8594,0.0
8595,0.0
8596,0.0
8597,0.0
8598,0.0
8599,0.0
8600,0.0
8601,0.0
8602,0.0
8603,0.0
8604,0.0
8605,0.0
8606,0.0
8607,0.0
8608,0.0
8609,0.0
8610,0.0
8611,0.0
8612,0.0
8613,0.0
8614,0.0
8615,0.0
8616,0.0
8617,0.0
8618,0.0
8619,0.0
8620,0.0
8621,0.0
8622,0.0
8623,0.0
8624,0.0
8625,0.0
8626,0.0
8627,0.0
8628,0.0
8629,0.0
8630,0.0
8631,0.0
8632,0.0
8633,0.0
8634,0.0
8635,0.0
8636,0.0
8637,0.0
8638,0.0
8639,0.0
8640,0.0
8641,0.0
8642,0.0
8643,0.0
8644,0.0
8645,0.0
8646,0.0
8647,0.0
8648,0.0
8649,0.0
8650,0.0
8651,0.0
8652,0.0
8653,0.0
8654,0.0
8655,0.0
8656,0.0
8657,0.0
8658,0.0
8659,0.0
8660,0.0
8661,0.0
8662,0.0
8663,0.0
8664,0.0
8665,0.0
8666,0.0
8667,0.0
8668,0.0
8669,0.0
8670,0.0
8671,0.0
8672,0.0
8673,0.0
8674,0.0
8675,0.0
8676,0.0
8677,0.0
8678,0.0
8679,0.0
8680,0.0
8681,0.0
8682,0.0
8683,0.0
8684,0.0
8685,0.0
8686,0.0
8687,0.0
8688,0.0
8689,0.0
8690,0.0
8691,0.0
8692,0.0
8693,0.0
8694,0.0
8695,0.0
8696,0.0
8697,0.0
8698,0.0
8699,0.0
8700,0.0
8701,0.0
8702,0.0
8703,0.0
8704,0.0
8705,0.0
8706,0.0
8707,0.0
8708,0.0
8709,0.0
8710,0.0
8711,0.0
8712,0.0
8713,0.0
8714,0.0
8715,0.0
8716,0.0
8717,0.0
8718,0.0
8719,0.0
8720,0.0
8721,0.0
8722,0.0
8723,0.0
8724,0.0
8725,0.0
8726,0.0
8727,0.0
8728,0.0
8729,0.0
8730,0.0
8731,0.0
8732,0.0
8733,0.0
8734,0.0
8735,0.0
8736,0.0
8737,0.0
8738,0.0
8739,0.0
8740,0.0
8741,0.0
8742,0.0
8743,0.0
8744,0.0
8745,0.0
8746,0.0
8747,0.0
8748,0.0
8749,0.0
8750,0.0
8751,0.0
8752,0.0
8753,0.0
8754,0.0
8755,0.0
8756,0.0
8757,0.0
8758,0.0
8759,0.0
8760,0.0
8761,0.0
8762,0.0
8763,0.0
8764,0.0
8765,0.0
8766,0.0
8767,0.0
8768,0.0
8769,0.0
8770,0.0
8771,0.0
8772,0.0
8773,0.0
8774,0.0
8775,0.0
8776,0.0
8777,0.0
8778,0.0
8779,0.0
8780,0.0
8781,0.0
8782,0.0
8783,0.0
8784,0.0
8785,0.0
8786,0.0
8787,0.0
8788,0.0
8789,0.0
8790,0.0
8791,0.0
8792,0.0
8793,0.0
8794,0.0
8795,0.0
8796,0.0
8797,0.0
8798,0.0
8799,0.0
8800,0.0
8801,0.0
8802,0.0
8803,0.0
8804,0.0
8805,0.0
8806,0.0
8807,0.0
8808,0.0
8809,0.0
8810,0.0
8811,0.0
8812,0.0
8813,0.0
8814,0.0
8815,0.0
8816,0.0
8817,0.0
8818,0.0
8819,0.0
8820,0.0
8821,0.0
8822,0.0
8823,0.0
8824,0.0
8825,0.0
8826,0.0
8827,0.0
8828,0.0
8829,0.0
8830,0.0
8831,0.0
8832,0.0
8833,0.0
8834,0.0
8835,0.0
8836,0.0
8837,0.0
8838,0.0
8839,0.0
8840,0.0
8841,0.0
8842,0.0
8843,0.0
8844,0.0
8845,0.0
8846,0.0
8847,0.0
8848,0.0
8849,0.0
8850,0.0
8851,0.0
8852,0.0
8853,0.0
8854,0.0
8855,0.0
8856,0.0
8857,0.0
8858,0.0
8859,0.0
8860,0.0
8861,0.0
8862,0.0
8863,0.0
8864,0.0
8865,0.0
8866,0.0
8867,0.0
8868,0.0
8869,0.0
8870,0.0
8871,0.0
8872,0.0
8873,0.0
8874,0.0
8875,0.0
8876,0.0
8877,0.0
8878,0.0
8879,0.0
8880,0.0
8881,0.0
8882,0.0
8883,0.0
8884,0.0
8885,0.0
8886,0.0
8887,0.0
8888,0.0
8889,0.0
8890,0.0
8891,0.0
8892,0.0
8893,0.0
8894,0.0
8895,0.0
8896,0.0
8897,0.0
8898,0.0
8899,0.0
8900,0.0
8901,0.0
8902,0.0
8903,0.0
8904,0.0
8905,0.0
8906,0.0
8907,0.0
8908,0.0
8909,0.0
8910,0.0
8911,0.0
8912,0.0
8913,0.0
8914,0.0
8915,0.0
8916,0.0
8917,0.0
8918,0.0
8919,0.0
8920,0.0
8921,0.0
8922,0.0
8923,0.0
8924,0.0
8925,0.0
8926,0.0
8927,0.0
8928,0.0
8929,0.0
8930,0.0
8931,0.0
8932,0.0
8933,0.0
8934,0.0
8935,0.0
8936,0.0
8937,0.0
8938,0.0
8939,0.0
8940,0.0
8941,0.0
8942,0.0
8943,0.0
8944,0.0
8945,0.0
8946,0.0
8947,0.0
8948,0.0
8949,0.0
8950,0.0
8951,0.0
8952,0.0
8953,0.0
8954,0.0
8955,0.0
8956,0.0
8957,0.0
8958,0.0
8959,0.0
8960,0.0
8961,0.0
8962,0.0
8963,0.0
8964,0.0
8965,0.0
8966,0.0
8967,0.0
8968,0.0
8969,0.0
8970,0.0
8971,0.0
8972,0.0
8973,0.0
8974,0.0
8975,0.0
8976,0.0
8977,0.0
8978,0.0
8979,0.0
8980,0.0
8981,0.0
8982,0.0
8983,0.0
8984,0.0
8985,0.0
8986,0.0
8987,0.0
8988,0.0
8989,0.0
8990,0.0
8991,0.0
8992,0.0
8993,0.0
8994,0.0
8995,0.0
8996,0.0
8997,0.0
8998,0.0
8999,0.0
9000,0.0
9001,0.0
9002,0.0
9003,0.0
9004,0.0
9005,0.0
9006,0.0
9007,0.0
9008,0.0
9009,0.0
9010,0.0
9011,0.0
9012,0.0
9013,0.0
9014,0.0
9015,0.0
9016,0.0
9017,0.0
9018,0.0
9019,0.0
9020,0.0
9021,0.0
9022,0.0
9023,0.0
9024,0.0
9025,0.0
9026,0.0
9027,0.0
9028,0.0
9029,0.0
9030,0.0
9031,0.0
9032,0.0
9033,0.0
9034,0.0
9035,0.0
9036,0.0
9037,0.0
9038,0.0
9039,0.0
9040,0.0
9041,0.0
9042,0.0
9043,0.0
9044,0.0
9045,0.0
9046,0.0
9047,0.0
9048,0.0
9049,0.0
9050,0.0
9051,0.0
9052,0.0
9053,0.0
9054,0.0
9055,0.0
9056,0.0
9057,0.0
9058,0.0
9059,0.0
9060,0.0
9061,0.0
9062,0.0
9063,0.0
9064,0.0
9065,0.0
9066,0.0
9067,0.0
9068,0.0
9069,0.0
9070,0.0
9071,0.0
9072,0.0
9073,0.0
9074,0.0
9075,0.0
9076,0.0
9077,0.0
9078,0.0
9079,0.0
9080,0.0
9081,0.0
9082,0.0
9083,0.0
9084,0.0
9085,0.0
9086,0.0
9087,0.0
9088,0.0
9089,0.0
9090,0.0
9091,0.0
9092,0.0
9093,0.0
9094,0.0
9095,0.0
9096,0.0
9097,0.0
9098,0.0
9099,0.0
9100,0.0
9101,0.0
9102,0.0
9103,0.0
9104,0.0
9105,0.0
9106,0.0
9107,0.0
9108,0.0
9109,0.0
9110,0.0
9111,0.0
9112,0.0
9113,0.0
9114,0.0
9115,0.0
9116,0.0
9117,0.0
9118,0.0
9119,0.0
9120,0.0
9121,0.0
9122,0.0
9123,0.0
9124,0.0
9125,0.0
9126,0.0
9127,0.0
9128,0.0
9129,0.0
9130,0.0
9131,0.0
9132,0.0
9133,0.0
9134,0.0
9135,0.0
9136,0.0
9137,0.0
9138,0.0
9139,0.0
9140,0.0
9141,0.0
9142,0.0
9143,0.0
9144,0.0
9145,0.0
9146,0.0
9147,0.0
9148,0.0
9149,0.0
9150,0.0
9151,0.0
9152,0.0
9153,0.0
9154,0.0
9155,0.0
9156,0.0
9157,0.0
9158,0.0
9159,0.0
9160,0.0
9161,0.0
9162,0.0
9163,0.0
9164,0.0
9165,0.0
9166,0.0
9167,0.0
9168,0.0
9169,0.0
9170,0.0
9171,0.0
9172,0.0
9173,0.0
9174,0.0
9175,0.0
9176,0.0
9177,0.0
9178,0.0
9179,0.0
9180,0.0
9181,0.0
9182,0.0
9183,0.0
9184,0.0
9185,0.0
9186,0.0
9187,0.0
9188,0.0
9189,0.0
9190,0.0
9191,0.0
9192,0.0
9193,0.0
9194,0.0
9195,0.0
9196,0.0
9197,0.0
9198,0.0
9199,0.0
9200,0.0
9201,0.0
9202,0.0
9203,0.0
9204,0.0
9205,0.0
9206,0.0
9207,0.0
9208,0.0
9209,0.0
9210,0.0
9211,0.0
9212,0.0
9213,0.0
9214,0.0
9215,0.0
9216,0.0
9217,0.0
9218,0.0
9219,0.0
9220,0.0
9221,0.0
9222,0.0
9223,0.0
9224,0.0
9225,0.0
9226,0.0
9227,0.0
9228,0.0
9229,0.0
9230,0.0
9231,0.0
9232,0.0
9233,0.0
9234,0.0
9235,0.0
9236,0.0
9237,0.0
9238,0.0
9239,0.0
9240,0.0
9241,0.0
9242,0.0
9243,0.0
9244,0.0
9245,0.0
9246,0.0
9247,0.0
9248,0.0
9249,0.0
9250,0.0
9251,0.0
9252,0.0
9253,0.0
9254,0.0
9255,0.0
9256,0.0
9257,0.0
9258,0.0
9259,0.0
9260,0.0
9261,0.0
9262,0.0
9263,0.0
9264,0.0
9265,0.0
9266,0.0
9267,0.0
9268,0.0
9269,0.0
9270,0.0
9271,0.0
9272,0.0
9273,0.0
9274,0.0
9275,0.0
9276,0.0
9277,0.0
9278,0.0
9279,0.0
9280,0.0
9281,0.0
9282,0.0
9283,0.0
9284,0.0
9285,0.0
9286,0.0
9287,0.0
9288,0.0
9289,0.0
9290,0.0
9291,0.0
9292,0.0
9293,0.0
9294,0.0
9295,0.0
9296,0.0
9297,0.0
9298,0.0
9299,0.0
9300,0.0
9301,0.0
9302,0.0
9303,0.0
9304,0.0
9305,0.0
9306,0.0
9307,0.0
9308,0.0
9309,0.0
9310,0.0
9311,0.0
9312,0.0
9313,0.0
9314,0.0
9315,0.0
9316,0.0
9317,0.0
9318,0.0
9319,0.0
9320,0.0
9321,0.0
9322,0.0
9323,0.0
9324,0.0
9325,0.0
9326,0.0
9327,0.0
9328,0.0
9329,0.0
9330,0.0
9331,0.0
9332,0.0
9333,0.0
9334,0.0
9335,0.0
9336,0.0
9337,0.0
9338,0.0
9339,0.0
9340,0.0
9341,0.0
9342,0.0
9343,0.0
9344,0.0
9345,0.0
9346,0.0
9347,0.0
9348,0.0
9349,0.0
9350,0.0
9351,0.0
9352,0.0
9353,0.0
9354,0.0
9355,0.0
9356,0.0
9357,0.0
9358,0.0
9359,0.0
9360,0.0
9361,0.0
9362,0.0
9363,0.0
9364,0.0
9365,0.0
9366,0.0
9367,0.0
9368,0.0
9369,0.0
9370,0.0
9371,0.0
9372,0.0
9373,0.0
9374,0.0
9375,0.0
9376,0.0
9377,0.0
9378,0.0
9379,0.0
9380,0.0
9381,0.0
9382,0.0
9383,0.0
9384,0.0
9385,0.0
9386,0.0
9387,0.0
9388,0.0
9389,0.0
9390,0.0
9391,0.0
9392,0.0
9393,0.0
9394,0.0
9395,0.0
9396,0.0
9397,0.0
9398,0.0
9399,0.0
9400,0.0
9401,0.0
9402,0.0
9403,0.0
9404,0.0
9405,0.0
9406,0.0
9407,0.0
9408,0.0
9409,0.0
9410,0.0
9411,0.0
9412,0.0
9413,0.0
9414,0.0
9415,0.0
9416,0.0
9417,0.0
9418,0.0
9419,0.0
9420,0.0
9421,0.0
9422,0.0
9423,0.0
9424,0.0
9425,0.0
9426,0.0
9427,0.0
9428,0.0
9429,0.0
9430,0.0
9431,0.0
9432,0.0
9433,0.0
9434,0.0
9435,0.0
9436,0.0
9437,0.0
9438,0.0
9439,0.0
9440,0.0
9441,0.0
9442,0.0
9443,0.0
9444,0.0
9445,0.0
9446,0.0
9447,0.0
9448,0.0
9449,0.0
9450,0.0
9451,0.0
9452,0.0
9453,0.0
9454,0.0
9455,0.0
9456,0.0
9457,0.0
9458,0.0
9459,0.0
9460,0.0
9461,0.0
9462,0.0
9463,0.0
9464,0.0
9465,0.0
9466,0.0
9467,0.0
9468,0.0
9469,0.0
9470,0.0
9471,0.0
9472,0.0
9473,0.0
9474,0.0
9475,0.0
9476,0.0
9477,0.0
9478,0.0
9479,0.0
9480,0.0
9481,0.0
9482,0.0
9483,0.0
9484,0.0
9485,0.0
9486,0.0
9487,0.0
9488,0.0
9489,0.0
9490,0.0
9491,0.0
9492,0.0
9493,0.0
9494,0.0
9495,0.0
9496,0.0
9497,0.0
9498,0.0
9499,0.0
9500,0.0
9501,0.0
9502,0.0
9503,0.0
9504,0.0
9505,0.0
9506,0.0
9507,0.0
9508,0.0
9509,0.0
9510,0.0
9511,0.0
9512,0.0
9513,0.0
9514,0.0
9515,0.0
9516,0.0
9517,0.0
9518,0.0
9519,0.0
9520,0.0
9521,0.0
9522,0.0
9523,0.0
9524,0.0
9525,0.0
9526,0.0
9527,0.0
9528,0.0
9529,0.0
9530,0.0
9531,0.0
9532,0.0
9533,0.0
9534,0.0
9535,0.0
9536,0.0
9537,0.0
9538,0.0
9539,0.0
9540,0.0
9541,0.0
9542,0.0
9543,0.0
9544,0.0
9545,0.0
9546,0.0
9547,0.0
9548,0.0
9549,0.0
9550,0.0
9551,0.0
9552,0.0
9553,0.0
9554,0.0
9555,0.0
9556,0.0
9557,0.0
9558,0.0
9559,0.0
9560,0.0
9561,0.0
9562,0.0
9563,0.0
9564,0.0
9565,0.0
9566,0.0
9567,0.0
9568,0.0
9569,0.0
9570,0.0
9571,0.0
9572,0.0
9573,0.0
9574,0.0
9575,0.0
9576,0.0
9577,0.0
9578,0.0
9579,0.0
9580,0.0
9581,0.0
9582,0.0
9583,0.0
9584,0.0
9585,0.0
9586,0.0
9587,0.0
9588,0.0
9589,0.0
9590,0.0
9591,0.0
9592,0.0
9593,0.0
9594,0.0
9595,0.0
9596,0.0
9597,0.0
9598,0.0
9599,0.0
9600,0.0
9601,0.0
9602,0.0
9603,0.0
9604,0.0
9605,0.0
9606,0.0
9607,0.0
9608,0.0
9609,0.0
9610,0.0
9611,0.0
9612,0.0
9613,0.0
9614,0.0
9615,0.0
9616,0.0
9617,0.0
9618,0.0
9619,0.0
9620,0.0
9621,0.0
9622,0.0
9623,0.0
9624,0.0
9625,0.0
9626,0.0
9627,0.0
9628,0.0
9629,0.0
9630,0.0
9631,0.0
9632,0.0
9633,0.0
9634,0.0
9635,0.0
9636,0.0
9637,0.0
9638,0.0
9639,0.0
9640,0.0
9641,0.0
9642,0.0
9643,0.0
9644,0.0
9645,0.0
9646,0.0
9647,0.0
9648,0.0
9649,0.0
9650,0.0
9651,0.0
9652,0.0
9653,0.0
9654,0.0
9655,0.0
9656,0.0
9657,0.0
9658,0.0
9659,0.0
9660,0.0
9661,0.0
9662,0.0
9663,0.0
9664,0.0
9665,0.0
9666,0.0
9667,0.0
9668,0.0
9669,0.0
9670,0.0
9671,0.0
9672,0.0
9673,0.0
9674,0.0
9675,0.0
9676,0.0
9677,0.0
9678,0.0
9679,0.0
9680,0.0
9681,0.0
9682,0.0
9683,0.0
9684,0.0
9685,0.0
9686,0.0
9687,0.0
9688,0.0
9689,0.0
9690,0.0
9691,0.0
9692,0.0
9693,0.0
9694,0.0
9695,0.0
9696,0.0
9697,0.0
9698,0.0
9699,0.0
9700,0.0
9701,0.0
9702,0.0
9703,0.0
9704,0.0
9705,0.0
9706,0.0
9707,0.0
9708,0.0
9709,0.0
9710,0.0
9711,0.0
9712,0.0
9713,0.0
9714,0.0
9715,0.0
9716,0.0
9717,0.0
9718,0.0
9719,0.0
9720,0.0
9721,0.0
9722,0.0
9723,0.0
9724,0.0
9725,0.0
9726,0.0
9727,0.0
9728,0.0
9729,0.0
9730,0.0
9731,0.0
9732,0.0
9733,0.0
9734,0.0
9735,0.0
9736,0.0
9737,0.0
9738,0.0
9739,0.0
9740,0.0
9741,0.0
9742,0.0
9743,0.0
9744,0.0
9745,0.0
9746,0.0
9747,0.0
9748,0.0
9749,0.0
9750,0.0
9751,0.0
9752,0.0
9753,0.0
9754,0.0
9755,0.0
9756,0.0
9757,0.0
9758,0.0
9759,0.0
9760,0.0
9761,0.0
9762,0.0
9763,0.0
9764,0.0
9765,0.0
9766,0.0
9767,0.0
9768,0.0
9769,0.0
9770,0.0
9771,0.0
9772,0.0
9773,0.0
9774,0.0
9775,0.0
9776,0.0
9777,0.0
9778,0.0
9779,0.0
9780,0.0
9781,0.0
9782,0.0
9783,0.0
9784,0.0
9785,0.0
9786,0.0
9787,0.0
9788,0.0
9789,0.0
9790,0.0
9791,0.0
9792,0.0
9793,0.0
9794,0.0
9795,0.0
9796,0.0
9797,0.0
9798,0.0
9799,0.0
9800,0.0
9801,0.0
9802,0.0
9803,0.0
9804,0.0
9805,0.0
9806,0.0
9807,0.0
9808,0.0
9809,0.0
9810,0.0
9811,0.0
9812,0.0
9813,0.0
9814,0.0
9815,0.0
9816,0.0
9817,0.0
9818,0.0
9819,0.0
9820,0.0
9821,0.0
9822,0.0
9823,0.0
9824,0.0
9825,0.0
9826,0.0
9827,0.0
9828,0.0
9829,0.0
9830,0.0
9831,0.0
9832,0.0
9833,0.0
9834,0.0
9835,0.0
9836,0.0
9837,0.0
9838,0.0
9839,0.0
9840,0.0
9841,0.0
9842,0.0
9843,0.0
9844,0.0
9845,0.0
9846,0.0
9847,0.0
9848,0.0
9849,0.0
9850,0.0
9851,0.0
9852,0.0
9853,0.0
9854,0.0
9855,0.0
9856,0.0
9857,0.0
9858,0.0
9859,0.0
9860,0.0
9861,0.0
9862,0.0
9863,0.0
9864,0.0
9865,0.0
9866,0.0
9867,0.0
9868,0.0
9869,0.0
9870,0.0
9871,0.0
9872,0.0
9873,0.0
9874,0.0
9875,0.0
9876,0.0
9877,0.0
9878,0.0
9879,0.0
9880,0.0
9881,0.0
9882,0.0
9883,0.0
9884,0.0
9885,0.0
9886,0.0
9887,0.0
9888,0.0
9889,0.0
9890,0.0
9891,0.0
9892,0.0
9893,0.0
9894,0.0
9895,0.0
9896,0.0
9897,0.0
9898,0.0
9899,0.0
9900,0.0
9901,3213.1310752113664
9902,4819.696612817049
9903,6426.262150422733
9904,8032.827688028416
9905,9639.393225634098
9906,11245.958763239782
9907,12852.524300845465
9908,14459.08983845115
9909,16065.655376056831
9910,17672.220913662517
9911,19278.786451268195
9912,20885.351988873877
9913,22491.917526479563
9914,24098.483064085245
9915,25705.04860169093
9916,27311.614139296613
9917,28918.1796769023
9918,30524.74521450798
9919,32131.310752113663
9920,33737.876289719345
9921,35344.441827325034
9922,36951.00736493071
9923,38557.57290253639
9924,40164.13844014208
9925,41770.703977747755
9926,43377.269515353444
9927,44983.835052959126
9928,46590.400590564816
9929,48196.96612817049
9930,49803.53166577618
9931,51410.09720338186
9932,53016.66274098754
9933,54623.228278593226
9934,56229.79381619891
9935,57836.3593538046
9936,59442.92489141027
9937,61049.49042901596
9938,62656.05596662164
9939,64262.621504227325
9940,65869.187041833
9941,67475.75257943869
9942,69082.31811704437
9943,70688.88365465007
9944,72295.44919225574
9945,73902.01472986142
9946,75508.58026746711
9947,77115.14580507278
9948,78721.71134267846
9949,80328.27688028416
9950,81934.84241788984
9951,83541.40795549551
9952,85147.9734931012
9953,86754.53903070689
9954,88361.10456831258
9955,89967.67010591825
9956,91574.23564352393
9957,93180.80118112963
9958,94787.3667187353
9959,96393.93225634098
9960,98000.49779394668
9961,99607.06333155236
9962,101213.62886915803
9963,102820.19440676372
9964,104426.7599443694
9965,106033.32548197507
9966,107639.89101958077
9967,109246.45655718645
9968,110853.02209479213
9969,112459.58763239782
9970,114066.1531700035
9971,115672.7187076092
9972,117279.28424521486
9973,118885.84978282054
9974,120492.41532042624
9975,122098.98085803192
9976,123705.54639563759
9977,125312.11193324329
9978,126918.67747084895
9979,128525.24300845465
9980,130131.80854606033
9981,131738.374083666
9982,133344.9396212717
9983,134951.50515887738
9984,136558.07069648308
9985,138164.63623408874
9986,139771.2017716944
9987,141377.76730930014
9988,142984.3328469058
9989,144590.89838451147
9990,146197.46392211717
9991,147804.02945972283
9992,149410.59499732853
9993,151017.16053493423
9994,152623.7260725399
9995,154230.29161014556
9996,155836.85714775126
9997,157443.42268535693
9998,159049.98822296265
9999,160656.55376056832
10000,162263.119298174
10001,163869.68483577968
10002,165476.25037338535
10003,167082.81591099102
10004,168689.38144859675
10005,170295.9469862024
10006,171902.51252380808
10007,173509.07806141378
10008,175115.64359901944
10009,176722.20913662517
10010,178328.77467423084
10011,179935.3402118365
10012,181541.9057494422
10013,183148.47128704787
10014,184755.03682465354
10015,186361.60236225926
10016,187968.16789986493
10017,189574.7334374706
10018,191181.2989750763
10019,192787.86451268196
10020,194394.43005028766
10021,196000.99558789335
10022,197607.56112549902
10023,199214.12666310472
10024,200820.6922007104
10025,202427.25773831605
10026,204033.82327592178
10027,205640.38881352745
10028,207246.9543511331
10029,208853.5198887388
10030,210460.08542634448
10031,212066.65096395015
10032,213673.21650155587
10033,215279.78203916154
10034,216886.34757676724
10035,218492.9131143729
10036,220099.47865197857
10037,221706.04418958427
10038,223312.60972718996
10039,224919.17526479563
10040,226525.74080240133
10041,228132.306340007
10042,229738.87187761266
10043,231345.4374152184
10044,232952.00295282406
10045,234558.56849042972
10046,236165.13402803542
10047,237771.6995656411
10048,239378.26510324678
10049,240984.83064085248
10050,242591.39617845815
10051,0.0
10052,0.0
10053,0.0
10054,0.0
10055,0.0
10056,0.0
10057,0.0
10058,0.0
10059,0.0
10060,0.0
10061,0.0
10062,0.0
10063,0.0
10064,0.0
10065,0.0
10066,0.0
10067,0.0
10068,0.0
10069,0.0
10070,0.0
10071,0.0
10072,0.0
10073,0.0
10074,0.0
10075,0.0
10076,0.0
10077,0.0
10078,0.0
10079,0.0
10080,0.0
10081,0.0
10082,0.0
10083,0.0
10084,0.0
10085,0.0
10086,0.0
10087,0.0
10088,0.0
10089,0.0
10090,0.0
10091,0.0
10092,0.0
10093,0.0
10094,0.0
10095,0.0
10096,0.0
10097,0.0
10098,0.0
10099,0.0
10100,0.0
10101,0.0
10102,0.0
10103,0.0
10104,0.0
10105,0.0
10106,0.0
10107,0.0
10108,0.0
10109,0.0
10110,0.0
10111,0.0
10112,0.0
10113,0.0
10114,0.0
10115,0.0
10116,0.0
10117,0.0
10118,0.0
10119,0.0
10120,0.0
10121,0.0
10122,0.0
10123,0.0
10124,0.0
10125,0.0
10126,0.0
10127,0.0
10128,0.0
10129,0.0
10130,0.0
10131,0.0
10132,0.0
10133,0.0
10134,0.0
10135,0.0
10136,0.0
10137,0.0
10138,0.0
10139,0.0
10140,0.0
10141,0.0
10142,0.0
10143,0.0
10144,0.0
10145,0.0
10146,0.0
10147,0.0
10148,0.0
10149,0.0
10150,0.0
10151,0.0
10152,0.0
10153,0.0
10154,0.0
10155,0.0
10156,0.0
10157,0.0
10158,0.0
10159,0.0
10160,0.0
10161,0.0
10162,0.0
10163,0.0
10164,0.0
10165,0.0
10166,0.0
10167,0.0
10168,0.0
10169,0.0
10170,0.0
10171,0.0
10172,0.0
10173,0.0
10174,0.0
10175,0.0
10176,0.0
10177,0.0
10178,0.0
10179,0.0
10180,0.0
10181,0.0
10182,0.0
10183,0.0
10184,0.0
10185,0.0
10186,0.0
10187,0.0
10188,0.0
10189,0.0
10190,0.0
10191,0.0
10192,0.0
10193,0.0
10194,0.0
10195,0.0
10196,0.0
10197,0.0
10198,0.0
10199,0.0
10200,0.0
10201,1193.7171496272088
10202,1790.5757244408132
10203,2387.4342992544175
10204,2984.292874068022
10205,3581.1514488816265
10206,4178.01002369523
10207,4774.868598508835
10208,5371.72717332244
10209,5968.585748136044
10210,6565.444322949648
10211,7162.302897763253
10212,7759.161472576857
10213,8356.02004739046
10214,8952.878622204065
10215,9549.73719701767
10216,10146.595771831273
10217,10743.45434664488
10218,11340.312921458482
10219,11937.171496272087
10220,12534.030071085692
10221,13130.888645899297
10222,13727.7472207129
10223,14324.605795526506
10224,14921.464370340109
10225,15518.322945153714
10226,16115.181519967316
10227,16712.04009478092
10228,17308.898669594528
10229,17905.75724440813
10230,18502.615819221737
10231,19099.47439403534
10232,19696.332968848943
10233,20293.191543662546
10234,20890.050118476152
10235,21486.90869328976
10236,22083.767268103362
10237,22680.625842916965
10238,23277.48441773057
10239,23874.342992544174
10240,24471.201567357777
10241,25068.060142171384
10242,25664.91871698499
10243,26261.777291798593
10244,26858.635866612196
10245,27455.4944414258
10246,28052.3530162394
10247,28649.211591053012
10248,29246.070165866615
10249,29842.928740680218
10250,30439.78731549382
10251,31036.645890307427
10252,31633.50446512103
10253,32230.363039934633
10254,32827.22161474824
10255,33424.08018956184
10256,34020.938764375445
10257,34617.797339189055
10258,35214.65591400266
10259,35811.51448881626
10260,36408.373063629864
10261,37005.231638443474
10262,37602.09021325707
10263,38198.94878807068
10264,38795.80736288428
10265,39392.665937697886
10266,39989.524512511496
10267,40586.38308732509
10268,41183.2416621387
10269,41780.100236952305
10270,42376.95881176591
10271,42973.81738657952
10272,43570.67596139311
10273,44167.534536206724
10274,44764.39311102033
10275,45361.25168583393
10276,45958.11026064754
10277,46554.96883546114
10278,47151.827410274745
10279,47748.68598508835
10280,48345.54455990195
10281,48942.403134715554
10282,49539.261709529164
10283,50136.12028434277
10284,50732.97885915637
10285,51329.83743396998
10286,51926.696008783576
10287,52523.554583597186
10288,53120.41315841078
10289,53717.27173322439
10290,54314.130308038
10291,54910.9888828516
10292,55507.84745766521
10293,56104.7060324788
10294,56701.564607292414
10295,57298.423182106024
10296,57895.28175691962
10297,58492.14033173323
10298,59088.99890654683
10299,59685.857481360435
10300,60282.71605617404
10301,60879.57463098764
10302,61476.43320580125
10303,62073.291780614854
10304,62670.15035542846
10305,63267.00893024206
10306,63863.86750505567
10307,64460.726079869266
10308,65057.58465468288
10309,65654.44322949648
10310,66251.30180431009
10311,66848.16037912368
10312,67445.0189539373
10313,68041.87752875089
10314,68638.7361035645
10315,69235.59467837811
10316,69832.4532531917
10317,70429.31182800532
10318,71026.17040281891
10319,71623.02897763252
10320,72219.88755244613
10321,72816.74612725973
10322,73413.60470207334
10323,74010.46327688695
10324,74607.32185170054
10325,75204.18042651414
10326,75801.03900132776
10327,76397.89757614136
10328,76994.75615095496
10329,77591.61472576857
10330,78188.47330058218
10331,78785.33187539577
10332,79382.19045020937
10333,79979.04902502299
10334,80575.90759983659
10335,81172.76617465018
10336,81769.62474946381
10337,82366.4833242774
10338,82963.341899091
10339,83560.20047390461
10340,84157.05904871822
10341,84753.91762353182
10342,85350.77619834541
10343,85947.63477315904
10344,86544.49334797263
10345,87141.35192278623
10346,87738.21049759984
10347,88335.06907241345
10348,88931.92764722704
10349,89528.78622204065
10350,90125.64479685426
10351,2585.61013413469
10352,3878.415201202035
10353,5171.22026826938
10354,6464.025335336724
10355,7756.83040240407
10356,9049.635469471415
10357,10342.44053653876
10358,11635.245603606103
10359,12928.050670673449
10360,14220.855737740794
10361,15513.66080480814
10362,16806.465871875484
10363,18099.27093894283
10364,19392.076006010175
10365,20684.88107307752
10366,21977.686140144862
10367,23270.491207212206
10368,24563.296274279553
10369,25856.101341346897
10370,27148.90640841424
10371,28441.71147548159
10372,29734.516542548936
10373,31027.32160961628
10374,32320.126676683623
10375,33612.93174375097
10376,34905.73681081831
10377,36198.54187788566
10378,37491.346944953
10379,38784.15201202035
10380,40076.9570790877
10381,41369.76214615504
10382,42662.567213222384
10383,43955.372280289725
10384,45248.17734735707
10385,46540.98241442441
10386,47833.78748149177
10387,49126.59254855911
10388,50419.397615626454
10389,51712.202682693794
10390,53005.00774976114
10391,54297.81281682848
10392,55590.61788389583
10393,56883.42295096318
10394,58176.228018030524
10395,59469.03308509787
10396,60761.83815216521
10397,62054.64321923256
10398,63347.4482862999
10399,64640.25335336725
10400,65933.0584204346
10401,67225.86348750193
10402,68518.66855456927
10403,69811.47362163661
10404,71104.27868870397
10405,72397.08375577132
10406,73689.88882283866
10407,74982.693889906
10408,76275.49895697336
10409,77568.3040240407
10410,78861.10909110804
10411,80153.9141581754
10412,81446.71922524273
10413,82739.52429231007
10414,84032.32935937741
10415,85325.13442644477
10416,86617.93949351211
10417,87910.74456057945
10418,89203.54962764679
10419,90496.35469471414
10420,91789.15976178148
10421,93081.96482884882
10422,94374.76989591618
10423,95667.57496298353
10424,96960.38003005087
10425,98253.18509711821
10426,99545.99016418557
10427,100838.79523125291
10428,102131.60029832025
10429,103424.40536538759
10430,104717.21043245494
10431,106010.01549952228
10432,107302.82056658962
10433,108595.62563365696
10434,109888.43070072432
10435,111181.23576779166
10436,112474.040834859
10437,113766.84590192635
10438,115059.65096899371
10439,116352.45603606105
10440,117645.26110312839
10441,118938.06617019574
10442,120230.87123726308
10443,121523.67630433042
10444,122816.48137139776
10445,124109.28643846512
10446,125402.09150553246
10447,126694.8965725998
10448,127987.70163966714
10449,129280.5067067345
10450,130573.31177380185
10451,131866.1168408692
10452,133158.92190793654
10453,134451.72697500387
10454,135744.53204207122
10455,137037.33710913855
10456,138330.1421762059
10457,139622.94724327323
10458,140915.7523103406
10459,142208.55737740794
10460,143501.3624444753
10461,144794.16751154265
10462,146086.97257860997
10463,147379.77764567733
10464,148672.58271274465
10465,149965.387779812
10466,151258.19284687936
10467,152550.99791394672
10468,153843.80298101404
10469,155136.6080480814
10470,156429.41311514872
10471,157722.21818221608
10472,159015.0232492834
10473,160307.8283163508
10474,161600.6333834181
10475,162893.43845048547
10476,164186.2435175528
10477,165479.04858462015
10478,166771.8536516875
10479,168064.65871875483
10480,169357.46378582218
10481,170650.26885288954
10482,171943.0739199569
10483,173235.87898702422
10484,174528.68405409157
10485,175821.4891211589
10486,177114.29418822625
10487,178407.09925529358
10488,179699.90432236096
10489,180992.7093894283
10490,182285.51445649564
10491,183578.31952356297
10492,184871.12459063032
10493,186163.92965769765
10494,187456.734724765
10495,188749.53979183236
10496,190042.3448588997
10497,191335.14992596707
10498,192627.9549930344
10499,193920.76006010175
10500,195213.56512716907
10501,0.0
10502,0.0
10503,0.0
10504,0.0
10505,0.0
10506,0.0
10507,0.0
10508,0.0
10509,0.0
10510,0.0
10511,0.0
10512,0.0
10513,0.0
10514,0.0
10515,0.0
10516,0.0
10517,0.0
10518,0.0
10519,0.0
10520,0.0
10521,0.0
10522,0.0
10523,0.0
10524,0.0
10525,0.0
10526,0.0
10527,0.0
10528,0.0
10529,0.0
10530,0.0
10531,0.0
10532,0.0
10533,0.0
10534,0.0
10535,0.0
10536,0.0
10537,0.0
10538,0.0
10539,0.0
10540,0.0
10541,0.0
10542,0.0
10543,0.0
10544,0.0
10545,0.0
10546,0.0
10547,0.0
10548,0.0
10549,0.0
10550,0.0
10551,0.0
10552,0.0
10553,0.0
10554,0.0
10555,0.0
10556,0.0
10557,0.0
10558,0.0
10559,0.0
10560,0.0
10561,0.0
10562,0.0
10563,0.0
10564,0.0
10565,0.0
10566,0.0
10567,0.0
10568,0.0
10569,0.0
10570,0.0
10571,0.0
10572,0.0
10573,0.0
10574,0.0
10575,0.0
10576,0.0
10577,0.0
10578,0.0
10579,0.0
10580,0.0
10581,0.0
10582,0.0
10583,0.0
10584,0.0
10585,0.0
10586,0.0
10587,0.0
10588,0.0
10589,0.0
10590,0.0
10591,0.0
10592,0.0
10593,0.0
10594,0.0
10595,0.0
10596,0.0
10597,0.0
10598,0.0
10599,0.0
10600,0.0
10601,0.0
10602,0.0
10603,0.0
10604,0.0
10605,0.0
10606,0.0
10607,0.0
10608,0.0
10609,0.0
10610,0.0
10611,0.0
10612,0.0
10613,0.0
10614,0.0
10615,0.0
10616,0.0
10617,0.0
10618,0.0
10619,0.0
10620,0.0
10621,0.0
10622,0.0
10623,0.0
10624,0.0
10625,0.0
10626,0.0
10627,0.0
10628,0.0
10629,0.0
10630,0.0
10631,0.0
10632,0.0
10633,0.0
10634,0.0
10635,0.0
10636,0.0
10637,0.0
10638,0.0
10639,0.0
10640,0.0
10641,0.0
10642,0.0
10643,0.0
10644,0.0
10645,0.0
10646,0.0
10647,0.0
10648,0.0
10649,0.0
10650,0.0
10651,6129.866666666667
10652,9194.800000000001
10653,12259.733333333334
10654,15324.666666666668
10655,18389.600000000002
10656,21454.533333333336
10657,24519.466666666667
10658,27584.399999999998
10659,30649.333333333336
10660,33714.26666666667
10661,36779.200000000004
10662,39844.13333333333
10663,42909.06666666667
10664,45974.00000000001
10665,49038.933333333334
10666,52103.86666666667
10667,55168.799999999996
10668,58233.73333333334
10669,61298.66666666667
10670,64363.6
10671,67428.53333333334
10672,70493.46666666667
10673,73558.40000000001
10674,76623.33333333333
10675,79688.26666666666
10676,82753.2
10677,85818.13333333335
10678,88883.06666666668
10679,91948.00000000001
10680,95012.93333333333
10681,98077.86666666667
10682,101142.8
10683,104207.73333333334
10684,107272.66666666667
10685,110337.59999999999
10686,113402.53333333334
10687,116467.46666666667
10688,119532.40000000001
10689,122597.33333333334
10690,125662.26666666666
10691,128727.2
10692,131792.13333333333
10693,134857.06666666668
10694,137922.0
10695,140986.93333333335
10696,144051.86666666667
10697,147116.80000000002
10698,150181.73333333334
10699,153246.66666666666
10700,156311.6
10701,159376.53333333333
10702,162441.46666666667
10703,165506.4
10704,168571.33333333334
10705,171636.2666666667
10706,174701.2
10707,177766.13333333336
10708,180831.06666666668
10709,183896.00000000003
10710,186960.93333333332
10711,190025.86666666667
10712,193090.8
10713,196155.73333333334
10714,199220.6666666667
10715,202285.6
10716,205350.53333333335
10717,208415.46666666667
10718,211480.40000000002
10719,214545.33333333334
10720,217610.2666666667
10721,220675.19999999998
10722,223740.13333333333
10723,226805.06666666668
10724,229870.0
10725,232934.93333333335
10726,235999.86666666667
10727,239064.80000000002
10728,242129.73333333334
10729,245194.6666666667
10730,248259.60000000003
10731,251324.53333333333
10732,254389.46666666667
10733,257454.4
10734,260519.33333333334
10735,263584.26666666666
10736,266649.2
10737,269714.13333333336
10738,272779.06666666665
10739,275844.0
10740,278908.93333333335
10741,281973.8666666667
10742,285038.8
10743,288103.73333333334
10744,291168.6666666667
10745,294233.60000000003
10746,297298.5333333334
10747,300363.4666666667
10748,303428.4
10749,306493.3333333333
10750,309558.26666666666
10751,312623.2
10752,315688.1333333333
10753,318753.06666666665
10754,321818.0
10755,324882.93333333335
10756,327947.8666666667
10757,331012.8
10758,334077.73333333334
10759,337142.6666666667
10760,340207.60000000003
10761,343272.5333333334
10762,346337.4666666667
10763,349402.4
10764,352467.3333333334
10765,355532.2666666667
10766,358597.2
10767,361662.13333333336
10768,364727.0666666667
10769,367792.00000000006
10770,370856.9333333334
10771,373921.86666666664
10772,376986.8
10773,380051.73333333334
10774,383116.6666666667
10775,386181.6
10776,389246.5333333333
10777,392311.4666666667
10778,395376.4
10779,398441.3333333334
10780,401506.26666666666
10781,404571.2
10782,407636.13333333336
10783,410701.0666666667
10784,413766.0
10785,416830.93333333335
10786,419895.8666666667
10787,422960.80000000005
10788,426025.7333333334
10789,429090.6666666667
10790,432155.60000000003
10791,435220.5333333334
10792,438285.46666666673
10793,441350.39999999997
10794,444415.3333333333
10795,447480.26666666666
10796,450545.2
10797,453610.13333333336
10798,456675.06666666665
10799,459740.0
10800,462804.93333333335
10801,0.0
10802,0.0
10803,0.0
10804,0.0
10805,0.0
10806,0.0
10807,0.0
10808,0.0
10809,0.0
10810,0.0
10811,0.0
10812,0.0
10813,0.0
10814,0.0
10815,0.0
10816,0.0
10817,0.0
10818,0.0
10819,0.0
10820,0.0
10821,0.0
10822,0.0
10823,0.0
10824,0.0
10825,0.0
10826,0.0
10827,0.0
10828,0.0
10829,0.0
10830,0.0
10831,0.0
10832,0.0
10833,0.0
10834,0.0
10835,0.0
10836,0.0
10837,0.0
10838,0.0
10839,0.0
10840,0.0
10841,0.0
10842,0.0
10843,0.0
10844,0.0
10845,0.0
10846,0.0
10847,0.0
10848,0.0
10849,0.0
10850,0.0
10851,0.0
10852,0.0
10853,0.0
10854,0.0
10855,0.0
10856,0.0
10857,0.0
10858,0.0
10859,0.0
10860,0.0
10861,0.0
10862,0.0
10863,0.0
10864,0.0
10865,0.0
10866,0.0
10867,0.0
10868,0.0
10869,0.0
10870,0.0
10871,0.0
10872,0.0
10873,0.0
10874,0.0
10875,0.0
10876,0.0
10877,0.0
10878,0.0
10879,0.0
10880,0.0
10881,0.0
10882,0.0
10883,0.0
10884,0.0
10885,0.0
10886,0.0
10887,0.0
10888,0.0
10889,0.0
10890,0.0
10891,0.0
10892,0.0
10893,0.0
10894,0.0
10895,0.0
10896,0.0
10897,0.0
10898,0.0
10899,0.0
10900,0.0
10901,0.0
10902,0.0
10903,0.0
10904,0.0
10905,0.0
10906,0.0
10907,0.0
10908,0.0
10909,0.0
10910,0.0
10911,0.0
10912,0.0
10913,0.0
10914,0.0
10915,0.0
10916,0.0
10917,0.0
10918,0.0
10919,0.0
10920,0.0
10921,0.0
10922,0.0
10923,0.0
10924,0.0
10925,0.0
10926,0.0
10927,0.0
10928,0.0
10929,0.0
10930,0.0
10931,0.0
10932,0.0
10933,0.0
10934,0.0
10935,0.0
10936,0.0
10937,0.0
10938,0.0
10939,0.0
10940,0.0
10941,0.0
10942,0.0
10943,0.0
10944,0.0
10945,0.0
10946,0.0
10947,0.0
10948,0.0
10949,0.0
10950,0.0
10951,1779.4822571343846
10952,2669.223385701577
10953,3558.964514268769
10954,4448.705642835962
10955,5338.446771403154
10956,6228.187899970346
10957,7117.929028537538
10958,8007.670157104731
10959,8897.411285671924
10960,9787.152414239115
10961,10676.893542806309
10962,11566.6346713735
10963,12456.375799940692
10964,13346.116928507883
10965,14235.858057075076
10966,15125.59918564227
10967,16015.340314209461
10968,16905.081442776653
10969,17794.822571343848
10970,18684.563699911036
10971,19574.30482847823
10972,20464.045957045422
10973,21353.787085612617
10974,22243.52821417981
10975,23133.269342747
10976,24023.01047131419
10977,24912.751599881383
10978,25802.49272844858
10979,26692.233857015766
10980,27581.97498558296
10981,28471.716114150153
10982,29361.457242717348
10983,30251.19837128454
10984,31140.93949985173
10985,32030.680628418922
10986,32920.421756986114
10987,33810.162885553305
10988,34699.904014120504
10989,35589.645142687696
10990,36479.38627125489
10991,37369.12739982207
10992,38258.86852838927
10993,39148.60965695646
10994,40038.35078552365
10995,40928.091914090845
10996,41817.833042658036
10997,42707.574171225235
10998,43597.315299792426
10999,44487.05642835962
11000,45376.7975569268
11001,46266.538685494
11002,47156.27981406119
11003,48046.02094262838
11004,48935.762071195575
11005,49825.50319976277
11006,50715.244328329965
11007,51604.98545689716
11008,52494.72658546435
11009,53384.46771403153
11010,54274.20884259873
11011,55163.94997116592
11012,56053.691099733114
11013,56943.432228300306
11014,57833.1733568675
11015,58722.914485434696
11016,59612.65561400189
11017,60502.39674256908
11018,61392.13787113626
11019,62281.87899970346
11020,63171.62012827065
11021,64061.361256837845
11022,64951.10238540504
11023,65840.84351397223
11024,66730.58464253941
11025,67620.32577110661
11026,68510.06689967381
11027,69399.80802824101
11028,70289.54915680819
11029,71179.29028537539
11030,72069.03141394258
11031,72958.77254250977
11032,73848.51367107696
11033,74738.25479964414
11034,75627.99592821134
11035,76517.73705677854
11036,77407.47818534574
11037,78297.21931391292
11038,79186.96044248012
11039,80076.7015710473
11040,80966.4426996145
11041,81856.18382818169
11042,82745.92495674887
11043,83635.66608531607
11044,84525.40721388327
11045,85415.14834245047
11046,86304.88947101765
11047,87194.63059958485
11048,88084.37172815204
11049,88974.11285671924
11050,89863.85398528642
11051,90753.5951138536
11052,91643.3362424208
11053,92533.077370988
11054,93422.8184995552
11055,94312.55962812238
11056,95202.30075668958
11057,96092.04188525677
11058,96981.78301382397
11059,97871.52414239115
11060,98761.26527095833
11061,99651.00639952553
11062,100540.74752809273
11063,101430.48865665993
11064,102320.22978522711
11065,103209.97091379431
11066,104099.7120423615
11067,104989.4531709287
11068,105879.19429949588
11069,106768.93542806307
11070,107658.67655663026
11071,108548.41768519746
11072,109438.15881376466
11073,110327.89994233185
11074,111217.64107089904
11075,112107.38219946623
11076,112997.12332803343
11077,113886.86445660061
11078,114776.6055851678
11079,115666.346713735
11080,116556.0878423022
11081,117445.82897086939
11082,118335.57009943658
11083,119225.31122800377
11084,120115.05235657096
11085,121004.79348513816
11086,121894.53461370534
11087,122784.27574227253
11088,123674.01687083973
11089,124563.75799940692
11090,125453.49912797412
11091,126343.2402565413
11092,127232.9813851085
11093,128122.72251367569
11094,129012.46364224289
11095,129902.20477081009
11096,130791.94589937727
11097,131681.68702794446
11098,132571.42815651165
11099,133461.16928507882
11100,134350.91041364605
11101,6897.949926439921
11102,10346.924889659882
11103,13795.899852879842
11104,17244.8748160998
11105,20693.849779319764
11106,24142.824742539724
11107,27591.799705759684
11108,31040.774668979644
11109,34489.7496321996
11110,37938.72459541956
11111,41387.69955863953
11112,44836.67452185949
11113,48285.64948507945
11114,51734.62444829941
11115,55183.59941151937
11116,58632.57437473933
11117,62081.54933795929
11118,65530.524301179255
11119,68979.4992643992
11120,72428.47422761917
11121,75877.44919083912
11122,79326.4241540591
11123,82775.39911727906
11124,86224.37408049902
11125,89673.34904371898
11126,93122.32400693894
11127,96571.2989701589
11128,100020.27393337886
11129,103469.24889659882
11130,106918.22385981878
11131,110367.19882303874
11132,113816.17378625869
11133,117265.14874947866
11134,120714.12371269861
11135,124163.09867591858
11136,127612.07363913853
11137,131061.04860235851
11138,134510.02356557848
11139,137958.9985287984
11140,141407.97349201838
11141,144856.94845523834
11142,148305.92341845832
11143,151754.89838167824
11144,155203.87334489822
11145,158652.8483081182
11146,162101.82327133816
11147,165550.7982345581
11148,168999.77319777806
11149,172448.74816099805
11150,175897.72312421797
11151,179346.69808743795
11152,182795.6730506579
11153,186244.6480138779
11154,189693.6229770978
11155,193142.5979403178
11156,196591.57290353774
11157,200040.54786675773
11158,203489.52282997765
11159,206938.49779319763
11160,210387.4727564176
11161,213836.44771963757
11162,217285.42268285752
11163,220734.39764607747
11164,224183.37260929745
11165,227632.34757251738
11166,231081.32253573736
11167,234530.2974989573
11168,237979.2724621773
11169,241428.24742539722
11170,244877.2223886172
11171,248326.19735183715
11172,251775.17231505713
11173,255224.14727827706
11174,258673.12224149704
11175,262122.09720471702
11176,265571.072167937
11177,269020.04713115696
11178,272469.0220943769
11179,275917.9970575968
11180,279366.9720208168
11181,282815.94698403677
11182,286264.9219472567
11183,289713.8969104767
11184,293162.8718736967
11185,296611.84683691664
11186,300060.82180013653
11187,303509.7967633565
11188,306958.7717265765
11189,310407.74668979645
11190,313856.7216530164
11191,317305.6966162364
11192,320754.67157945636
11193,324203.6465426763
11194,327652.6215058962
11195,331101.5964691162
11196,334550.5714323362
11197,337999.5463955561
11198,341448.5213587761
11199,344897.4963219961
11200,348346.47128521604
11201,351795.44624843594
11202,355244.4212116559
11203,358693.3961748759
11204,362142.37113809586
11205,365591.3461013158
11206,369040.3210645358
11207,372489.2960277558
11208,375938.2709909757
11209,379387.2459541956
11210,382836.22091741563
11211,386285.1958806356
11212,389734.17084385554
11213,393183.1458070755
11214,396632.1207702955
11215,400081.09573351545
11216,403530.07069673535
11217,406979.0456599553
11218,410428.0206231753
11219,413876.99558639526
11220,417325.9705496152
11221,420774.9455128352
11222,424223.9204760552
11223,427672.89543927513
11224,431121.870402495
11225,434570.84536571504
11226,438019.820328935
11227,441468.79529215494
11228,444917.7702553749
11229,448366.7452185949
11230,451815.72018181486
11231,455264.69514503476
11232,458713.6701082547
11233,462162.6450714747
11234,465611.6200346947
11235,469060.5949979146
11236,472509.56996113464
11237,475958.5449243546
11238,479407.51988757454
11239,482856.49485079444
11240,486305.46981401445
11241,489754.4447772344
11242,493203.41974045435
11243,496652.3947036743
11244,500101.3696668943
11245,503550.34463011427
11246,506999.31959333416
11247,510448.2945565541
11248,513897.2695197741
11249,517346.2444829941
11250,520795.21944621403
11251,0.0
11252,0.0
11253,0.0
11254,0.0
11255,0.0
11256,0.0
11257,0.0
11258,0.0
11259,0.0
11260,0.0
11261,0.0
11262,0.0
11263,0.0
11264,0.0
11265,0.0
11266,0.0
11267,0.0
11268,0.0
11269,0.0
11270,0.0
11271,0.0
11272,0.0
11273,0.0
11274,0.0
11275,0.0
11276,0.0
11277,0.0
11278,0.0
11279,0.0
11280,0.0
11281,0.0
11282,0.0
11283,0.0
11284,0.0
11285,0.0
11286,0.0
11287,0.0
11288,0.0
11289,0.0
11290,0.0
11291,0.0
11292,0.0
11293,0.0
11294,0.0
11295,0.0
11296,0.0
11297,0.0
11298,0.0
11299,0.0
11300,0.0
11301,0.0
11302,0.0
11303,0.0
11304,0.0
11305,0.0
11306,0.0
11307,0.0
11308,0.0
11309,0.0
11310,0.0
11311,0.0
11312,0.0
11313,0.0
11314,0.0
11315,0.0
11316,0.0
11317,0.0
11318,0.0
11319,0.0
11320,0.0
11321,0.0
11322,0.0
11323,0.0
11324,0.0
11325,0.0
11326,0.0
11327,0.0
11328,0.0
11329,0.0
11330,0.0
11331,0.0
11332,0.0
11333,0.0
11334,0.0
11335,0.0
11336,0.0
11337,0.0
11338,0.0
11339,0.0
11340,0.0
11341,0.0
11342,0.0
11343,0.0
11344,0.0
11345,0.0
11346,0.0
11347,0.0
11348,0.0
11349,0.0
11350,0.0
11351,0.0
11352,0.0
11353,0.0
11354,0.0
11355,0.0
11356,0.0
11357,0.0
11358,0.0
11359,0.0
11360,0.0
11361,0.0
11362,0.0
11363,0.0
11364,0.0
11365,0.0
11366,0.0
11367,0.0
11368,0.0
11369,0.0
11370,0.0
11371,0.0
11372,0.0
11373,0.0
11374,0.0
11375,0.0
11376,0.0
11377,0.0
11378,0.0
11379,0.0
11380,0.0
11381,0.0
11382,0.0
11383,0.0
11384,0.0
11385,0.0
11386,0.0
11387,0.0
11388,0.0
11389,0.0
11390,0.0
11391,0.0
11392,0.0
11393,0.0
11394,0.0
11395,0.0
11396,0.0
11397,0.0
11398,0.0
11399,0.0
11400,0.0
11401,112221.22690280808
11402,168331.84035421212
11403,224442.45380561615
11404,280553.0672570202
11405,336663.68070842425
11406,392774.2941598283
11407,448884.9076112323
11408,504995.5210626364
11409,561106.1345140404
11410,617216.7479654445
11411,673327.3614168485
11412,729437.9748682525
11413,785548.5883196566
11414,841659.2017710606
11415,897769.8152224646
11416,953880.4286738688
11417,1009991.0421252728
11418,1066101.6555766768
11419,1122212.2690280809
11420,1178322.882479485
11421,1234433.495930889
11422,1290544.109382293
11423,1346654.722833697
11424,1402765.336285101
11425,1458875.949736505
11426,1514986.563187909
11427,1571097.176639313
11428,1627207.7900907171
11429,1683318.4035421212
11430,1739429.0169935254
11431,1795539.6304449292
11432,1851650.2438963333
11433,1907760.8573477375
11434,1963871.4707991413
11435,2019982.0842505456
11436,2076092.6977019494
11437,2132203.3111533537
11438,2188313.9246047577
11439,2244424.5380561617
11440,2300535.1515075658
11441,2356645.76495897
11442,2412756.378410374
11443,2468866.991861778
11444,2524977.605313182
11445,2581088.218764586
11446,2637198.83221599
11447,2693309.445667394
11448,2749420.059118798
11449,2805530.672570202
11450,2861641.286021606
11451,2917751.89947301
11452,2973862.512924414
11453,3029973.126375818
11454,3086083.739827222
11455,3142194.353278626
11456,3198304.9667300303
11457,3254415.5801814343
11458,3310526.193632839
11459,3366636.8070842423
11460,3422747.4205356464
11461,3478858.033987051
11462,3534968.6474384544
11463,3591079.2608898585
11464,3647189.874341263
11465,3703300.4877926665
11466,3759411.1012440706
11467,3815521.714695475
11468,3871632.3281468786
11469,3927742.9415982827
11470,3983853.555049687
11471,4039964.168501091
11472,4096074.7819524948
11473,4152185.395403899
11474,4208296.008855303
11475,4264406.622306707
11476,4320517.235758111
11477,4376627.849209515
11478,4432738.46266092
11479,4488849.076112323
11480,4544959.689563727
11481,4601070.3030151315
11482,4657180.916466535
11483,4713291.52991794
11484,4769402.143369344
11485,4825512.756820748
11486,4881623.370272151
11487,4937733.983723556
11488,4993844.597174959
11489,5049955.210626364
11490,5106065.824077768
11491,5162176.437529172
11492,5218287.050980575
11493,5274397.66443198
11494,5330508.277883383
11495,5386618.891334788
11496,5442729.504786192
11497,5498840.118237596
11498,5554950.7316890005
11499,5611061.345140404
11500,5667171.958591808
11501,5723282.572043212
11502,5779393.185494617
11503,5835503.79894602
11504,5891614.412397425
11505,5947725.025848828
11506,6003835.639300232
11507,6059946.252751636
11508,6116056.866203041
11509,6172167.479654444
11510,6228278.093105849
11511,6284388.706557252
11512,6340499.320008656
11513,6396609.9334600605
11514,6452720.546911465
11515,6508831.160362869
11516,6564941.773814273
11517,6621052.387265678
11518,6677163.00071708
11519,6733273.614168485
11520,6789384.227619889
11521,6845494.841071293
11522,6901605.454522697
11523,6957716.067974102
11524,7013826.681425504
11525,7069937.294876909
11526,7126047.908328313
11527,7182158.521779717
11528,7238269.135231121
11529,7294379.748682526
11530,7350490.3621339295
11531,7406600.975585333
11532,7462711.589036738
11533,7518822.202488141
11534,7574932.815939546
11535,7631043.42939095
11536,7687154.042842354
11537,7743264.656293757
11538,7799375.269745162
11539,7855485.883196565
11540,7911596.49664797
11541,7967707.110099374
11542,8023817.723550778
11543,8079928.337002182
11544,8136038.950453586
11545,8192149.5639049895
11546,8248260.177356394
11547,8304370.790807798
11548,8360481.404259202
11549,8416592.017710606
11550,8472702.63116201
11551,3469.674225648244
11552,5204.511338472366
11553,6939.348451296488
11554,8674.18556412061
11555,10409.022676944733
11556,12143.859789768854
11557,13878.696902592976
11558,15613.534015417099
11559,17348.37112824122
11560,19083.208241065342
11561,20818.045353889465
11562,22552.882466713585
11563,24287.71957953771
11564,26022.55669236183
11565,27757.39380518595
11566,29492.230918010075
11567,31227.068030834198
11568,32961.90514365832
11569,34696.74225648244
11570,36431.579369306564
11571,38166.416482130684
11572,39901.253594954804
11573,41636.09070777893
11574,43370.92782060305
11575,45105.76493342717
11576,46840.6020462513
11577,48575.43915907542
11578,50310.27627189954
11579,52045.11338472366
11580,53779.95049754778
11581,55514.7876103719
11582,57249.62472319603
11583,58984.46183602015
11584,60719.29894884427
11585,62454.136061668396
11586,64188.973174492516
11587,65923.81028731664
11588,67658.64740014076
11589,69393.48451296487
11590,71128.321625789
11591,72863.15873861313
11592,74597.99585143724
11593,76332.83296426137
11594,78067.6700770855
11595,79802.50718990961
11596,81537.34430273373
11597,83272.18141555786
11598,85007.01852838197
11599,86741.8556412061
11600,88476.69275403023
11601,90211.52986685434
11602,91946.36697967847
11603,93681.2040925026
11604,95416.0412053267
11605,97150.87831815083
11606,98885.71543097496
11607,100620.55254379907
11608,102355.3896566232
11609,104090.22676944733
11610,105825.06388227144
11611,107559.90099509557
11612,109294.7381079197
11613,111029.5752207438
11614,112764.41233356793
11615,114499.24944639206
11616,116234.08655921617
11617,117968.9236720403
11618,119703.76078486443
11619,121438.59789768854
11620,123173.43501051267
11621,124908.27212333679
11622,126643.1092361609
11623,128377.94634898503
11624,130112.78346180916
11625,131847.62057463327
11626,133582.45768745738
11627,135317.29480028152
11628,137052.13191310564
11629,138786.96902592975
11630,140521.8061387539
11631,142256.643251578
11632,143991.48036440212
11633,145726.31747722626
11634,147461.15459005037
11635,149195.99170287448
11636,150930.82881569862
11637,152665.66592852274
11638,154400.50304134685
11639,156135.340154171
11640,157870.1772669951
11641,159605.01437981921
11642,161339.85149264336
11643,163074.68860546747
11644,164809.52571829158
11645,166544.36283111572
11646,168279.19994393984
11647,170014.03705676395
11648,171748.8741695881
11649,173483.7112824122
11650,175218.5483952363
11651,176953.38550806046
11652,178688.22262088457
11653,180423.05973370868
11654,182157.89684653282
11655,183892.73395935693
11656,185627.57107218105
11657,187362.4081850052
11658,189097.2452978293
11659,190832.0824106534
11660,192566.91952347755
11661,194301.75663630167
11662,196036.59374912578
11663,197771.43086194992
11664,199506.26797477403
11665,201241.10508759815
11666,202975.9422004223
11667,204710.7793132464
11668,206445.6164260705
11669,208180.45353889465
11670,209915.29065171877
11671,211650.12776454288
11672,213384.96487736702
11673,215119.80199019113
11674,216854.63910301524
11675,218589.4762158394
11676,220324.3133286635
11677,222059.1504414876
11678,223793.98755431175
11679,225528.82466713586
11680,227263.66177995998
11681,228998.49889278412
11682,230733.33600560823
11683,232468.17311843234
11684,234203.01023125648
11685,235937.8473440806
11686,237672.6844569047
11687,239407.52156972885
11688,241142.35868255296
11689,242877.19579537708
11690,244612.03290820122
11691,246346.87002102533
11692,248081.70713384944
11693,249816.54424667358
11694,251551.3813594977
11695,253286.2184723218
11696,255021.05558514595
11697,256755.89269797006
11698,258490.72981079415
11699,260225.56692361832
11700,261960.40403644243
11701,0.0
11702,0.0
11703,0.0
11704,0.0
11705,0.0
11706,0.0
11707,0.0
11708,0.0
11709,0.0
11710,0.0
11711,0.0
11712,0.0
11713,0.0
11714,0.0
11715,0.0
11716,0.0
11717,0.0
11718,0.0
11719,0.0
11720,0.0
11721,0.0
11722,0.0
11723,0.0
11724,0.0
11725,0.0
11726,0.0
11727,0.0
11728,0.0
11729,0.0
11730,0.0
11731,0.0
11732,0.0
11733,0.0
11734,0.0
11735,0.0
11736,0.0
11737,0.0
11738,0.0
11739,0.0
11740,0.0
11741,0.0
11742,0.0
11743,0.0
11744,0.0
11745,0.0
11746,0.0
11747,0.0
11748,0.0
11749,0.0
11750,0.0
11751,0.0
11752,0.0
11753,0.0
11754,0.0
11755,0.0
11756,0.0
11757,0.0
11758,0.0
11759,0.0
11760,0.0
11761,0.0
11762,0.0
11763,0.0
11764,0.0
11765,0.0
11766,0.0
11767,0.0
11768,0.0
11769,0.0
11770,0.0
11771,0.0
11772,0.0
11773,0.0
11774,0.0
11775,0.0
11776,0.0
11777,0.0
11778,0.0
11779,0.0
11780,0.0
11781,0.0
11782,0.0
11783,0.0
11784,0.0
11785,0.0
11786,0.0
11787,0.0
11788,0.0
11789,0.0
11790,0.0
11791,0.0
11792,0.0
11793,0.0
11794,0.0
11795,0.0
11796,0.0
11797,0.0
11798,0.0
11799,0.0
11800,0.0
11801,0.0
11802,0.0
11803,0.0
11804,0.0
11805,0.0
11806,0.0
11807,0.0
11808,0.0
11809,0.0
11810,0.0
11811,0.0
11812,0.0
11813,0.0
11814,0.0
11815,0.0
11816,0.0
11817,0.0
11818,0.0
11819,0.0
11820,0.0
11821,0.0
11822,0.0
11823,0.0
11824,0.0
11825,0.0
11826,0.0
11827,0.0
11828,0.0
11829,0.0
11830,0.0
11831,0.0
11832,0.0
11833,0.0
11834,0.0
11835,0.0
11836,0.0
11837,0.0
11838,0.0
11839,0.0
11840,0.0
11841,0.0
11842,0.0
11843,0.0
11844,0.0
11845,0.0
11846,0.0
11847,0.0
11848,0.0
11849,0.0
11850,0.0
11851,0.0
11852,0.0
11853,0.0
11854,0.0
11855,0.0
11856,0.0
11857,0.0
11858,0.0
11859,0.0
11860,0.0
11861,0.0
11862,0.0
11863,0.0
11864,0.0
11865,0.0
11866,0.0
11867,0.0
11868,0.0
11869,0.0
11870,0.0
11871,0.0
11872,0.0
11873,0.0
11874,0.0
11875,0.0
11876,0.0
11877,0.0
11878,0.0
11879,0.0
11880,0.0
11881,0.0
11882,0.0
11883,0.0
11884,0.0
11885,0.0
11886,0.0
11887,0.0
11888,0.0
11889,0.0
11890,0.0
11891,0.0
11892,0.0
11893,0.0
11894,0.0
11895,0.0
11896,0.0
11897,0.0
11898,0.0
11899,0.0
11900,0.0
11901,0.0
11902,0.0
11903,0.0
11904,0.0
11905,0.0
11906,0.0
11907,0.0
11908,0.0
11909,0.0
11910,0.0
11911,0.0
11912,0.0
11913,0.0
11914,0.0
11915,0.0
11916,0.0
11917,0.0
11918,0.0
11919,0.0
11920,0.0
11921,0.0
11922,0.0
11923,0.0
11924,0.0
11925,0.0
11926,0.0
11927,0.0
11928,0.0
11929,0.0
11930,0.0
11931,0.0
11932,0.0
11933,0.0
11934,0.0
11935,0.0
11936,0.0
11937,0.0
11938,0.0
11939,0.0
11940,0.0
11941,0.0
11942,0.0
11943,0.0
11944,0.0
11945,0.0
11946,0.0
11947,0.0
11948,0.0
11949,0.0
11950,0.0
11951,0.0
11952,0.0
11953,0.0
11954,0.0
11955,0.0
11956,0.0
11957,0.0
11958,0.0
11959,0.0
11960,0.0
11961,0.0
11962,0.0
11963,0.0
11964,0.0
11965,0.0
11966,0.0
11967,0.0
11968,0.0
11969,0.0
11970,0.0
11971,0.0
11972,0.0
11973,0.0
11974,0.0
11975,0.0
11976,0.0
11977,0.0
11978,0.0
11979,0.0
11980,0.0
11981,0.0
11982,0.0
11983,0.0
11984,0.0
11985,0.0
11986,0.0
11987,0.0
11988,0.0
11989,0.0
11990,0.0
11991,0.0
11992,0.0
11993,0.0
11994,0.0
11995,0.0
11996,0.0
11997,0.0
11998,0.0
11999,0.0
12000,0.0
12001,0.0
12002,0.0
12003,0.0
12004,0.0
12005,0.0
12006,0.0
12007,0.0
12008,0.0
12009,0.0
12010,0.0
12011,0.0
12012,0.0
12013,0.0
12014,0.0
12015,0.0
12016,0.0
12017,0.0
12018,0.0
12019,0.0
12020,0.0
12021,0.0
12022,0.0
12023,0.0
12024,0.0
12025,0.0
12026,0.0
12027,0.0
12028,0.0
12029,0.0
12030,0.0
12031,0.0
12032,0.0
12033,0.0
12034,0.0
12035,0.0
12036,0.0
12037,0.0
12038,0.0
12039,0.0
12040,0.0
12041,0.0
12042,0.0
12043,0.0
12044,0.0
12045,0.0
12046,0.0
12047,0.0
12048,0.0
12049,0.0
12050,0.0
12051,0.0
12052,0.0
12053,0.0
12054,0.0
12055,0.0
12056,0.0
12057,0.0
12058,0.0
12059,0.0
12060,0.0
12061,0.0
12062,0.0
12063,0.0
12064,0.0
12065,0.0
12066,0.0
12067,0.0
12068,0.0
12069,0.0
12070,0.0
12071,0.0
12072,0.0
12073,0.0
12074,0.0
12075,0.0
12076,0.0
12077,0.0
12078,0.0
12079,0.0
12080,0.0
12081,0.0
12082,0.0
12083,0.0
12084,0.0
12085,0.0
12086,0.0
12087,0.0
12088,0.0
12089,0.0
12090,0.0
12091,0.0
12092,0.0
12093,0.0
12094,0.0
12095,0.0
12096,0.0
12097,0.0
12098,0.0
12099,0.0
12100,0.0
12101,0.0
12102,0.0
12103,0.0
12104,0.0
12105,0.0
12106,0.0
12107,0.0
12108,0.0
12109,0.0
12110,0.0
12111,0.0
12112,0.0
12113,0.0
12114,0.0
12115,0.0
12116,0.0
12117,0.0
12118,0.0
12119,0.0
12120,0.0
12121,0.0
12122,0.0
12123,0.0
12124,0.0
12125,0.0
12126,0.0
12127,0.0
12128,0.0
12129,0.0
12130,0.0
12131,0.0
12132,0.0
12133,0.0
12134,0.0
12135,0.0
12136,0.0
12137,0.0
12138,0.0
12139,0.0
12140,0.0
12141,0.0
12142,0.0
12143,0.0
12144,0.0
12145,0.0
12146,0.0
12147,0.0
12148,0.0
12149,0.0
12150,0.0
12151,7834.583145874077
12152,11751.874718811114
12153,15669.166291748154
12154,19586.45786468519
12155,23503.749437622228
12156,27421.041010559267
12157,31338.332583496307
12158,35255.62415643334
12159,39172.91572937038
12160,43090.20730230742
12161,47007.498875244455
12162,50924.7904481815
12163,54842.082021118535
12164,58759.37359405558
12165,62676.665166992614
12166,66593.95673992965
12167,70511.24831286668
12168,74428.53988580374
12169,78345.83145874077
12170,82263.12303167781
12171,86180.41460461484
12172,90097.70617755188
12173,94014.99775048891
12174,97932.28932342597
12175,101849.580896363
12176,105766.87246930004
12177,109684.16404223707
12178,113601.45561517411
12179,117518.74718811116
12180,121436.03876104818
12181,125353.33033398523
12182,129270.62190692226
12183,133187.9134798593
12184,137105.20505279634
12185,141022.49662573336
12186,144939.7881986704
12187,148857.07977160747
12188,152774.37134454452
12189,156691.66291748153
12190,160608.95449041858
12191,164526.24606335562
12192,168443.53763629266
12193,172360.82920922968
12194,176278.12078216672
12195,180195.41235510376
12196,184112.70392804078
12197,188029.99550097782
12198,191947.2870739149
12199,195864.57864685194
12200,199781.87021978895
12201,203699.161792726
12202,207616.45336566304
12203,211533.74493860008
12204,215451.0365115371
12205,219368.32808447414
12206,223285.61965741118
12207,227202.91123034823
12208,231120.20280328527
12209,235037.4943762223
12210,238954.78594915936
12211,242872.07752209637
12212,246789.3690950334
12213,250706.66066797046
12214,254623.9522409075
12215,258541.2438138445
12216,262458.53538678156
12217,266375.8269597186
12218,270293.11853265564
12219,274210.4101055927
12220,278127.70167852973
12221,282044.9932514667
12222,285962.28482440376
12223,289879.5763973408
12224,293796.8679702779
12225,297714.15954321495
12226,301631.451116152
12227,305548.74268908903
12228,309466.034262026
12229,313383.32583496306
12230,317300.6174079001
12231,321217.90898083715
12232,325135.2005537742
12233,329052.49212671124
12234,332969.7836996483
12235,336887.0752725853
12236,340804.3668455223
12237,344721.65841845935
12238,348638.9499913964
12239,352556.24156433344
12240,356473.5331372705
12241,360390.8247102075
12242,364308.11628314457
12243,368225.40785608155
12244,372142.6994290186
12245,376059.99100195564
12246,379977.28257489274
12247,383894.5741478298
12248,387811.86572076683
12249,391729.1572937039
12250,395646.4488666409
12251,399563.7404395779
12252,403481.03201251494
12253,407398.323585452
12254,411315.61515838903
12255,415232.9067313261
12256,419150.1983042631
12257,423067.48987720016
12258,426984.78145013715
12259,430902.0730230742
12260,434819.36459601123
12261,438736.6561689483
12262,442653.9477418853
12263,446571.23931482236
12264,450488.5308877594
12265,454405.82246069645
12266,458323.11403363344
12267,462240.40560657054
12268,466157.6971795076
12269,470074.9887524446
12270,473992.28032538167
12271,477909.5718983187
12272,481826.86347125575
12273,485744.15504419274
12274,489661.4466171298
12275,493578.7381900668
12276,497496.02976300387
12277,501413.3213359409
12278,505330.61290887796
12279,509247.904481815
12280,513165.19605475204
12281,517082.487627689
12282,520999.7792006261
12283,524917.0707735631
12284,528834.3623465002
12285,532751.6539194372
12286,536668.9454923742
12287,540586.2370653113
12288,544503.5286382483
12289,548420.8202111854
12290,552338.1117841224
12291,556255.4033570595
12292,560172.6949299964
12293,564089.9865029334
12294,568007.2780758705
12295,571924.5696488075
12296,575841.8612217446
12297,579759.1527946816
12298,583676.4443676186
12299,587593.7359405558
12300,591511.0275134929
12301,0.0
12302,0.0
12303,0.0
12304,0.0
12305,0.0
12306,0.0
12307,0.0
12308,0.0
12309,0.0
12310,0.0
12311,0.0
12312,0.0
12313,0.0
12314,0.0
12315,0.0
12316,0.0
12317,0.0
12318,0.0
12319,0.0
12320,0.0
12321,0.0
12322,0.0
12323,0.0
12324,0.0
12325,0.0
12326,0.0
12327,0.0
12328,0.0
12329,0.0
12330,0.0
12331,0.0
12332,0.0
12333,0.0
12334,0.0
12335,0.0
12336,0.0
12337,0.0
12338,0.0
12339,0.0
12340,0.0
12341,0.0
12342,0.0
12343,0.0
12344,0.0
12345,0.0
12346,0.0
12347,0.0
12348,0.0
12349,0.0
12350,0.0
12351,0.0
12352,0.0
12353,0.0
12354,0.0
12355,0.0
12356,0.0
12357,0.0
12358,0.0
12359,0.0
12360,0.0
12361,0.0
12362,0.0
12363,0.0
12364,0.0
12365,0.0
12366,0.0
12367,0.0
12368,0.0
12369,0.0
12370,0.0
12371,0.0
12372,0.0
12373,0.0
12374,0.0
12375,0.0
12376,0.0
12377,0.0
12378,0.0
12379,0.0
12380,0.0
12381,0.0
12382,0.0
12383,0.0
12384,0.0
12385,0.0
12386,0.0
12387,0.0
12388,0.0
12389,0.0
12390,0.0
12391,0.0
12392,0.0
12393,0.0
12394,0.0
12395,0.0
12396,0.0
12397,0.0
12398,0.0
12399,0.0
12400,0.0
12401,0.0
12402,0.0
12403,0.0
12404,0.0
12405,0.0
12406,0.0
12407,0.0
12408,0.0
12409,0.0
12410,0.0
12411,0.0
12412,0.0
12413,0.0
12414,0.0
12415,0.0
12416,0.0
12417,0.0
12418,0.0
12419,0.0
12420,0.0
12421,0.0
12422,0.0
12423,0.0
12424,0.0
12425,0.0
12426,0.0
12427,0.0
12428,0.0
12429,0.0
12430,0.0
12431,0.0
12432,0.0
12433,0.0
12434,0.0
12435,0.0
12436,0.0
12437,0.0
12438,0.0
12439,0.0
12440,0.0
12441,0.0
12442,0.0
12443,0.0
12444,0.0
12445,0.0
12446,0.0
12447,0.0
12448,0.0
12449,0.0
12450,0.0
12451,2731.7584533691406
12452,4097.637680053712
12453,5463.516906738281
12454,6829.396133422852
12455,8195.275360107424
12456,9561.154586791994
12457,10927.033813476562
12458,12292.913040161133
12459,13658.792266845703
12460,15024.671493530275
12461,16390.550720214847
12462,17756.429946899414
12463,19122.309173583988
12464,20488.188400268555
12465,21854.067626953125
12466,23219.9468536377
12467,24585.826080322266
12468,25951.70530700684
12469,27317.584533691406
12470,28683.463760375977
12471,30049.34298706055
12472,31415.222213745117
12473,32781.101440429695
12474,34146.98066711426
12475,35512.85989379883
12476,36878.7391204834
12477,38244.618347167976
12478,39610.497573852546
12479,40976.37680053711
12480,42342.25602722168
12481,43708.13525390625
12482,45074.01448059083
12483,46439.8937072754
12484,47805.77293395996
12485,49171.65216064453
12486,50537.5313873291
12487,51903.41061401368
12488,53269.28984069825
12489,54635.16906738281
12490,56001.04829406738
12491,57366.92752075195
12492,58732.80674743653
12493,60098.6859741211
12494,61464.56520080567
12495,62830.444427490234
12496,64196.323654174805
12497,65562.20288085939
12498,66928.08210754395
12499,68293.96133422852
12500,69659.8405609131
12501,71025.71978759766
12502,72391.59901428224
12503,73757.4782409668
12504,75123.35746765137
12505,76489.23669433595
12506,77855.11592102051
12507,79220.99514770509
12508,80586.87437438965
12509,81952.75360107422
12510,83318.6328277588
12511,84684.51205444336
12512,86050.39128112794
12513,87416.2705078125
12514,88782.14973449707
12515,90148.02896118166
12516,91513.90818786621
12517,92879.7874145508
12518,94245.66664123535
12519,95611.54586791992
12520,96977.4250946045
12521,98343.30432128906
12522,99709.18354797365
12523,101075.0627746582
12524,102440.94200134277
12525,103806.82122802736
12526,105172.70045471191
12527,106538.5796813965
12528,107904.45890808105
12529,109270.33813476562
12530,110636.21736145021
12531,112002.09658813477
12532,113367.97581481935
12533,114733.8550415039
12534,116099.73426818849
12535,117465.61349487306
12536,118831.49272155762
12537,120197.3719482422
12538,121563.25117492676
12539,122929.13040161134
12540,124295.00962829591
12541,125660.88885498047
12542,127026.76808166505
12543,128392.64730834961
12544,129758.52653503418
12545,131124.40576171878
12546,132490.28498840335
12547,133856.1642150879
12548,135222.04344177246
12549,136587.92266845703
12550,137953.80189514163
12551,139319.6811218262
12552,140685.56034851074
12553,142051.4395751953
12554,143417.31880187988
12555,144783.19802856448
12556,146149.07725524905
12557,147514.9564819336
12558,148880.83570861816
12559,150246.71493530273
12560,151612.59416198733
12561,152978.4733886719
12562,154344.35261535645
12563,155710.23184204102
12564,157076.1110687256
12565,158441.99029541019
12566,159807.86952209476
12567,161173.7487487793
12568,162539.62797546387
12569,163905.50720214844
12570,165271.38642883304
12571,166637.2656555176
12572,168003.14488220215
12573,169369.02410888672
12574,170734.9033355713
12575,172100.7825622559
12576,173466.66178894046
12577,174832.541015625
12578,176198.42024230957
12579,177564.29946899414
12580,178930.17869567874
12581,180296.0579223633
12582,181661.93714904785
12583,183027.81637573242
12584,184393.695602417
12585,185759.5748291016
12586,187125.45405578616
12587,188491.3332824707
12588,189857.21250915527
12589,191223.09173583984
12590,192588.97096252444
12591,193954.850189209
12592,195320.72941589355
12593,196686.60864257812
12594,198052.4878692627
12595,199418.3670959473
12596,200784.24632263187
12597,202150.1255493164
12598,203516.00477600098
12599,204881.88400268555
12600,206247.76322937015
12601,0.0
12602,0.0
12603,0.0
12604,0.0
12605,0.0
12606,0.0
12607,0.0
12608,0.0
12609,0.0
12610,0.0
12611,0.0
12612,0.0
12613,0.0
12614,0.0
12615,0.0
12616,0.0
12617,0.0
12618,0.0
12619,0.0
12620,0.0
12621,0.0
12622,0.0
12623,0.0
12624,0.0
12625,0.0
12626,0.0
12627,0.0
12628,0.0
12629,0.0
12630,0.0
12631,0.0
12632,0.0
12633,0.0
12634,0.0
12635,0.0
12636,0.0
12637,0.0
12638,0.0
12639,0.0
12640,0.0
12641,0.0
12642,0.0
12643,0.0
12644,0.0
12645,0.0
12646,0.0
12647,0.0
12648,0.0
12649,0.0
12650,0.0
12651,0.0
12652,0.0
12653,0.0
12654,0.0
12655,0.0
12656,0.0
12657,0.0
12658,0.0
12659,0.0
12660,0.0
12661,0.0
12662,0.0
12663,0.0
12664,0.0
12665,0.0
12666,0.0
12667,0.0
12668,0.0
12669,0.0
12670,0.0
12671,0.0
12672,0.0
12673,0.0
12674,0.0
12675,0.0
12676,0.0
12677,0.0
12678,0.0
12679,0.0
12680,0.0
12681,0.0
12682,0.0
12683,0.0
12684,0.0
12685,0.0
12686,0.0
12687,0.0
12688,0.0
12689,0.0
12690,0.0
12691,0.0
12692,0.0
12693,0.0
12694,0.0
12695,0.0
12696,0.0
12697,0.0
12698,0.0
12699,0.0
12700,0.0
12701,0.0
12702,0.0
12703,0.0
12704,0.0
12705,0.0
12706,0.0
12707,0.0
12708,0.0
12709,0.0
12710,0.0
12711,0.0
12712,0.0
12713,0.0
12714,0.0
12715,0.0
12716,0.0
12717,0.0
12718,0.0
12719,0.0
12720,0.0
12721,0.0
12722,0.0
12723,0.0
12724,0.0
12725,0.0
12726,0.0
12727,0.0
12728,0.0
12729,0.0
12730,0.0
12731,0.0
12732,0.0
12733,0.0
12734,0.0
12735,0.0
12736,0.0
12737,0.0
12738,0.0
12739,0.0
12740,0.0
12741,0.0
12742,0.0
12743,0.0
12744,0.0
12745,0.0
12746,0.0
12747,0.0
12748,0.0
12749,0.0
12750,0.0
12751,373.4456562459469
12752,560.1684843689203
12753,746.8913124918938
12754,933.6141406148672
12755,1120.3369687378406
12756,1307.059796860814
12757,1493.7826249837876
12758,1680.5054531067613
12759,1867.2282812297344
12760,2053.951109352708
12761,2240.673937475681
12762,2427.396765598655
12763,2614.119593721628
12764,2800.8424218446016
12765,2987.5652499675753
12766,3174.288078090549
12767,3361.0109062135225
12768,3547.733734336495
12769,3734.456562459469
12770,3921.179390582442
12771,4107.902218705416
12772,4294.625046828389
12773,4481.347874951362
12774,4668.070703074336
12775,4854.79353119731
12776,5041.516359320283
12777,5228.239187443256
12778,5414.96201556623
12779,5601.684843689203
12780,5788.407671812177
12781,5975.1304999351505
12782,6161.853328058124
12783,6348.576156181098
12784,6535.298984304071
12785,6722.021812427045
12786,6908.744640550018
12787,7095.46746867299
12788,7282.190296795964
12789,7468.913124918938
12790,7655.635953041911
12791,7842.358781164884
12792,8029.081609287858
12793,8215.804437410832
12794,8402.527265533805
12795,8589.250093656778
12796,8775.972921779752
12797,8962.695749902725
12798,9149.4185780257
12799,9336.141406148672
12800,9522.864234271647
12801,9709.58706239462
12802,9896.309890517594
12803,10083.032718640567
12804,10269.755546763541
12805,10456.478374886512
12806,10643.201203009487
12807,10829.92403113246
12808,11016.646859255434
12809,11203.369687378407
12810,11390.09251550138
12811,11576.815343624354
12812,11763.538171747326
12813,11950.260999870301
12814,12136.983827993274
12815,12323.706656116248
12816,12510.429484239221
12817,12697.152312362196
12818,12883.875140485168
12819,13070.597968608143
12820,13257.320796731115
12821,13444.04362485409
12822,13630.76645297706
12823,13817.489281100035
12824,14004.212109223008
12825,14190.93493734598
12826,14377.657765468955
12827,14564.380593591928
12828,14751.103421714903
12829,14937.826249837875
12830,15124.54907796085
12831,15311.271906083823
12832,15497.994734206797
12833,15684.717562329768
12834,15871.440390452744
12835,16058.163218575715
12836,16244.886046698692
12837,16431.608874821664
12838,16618.331702944637
12839,16805.05453106761
12840,16991.777359190586
12841,17178.500187313555
12842,17365.22301543653
12843,17551.945843559504
12844,17738.66867168248
12845,17925.39149980545
12846,18112.114327928422
12847,18298.8371560514
12848,18485.55998417437
12849,18672.282812297344
12850,18859.005640420317
12851,19045.728468543293
12852,19232.451296666266
12853,19419.17412478924
12854,19605.89695291221
12855,19792.619781035188
12856,19979.342609158157
12857,20166.065437281133
12858,20352.788265404106
12859,20539.511093527082
12860,20726.23392165005
12861,20912.956749773024
12862,21099.679577896
12863,21286.402406018973
12864,21473.125234141946
12865,21659.84806226492
12866,21846.570890387895
12867,22033.293718510868
12868,22220.01654663384
12869,22406.739374756813
12870,22593.46220287979
12871,22780.18503100276
12872,22966.907859125735
12873,23153.630687248708
12874,23340.353515371684
12875,23527.076343494653
12876,23713.79917161763
12877,23900.521999740602
12878,24087.244827863575
12879,24273.967655986547
12880,24460.69048410952
12881,24647.413312232497
12882,24834.13614035547
12883,25020.858968478442
12884,25207.581796601415
12885,25394.30462472439
12886,25581.02745284736
12887,25767.750280970336
12888,25954.47310909331
12889,26141.195937216286
12890,26327.918765339255
12891,26514.64159346223
12892,26701.364421585204
12893,26888.08724970818
12894,27074.81007783115
12895,27261.53290595412
12896,27448.255734077098
12897,27634.97856220007
12898,27821.701390323044
12899,28008.424218446016
12900,28195.147046568993
12901,0.0
12902,0.0
12903,0.0
12904,0.0
12905,0.0
12906,0.0
12907,0.0
12908,0.0
12909,0.0
12910,0.0
12911,0.0
12912,0.0
12913,0.0
12914,0.0
12915,0.0
12916,0.0
12917,0.0
12918,0.0
12919,0.0
12920,0.0
12921,0.0
12922,0.0
12923,0.0
12924,0.0
12925,0.0
12926,0.0
12927,0.0
12928,0.0
12929,0.0
12930,0.0
12931,0.0
12932,0.0
12933,0.0
12934,0.0
12935,0.0
12936,0.0
12937,0.0
12938,0.0
12939,0.0
12940,0.0
12941,0.0
12942,0.0
12943,0.0
12944,0.0
12945,0.0
12946,0.0
12947,0.0
12948,0.0
12949,0.0
12950,0.0
12951,0.0
12952,0.0
12953,0.0
12954,0.0
12955,0.0
12956,0.0
12957,0.0
12958,0.0
12959,0.0
12960,0.0
12961,0.0
12962,0.0
12963,0.0
12964,0.0
12965,0.0
12966,0.0
12967,0.0
12968,0.0
12969,0.0
12970,0.0
12971,0.0
12972,0.0
12973,0.0
12974,0.0
12975,0.0
12976,0.0
12977,0.0
12978,0.0
12979,0.0
12980,0.0
12981,0.0
12982,0.0
12983,0.0
12984,0.0
12985,0.0
12986,0.0
12987,0.0
12988,0.0
12989,0.0
12990,0.0
12991,0.0
12992,0.0
12993,0.0
12994,0.0
12995,0.0
12996,0.0
12997,0.0
12998,0.0
12999,0.0
13000,0.0
13001,0.0
13002,0.0
13003,0.0
13004,0.0
13005,0.0
13006,0.0
13007,0.0
13008,0.0
13009,0.0
13010,0.0
13011,0.0
13012,0.0
13013,0.0
13014,0.0
13015,0.0
13016,0.0
13017,0.0
13018,0.0
13019,0.0
13020,0.0
13021,0.0
13022,0.0
13023,0.0
13024,0.0
13025,0.0
13026,0.0
13027,0.0
13028,0.0
13029,0.0
13030,0.0
13031,0.0
13032,0.0
13033,0.0
13034,0.0
13035,0.0
13036,0.0
13037,0.0
13038,0.0
13039,0.0
13040,0.0
13041,0.0
13042,0.0
13043,0.0
13044,0.0
13045,0.0
13046,0.0
13047,0.0
13048,0.0
13049,0.0
13050,0.0
13051,0.0
13052,0.0
13053,0.0
13054,0.0
13055,0.0
13056,0.0
13057,0.0
13058,0.0
13059,0.0
13060,0.0
13061,0.0
13062,0.0
13063,0.0
13064,0.0
13065,0.0
13066,0.0
13067,0.0
13068,0.0
13069,0.0
13070,0.0
13071,0.0
13072,0.0
13073,0.0
13074,0.0
13075,0.0
13076,0.0
13077,0.0
13078,0.0
13079,0.0
13080,0.0
13081,0.0
13082,0.0
13083,0.0
13084,0.0
13085,0.0
13086,0.0
13087,0.0
13088,0.0
13089,0.0
13090,0.0
13091,0.0
13092,0.0
13093,0.0
13094,0.0
13095,0.0
13096,0.0
13097,0.0
13098,0.0
13099,0.0
13100,0.0
13101,0.0
13102,0.0
13103,0.0
13104,0.0
13105,0.0
13106,0.0
13107,0.0
13108,0.0
13109,0.0
13110,0.0
13111,0.0
13112,0.0
13113,0.0
13114,0.0
13115,0.0
13116,0.0
13117,0.0
13118,0.0
13119,0.0
13120,0.0
13121,0.0
13122,0.0
13123,0.0
13124,0.0
13125,0.0
13126,0.0
13127,0.0
13128,0.0
13129,0.0
13130,0.0
13131,0.0
13132,0.0
13133,0.0
13134,0.0
13135,0.0
13136,0.0
13137,0.0
13138,0.0
13139,0.0
13140,0.0
13141,0.0
13142,0.0
13143,0.0
13144,0.0
13145,0.0
13146,0.0
13147,0.0
13148,0.0
13149,0.0
13150,0.0
13151,0.0
13152,0.0
13153,0.0
13154,0.0
13155,0.0
13156,0.0
13157,0.0
13158,0.0
13159,0.0
13160,0.0
13161,0.0
13162,0.0
13163,0.0
13164,0.0
13165,0.0
13166,0.0
13167,0.0
13168,0.0
13169,0.0
13170,0.0
13171,0.0
13172,0.0
13173,0.0
13174,0.0
13175,0.0
13176,0.0
13177,0.0
13178,0.0
13179,0.0
13180,0.0
13181,0.0
13182,0.0
13183,0.0
13184,0.0
13185,0.0
13186,0.0
13187,0.0
13188,0.0
13189,0.0
13190,0.0
13191,0.0
13192,0.0
13193,0.0
13194,0.0
13195,0.0
13196,0.0
13197,0.0
13198,0.0
13199,0.0
13200,0.0
13201,53.122724533081055
13202,79.68408679962158
13203,106.24544906616211
13204,132.80681133270264
13205,159.36817359924316
13206,185.9295358657837
13207,212.49089813232422
13208,239.05226039886475
13209,265.6136226654053
13210,292.1749849319458
13211,318.7363471984863
13212,345.29770946502686
13213,371.8590717315674
13214,398.4204339981079
13215,424.98179626464844
13216,451.54315853118896
13217,478.1045207977295
13218,504.66588306427
13219,531.2272453308105
13220,557.7886075973511
13221,584.3499698638916
13222,610.9113321304321
13223,637.4726943969727
13224,664.0340566635132
13225,690.5954189300537
13226,717.1567811965942
13227,743.7181434631348
13228,770.2795057296753
13229,796.8408679962158
13230,823.4022302627563
13231,849.9635925292969
13232,876.5249547958374
13233,903.0863170623779
13234,929.6476793289185
13235,956.209041595459
13236,982.7704038619995
13237,1009.33176612854
13238,1035.8931283950806
13239,1062.454490661621
13240,1089.0158529281616
13241,1115.5772151947021
13242,1142.1385774612427
13243,1168.6999397277832
13244,1195.2613019943237
13245,1221.8226642608643
13246,1248.3840265274048
13247,1274.9453887939453
13248,1301.5067510604858
13249,1328.0681133270264
13250,1354.629475593567
13251,1381.1908378601074
13252,1407.752200126648
13253,1434.3135623931885
13254,1460.874924659729
13255,1487.4362869262695
13256,1513.99764919281
13257,1540.5590114593506
13258,1567.120373725891
13259,1593.6817359924316
13260,1620.2430982589722
13261,1646.8044605255127
13262,1673.3658227920532
13263,1699.9271850585938
13264,1726.4885473251343
13265,1753.0499095916748
13266,1779.6112718582153
13267,1806.1726341247559
13268,1832.7339963912964
13269,1859.295358657837
13270,1885.8567209243774
13271,1912.418083190918
13272,1938.9794454574585
13273,1965.540807723999
13274,1992.1021699905396
13275,2018.66353225708
13276,2045.2248945236206
13277,2071.786256790161
13278,2098.3476190567017
13279,2124.908981323242
13280,2151.4703435897827
13281,2178.0317058563232
13282,2204.5930681228638
13283,2231.1544303894043
13284,2257.715792655945
13285,2284.2771549224854
13286,2310.838517189026
13287,2337.3998794555664
13288,2363.961241722107
13289,2390.5226039886475
13290,2417.083966255188
13291,2443.6453285217285
13292,2470.206690788269
13293,2496.7680530548096
13294,2523.32941532135
13295,2549.8907775878906
13296,2576.452139854431
13297,2603.0135021209717
13298,2629.574864387512
13299,2656.1362266540527
13300,2682.6975889205933
13301,2709.258951187134
13302,2735.8203134536743
13303,2762.381675720215
13304,2788.9430379867554
13305,2815.504400253296
13306,2842.0657625198364
13307,2868.627124786377
13308,2895.1884870529175
13309,2921.749849319458
13310,2948.3112115859985
13311,2974.872573852539
13312,3001.4339361190796
13313,3027.99529838562
13314,3054.5566606521606
13315,3081.118022918701
13316,3107.6793851852417
13317,3134.240747451782
13318,3160.8021097183228
13319,3187.3634719848633
13320,3213.924834251404
13321,3240.4861965179443
13322,3267.047558784485
13323,3293.6089210510254
13324,3320.170283317566
13325,3346.7316455841064
13326,3373.293007850647
13327,3399.8543701171875
13328,3426.415732383728
13329,3452.9770946502686
13330,3479.538456916809
13331,3506.0998191833496
13332,3532.66118144989
13333,3559.2225437164307
13334,3585.783905982971
13335,3612.3452682495117
13336,3638.9066305160522
13337,3665.467992782593
13338,3692.0293550491333
13339,3718.590717315674
13340,3745.1520795822144
13341,3771.713441848755
13342,3798.2748041152954
13343,3824.836166381836
13344,3851.3975286483765
13345,3877.958890914917
13346,3904.5202531814575
13347,3931.081615447998
13348,3957.6429777145386
13349,3984.204339981079
13350,4010.7657022476196
13351,534.2801897764206
13352,801.4202846646309
13353,1068.5603795528411
13354,1335.7004744410515
13355,1602.8405693292618
13356,1869.9806642174722
13357,2137.1207591056823
13358,2404.2608539938924
13359,2671.400948882103
13360,2938.5410437703135
13361,3205.6811386585237
13362,3472.8212335467338
13363,3739.9613284349443
13364,4007.101423323155
13365,4274.241518211365
13366,4541.381613099575
13367,4808.521707987785
13368,5075.661802875996
13369,5342.801897764206
13370,5609.941992652416
13371,5877.082087540627
13372,6144.222182428837
13373,6411.362277317047
13374,6678.502372205257
13375,6945.6424670934675
13376,7212.782561981679
13377,7479.922656869889
13378,7747.062751758099
13379,8014.20284664631
13380,8281.342941534518
13381,8548.48303642273
13382,8815.62313131094
13383,9082.76322619915
13384,9349.90332108736
13385,9617.04341597557
13386,9884.18351086378
13387,10151.323605751992
13388,10418.4637006402
13389,10685.603795528412
13390,10952.743890416623
13391,11219.883985304832
13392,11487.024080193043
13393,11754.164175081254
13394,12021.304269969463
13395,12288.444364857674
13396,12555.584459745884
13397,12822.724554634095
13398,13089.864649522306
13399,13357.004744410515
13400,13624.144839298726
13401,13891.284934186935
13402,14158.425029075146
13403,14425.565123963357
13404,14692.705218851566
13405,14959.845313739777
13406,15226.985408627988
13407,15494.125503516198
13408,15761.265598404409
13409,16028.40569329262
13410,16295.545788180829
13411,16562.685883069036
13412,16829.82597795725
13413,17096.96607284546
13414,17364.10616773367
13415,17631.24626262188
13416,17898.38635751009
13417,18165.5264523983
13418,18432.666547286513
13419,18699.80664217472
13420,18966.94673706293
13421,19234.08683195114
13422,19501.226926839354
13423,19768.36702172756
13424,20035.507116615772
13425,20302.647211503983
13426,20569.787306392194
13427,20836.9274012804
13428,21104.067496168616
13429,21371.207591056824
13430,21638.347685945035
13431,21905.487780833246
13432,22172.627875721457
13433,22439.767970609664
13434,22706.90806549788
13435,22974.048160386086
13436,23241.188255274297
13437,23508.32835016251
13438,23775.46844505072
13439,24042.608539938927
13440,24309.748634827134
13441,24576.88872971535
13442,24844.028824603556
13443,25111.168919491767
13444,25378.309014379978
13445,25645.44910926819
13446,25912.589204156397
13447,26179.72929904461
13448,26446.86939393282
13449,26714.00948882103
13450,26981.14958370924
13451,27248.28967859745
13452,27515.42977348566
13453,27782.56986837387
13454,28049.70996326208
13455,28316.850058150292
13456,28583.9901530385
13457,28851.130247926714
13458,29118.27034281492
13459,29385.410437703133
13460,29652.550532591344
13461,29919.690627479555
13462,30186.830722367762
13463,30453.970817255977
13464,30721.110912144184
13465,30988.251007032395
13466,31255.391101920606
13467,31522.531196808817
13468,31789.67129169703
13469,32056.81138658524
13470,32323.951481473447
13471,32591.091576361658
13472,32858.231671249865
13473,33125.37176613807
13474,33392.511861026294
13475,33659.6519559145
13476,33926.79205080271
13477,34193.93214569092
13478,34461.07224057913
13479,34728.21233546734
13480,34995.352430355546
13481,35262.49252524376
13482,35529.632620131975
13483,35796.77271502018
13484,36063.91280990839
13485,36331.0529047966
13486,36598.192999684805
13487,36865.33309457303
13488,37132.473189461234
13489,37399.61328434944
13490,37666.75337923765
13491,37933.89347412586
13492,38201.03356901407
13493,38468.17366390228
13494,38735.31375879049
13495,39002.45385367871
13496,39269.593948566915
13497,39536.73404345512
13498,39803.87413834333
13499,40071.014233231544
13500,40338.15432811976
13501,0.0
13502,0.0
13503,0.0
13504,0.0
13505,0.0
13506,0.0
13507,0.0
13508,0.0
13509,0.0
13510,0.0
13511,0.0
13512,0.0
13513,0.0
13514,0.0
13515,0.0
13516,0.0
13517,0.0
13518,0.0
13519,0.0
13520,0.0
13521,0.0
13522,0.0
13523,0.0
13524,0.0
13525,0.0
13526,0.0
13527,0.0
13528,0.0
13529,0.0
13530,0.0
13531,0.0
13532,0.0
13533,0.0
13534,0.0
13535,0.0
13536,0.0
13537,0.0
13538,0.0
13539,0.0
13540,0.0
13541,0.0
13542,0.0
13543,0.0
13544,0.0
13545,0.0
13546,0.0
13547,0.0
13548,0.0
13549,0.0
13550,0.0
13551,0.0
13552,0.0
13553,0.0
13554,0.0
13555,0.0
13556,0.0
13557,0.0
13558,0.0
13559,0.0
13560,0.0
13561,0.0
13562,0.0
13563,0.0
13564,0.0
13565,0.0
13566,0.0
13567,0.0
13568,0.0
13569,0.0
13570,0.0
13571,0.0
13572,0.0
13573,0.0
13574,0.0
13575,0.0
13576,0.0
13577,0.0
13578,0.0
13579,0.0
13580,0.0
13581,0.0
13582,0.0
13583,0.0
13584,0.0
13585,0.0
13586,0.0
13587,0.0
13588,0.0
13589,0.0
13590,0.0
13591,0.0
13592,0.0
13593,0.0
13594,0.0
13595,0.0
13596,0.0
13597,0.0
13598,0.0
13599,0.0
13600,0.0
13601,0.0
13602,0.0
13603,0.0
13604,0.0
13605,0.0
13606,0.0
13607,0.0
13608,0.0
13609,0.0
13610,0.0
13611,0.0
13612,0.0
13613,0.0
13614,0.0
13615,0.0
13616,0.0
13617,0.0
13618,0.0
13619,0.0
13620,0.0
13621,0.0
13622,0.0
13623,0.0
13624,0.0
13625,0.0
13626,0.0
13627,0.0
13628,0.0
13629,0.0
13630,0.0
13631,0.0
13632,0.0
13633,0.0
13634,0.0
13635,0.0
13636,0.0
13637,0.0
13638,0.0
13639,0.0
13640,0.0
13641,0.0
13642,0.0
13643,0.0
13644,0.0
13645,0.0
13646,0.0
13647,0.0
13648,0.0
13649,0.0
13650,0.0
13651,0.0
13652,0.0
13653,0.0
13654,0.0
13655,0.0
13656,0.0
13657,0.0
13658,0.0
13659,0.0
13660,0.0
13661,0.0
13662,0.0
13663,0.0
13664,0.0
13665,0.0
13666,0.0
13667,0.0
13668,0.0
13669,0.0
13670,0.0
13671,0.0
13672,0.0
13673,0.0
13674,0.0
13675,0.0
13676,0.0
13677,0.0
13678,0.0
13679,0.0
13680,0.0
13681,0.0
13682,0.0
13683,0.0
13684,0.0
13685,0.0
13686,0.0
13687,0.0
13688,0.0
13689,0.0
13690,0.0
13691,0.0
13692,0.0
13693,0.0
13694,0.0
13695,0.0
13696,0.0
13697,0.0
13698,0.0
13699,0.0
13700,0.0
13701,0.0
13702,0.0
13703,0.0
13704,0.0
13705,0.0
13706,0.0
13707,0.0
13708,0.0
13709,0.0
13710,0.0
13711,0.0
13712,0.0
13713,0.0
13714,0.0
13715,0.0
13716,0.0
13717,0.0
13718,0.0
13719,0.0
13720,0.0
13721,0.0
13722,0.0
13723,0.0
13724,0.0
13725,0.0
13726,0.0
13727,0.0
13728,0.0
13729,0.0
13730,0.0
13731,0.0
13732,0.0
13733,0.0
13734,0.0
13735,0.0
13736,0.0
13737,0.0
13738,0.0
13739,0.0
13740,0.0
13741,0.0
13742,0.0
13743,0.0
13744,0.0
13745,0.0
13746,0.0
13747,0.0
13748,0.0
13749,0.0
13750,0.0
13751,0.0
13752,0.0
13753,0.0
13754,0.0
13755,0.0
13756,0.0
13757,0.0
13758,0.0
13759,0.0
13760,0.0
13761,0.0
13762,0.0
13763,0.0
13764,0.0
13765,0.0
13766,0.0
13767,0.0
13768,0.0
13769,0.0
13770,0.0
13771,0.0
13772,0.0
13773,0.0
13774,0.0
13775,0.0
13776,0.0
13777,0.0
13778,0.0
13779,0.0
13780,0.0
13781,0.0
13782,0.0
13783,0.0
13784,0.0
13785,0.0
13786,0.0
13787,0.0
13788,0.0
13789,0.0
13790,0.0
13791,0.0
13792,0.0
13793,0.0
13794,0.0
13795,0.0
13796,0.0
13797,0.0
13798,0.0
13799,0.0
13800,0.0
13801,0.0
13802,0.0
13803,0.0
13804,0.0
13805,0.0
13806,0.0
13807,0.0
13808,0.0
13809,0.0
13810,0.0
13811,0.0
13812,0.0
13813,0.0
13814,0.0
13815,0.0
13816,0.0
13817,0.0
13818,0.0
13819,0.0
13820,0.0
13821,0.0
13822,0.0
13823,0.0
13824,0.0
13825,0.0
13826,0.0
13827,0.0
13828,0.0
13829,0.0
13830,0.0
13831,0.0
13832,0.0
13833,0.0
13834,0.0
13835,0.0
13836,0.0
13837,0.0
13838,0.0
13839,0.0
13840,0.0
13841,0.0
13842,0.0
13843,0.0
13844,0.0
13845,0.0
13846,0.0
13847,0.0
13848,0.0
13849,0.0
13850,0.0
13851,0.0
13852,0.0
13853,0.0
13854,0.0
13855,0.0
13856,0.0
13857,0.0
13858,0.0
13859,0.0
13860,0.0
13861,0.0
13862,0.0
13863,0.0
13864,0.0
13865,0.0
13866,0.0
13867,0.0
13868,0.0
13869,0.0
13870,0.0
13871,0.0
13872,0.0
13873,0.0
13874,0.0
13875,0.0
13876,0.0
13877,0.0
13878,0.0
13879,0.0
13880,0.0
13881,0.0
13882,0.0
13883,0.0
13884,0.0
13885,0.0
13886,0.0
13887,0.0
13888,0.0
13889,0.0
13890,0.0
13891,0.0
13892,0.0
13893,0.0
13894,0.0
13895,0.0
13896,0.0
13897,0.0
13898,0.0
13899,0.0
13900,0.0
13901,0.0
13902,0.0
13903,0.0
13904,0.0
13905,0.0
13906,0.0
13907,0.0
13908,0.0
13909,0.0
13910,0.0
13911,0.0
13912,0.0
13913,0.0
13914,0.0
13915,0.0
13916,0.0
13917,0.0
13918,0.0
13919,0.0
13920,0.0
13921,0.0
13922,0.0
13923,0.0
13924,0.0
13925,0.0
13926,0.0
13927,0.0
13928,0.0
13929,0.0
13930,0.0
13931,0.0
13932,0.0
13933,0.0
13934,0.0
13935,0.0
13936,0.0
13937,0.0
13938,0.0
13939,0.0
13940,0.0
13941,0.0
13942,0.0
13943,0.0
13944,0.0
13945,0.0
13946,0.0
13947,0.0
13948,0.0
13949,0.0
13950,0.0
13951,0.0
13952,0.0
13953,0.0
13954,0.0
13955,0.0
13956,0.0
13957,0.0
13958,0.0
13959,0.0
13960,0.0
13961,0.0
13962,0.0
13963,0.0
13964,0.0
13965,0.0
13966,0.0
13967,0.0
13968,0.0
13969,0.0
13970,0.0
13971,0.0
13972,0.0
13973,0.0
13974,0.0
13975,0.0
13976,0.0
13977,0.0
13978,0.0
13979,0.0
13980,0.0
13981,0.0
13982,0.0
13983,0.0
13984,0.0
13985,0.0
13986,0.0
13987,0.0
13988,0.0
13989,0.0
13990,0.0
13991,0.0
13992,0.0
13993,0.0
13994,0.0
13995,0.0
13996,0.0
13997,0.0
13998,0.0
13999,0.0
14000,0.0
14001,0.0
14002,0.0
14003,0.0
14004,0.0
14005,0.0
14006,0.0
14007,0.0
14008,0.0
14009,0.0
14010,0.0
14011,0.0
14012,0.0
14013,0.0
14014,0.0
14015,0.0
14016,0.0
14017,0.0
14018,0.0
14019,0.0
14020,0.0
14021,0.0
14022,0.0
14023,0.0
14024,0.0
14025,0.0
14026,0.0
14027,0.0
14028,0.0
14029,0.0
14030,0.0
14031,0.0
14032,0.0
14033,0.0
14034,0.0
14035,0.0
14036,0.0
14037,0.0
14038,0.0
14039,0.0
14040,0.0
14041,0.0
14042,0.0
14043,0.0
14044,0.0
14045,0.0
14046,0.0
14047,0.0
14048,0.0
14049,0.0
14050,0.0
14051,0.0
14052,0.0
14053,0.0
14054,0.0
14055,0.0
14056,0.0
14057,0.0
14058,0.0
14059,0.0
14060,0.0
14061,0.0
14062,0.0
14063,0.0
14064,0.0
14065,0.0
14066,0.0
14067,0.0
14068,0.0
14069,0.0
14070,0.0
14071,0.0
14072,0.0
14073,0.0
14074,0.0
14075,0.0
14076,0.0
14077,0.0
14078,0.0
14079,0.0
14080,0.0
14081,0.0
14082,0.0
14083,0.0
14084,0.0
14085,0.0
14086,0.0
14087,0.0
14088,0.0
14089,0.0
14090,0.0
14091,0.0
14092,0.0
14093,0.0
14094,0.0
14095,0.0
14096,0.0
14097,0.0
14098,0.0
14099,0.0
14100,0.0
14101,0.0
14102,0.0
14103,0.0
14104,0.0
14105,0.0
14106,0.0
14107,0.0
14108,0.0
14109,0.0
14110,0.0
14111,0.0
14112,0.0
14113,0.0
14114,0.0
14115,0.0
14116,0.0
14117,0.0
14118,0.0
14119,0.0
14120,0.0
14121,0.0
14122,0.0
14123,0.0
14124,0.0
14125,0.0
14126,0.0
14127,0.0
14128,0.0
14129,0.0
14130,0.0
14131,0.0
14132,0.0
14133,0.0
14134,0.0
14135,0.0
14136,0.0
14137,0.0
14138,0.0
14139,0.0
14140,0.0
14141,0.0
14142,0.0
14143,0.0
14144,0.0
14145,0.0
14146,0.0
14147,0.0
14148,0.0
14149,0.0
14150,0.0
14151,0.0
14152,0.0
14153,0.0
14154,0.0
14155,0.0
14156,0.0
14157,0.0
14158,0.0
14159,0.0
14160,0.0
14161,0.0
14162,0.0
14163,0.0
14164,0.0
14165,0.0
14166,0.0
14167,0.0
14168,0.0
14169,0.0
14170,0.0
14171,0.0
14172,0.0
14173,0.0
14174,0.0
14175,0.0
14176,0.0
14177,0.0
14178,0.0
14179,0.0
14180,0.0
14181,0.0
14182,0.0
14183,0.0
14184,0.0
14185,0.0
14186,0.0
14187,0.0
14188,0.0
14189,0.0
14190,0.0
14191,0.0
14192,0.0
14193,0.0
14194,0.0
14195,0.0
14196,0.0
14197,0.0
14198,0.0
14199,0.0
14200,0.0
14201,0.0
14202,0.0
14203,0.0
14204,0.0
14205,0.0
14206,0.0
14207,0.0
14208,0.0
14209,0.0
14210,0.0
14211,0.0
14212,0.0
14213,0.0
14214,0.0
14215,0.0
14216,0.0
14217,0.0
14218,0.0
14219,0.0
14220,0.0
14221,0.0
14222,0.0
14223,0.0
14224,0.0
14225,0.0
14226,0.0
14227,0.0
14228,0.0
14229,0.0
14230,0.0
14231,0.0
14232,0.0
14233,0.0
14234,0.0
14235,0.0
14236,0.0
14237,0.0
14238,0.0
14239,0.0
14240,0.0
14241,0.0
14242,0.0
14243,0.0
14244,0.0
14245,0.0
14246,0.0
14247,0.0
14248,0.0
14249,0.0
14250,0.0
14251,19.954391956329346
14252,29.93158793449402
14253,39.90878391265869
14254,49.885979890823364
14255,59.86317586898804
14256,69.84037184715271
14257,79.81756782531738
14258,89.79476380348206
14259,99.77195978164673
14260,109.7491557598114
14261,119.72635173797607
14262,129.70354771614075
14263,139.68074369430542
14264,149.6579396724701
14265,159.63513565063477
14266,169.61233162879944
14267,179.5895276069641
14268,189.56672358512878
14269,199.54391956329346
14270,209.52111554145813
14271,219.4983115196228
14272,229.47550749778748
14273,239.45270347595215
14274,249.42989945411682
14275,259.4070954322815
14276,269.38429141044617
14277,279.36148738861084
14278,289.3386833667755
14279,299.3158793449402
14280,309.29307532310486
14281,319.27027130126953
14282,329.2474672794342
14283,339.2246632575989
14284,349.20185923576355
14285,359.1790552139282
14286,369.1562511920929
14287,379.13344717025757
14288,389.11064314842224
14289,399.0878391265869
14290,409.0650351047516
14291,419.04223108291626
14292,429.01942706108093
14293,438.9966230392456
14294,448.9738190174103
14295,458.95101499557495
14296,468.9282109737396
14297,478.9054069519043
14298,488.88260293006897
14299,498.85979890823364
14300,508.8369948863983
14301,518.814190864563
14302,528.7913868427277
14303,538.7685828208923
14304,548.745778799057
14305,558.7229747772217
14306,568.7001707553864
14307,578.677366733551
14308,588.6545627117157
14309,598.6317586898804
14310,608.608954668045
14311,618.5861506462097
14312,628.5633466243744
14313,638.5405426025391
14314,648.5177385807037
14315,658.4949345588684
14316,668.4721305370331
14317,678.4493265151978
14318,688.4265224933624
14319,698.4037184715271
14320,708.3809144496918
14321,718.3581104278564
14322,728.3353064060211
14323,738.3125023841858
14324,748.2896983623505
14325,758.2668943405151
14326,768.2440903186798
14327,778.2212862968445
14328,788.1984822750092
14329,798.1756782531738
14330,808.1528742313385
14331,818.1300702095032
14332,828.1072661876678
14333,838.0844621658325
14334,848.0616581439972
14335,858.0388541221619
14336,868.0160501003265
14337,877.9932460784912
14338,887.9704420566559
14339,897.9476380348206
14340,907.9248340129852
14341,917.9020299911499
14342,927.8792259693146
14343,937.8564219474792
14344,947.8336179256439
14345,957.8108139038086
14346,967.7880098819733
14347,977.7652058601379
14348,987.7424018383026
14349,997.7195978164673
14350,1007.696793794632
14351,1017.6739897727966
14352,1027.6511857509613
14353,1037.628381729126
14354,1047.6055777072906
14355,1057.5827736854553
14356,1067.55996966362
14357,1077.5371656417847
14358,1087.5143616199493
14359,1097.491557598114
14360,1107.4687535762787
14361,1117.4459495544434
14362,1127.423145532608
14363,1137.4003415107727
14364,1147.3775374889374
14365,1157.354733467102
14366,1167.3319294452667
14367,1177.3091254234314
14368,1187.286321401596
14369,1197.2635173797607
14370,1207.2407133579254
14371,1217.21790933609
14372,1227.1951053142548
14373,1237.1723012924194
14374,1247.149497270584
14375,1257.1266932487488
14376,1267.1038892269135
14377,1277.0810852050781
14378,1287.0582811832428
14379,1297.0354771614075
14380,1307.0126731395721
14381,1316.9898691177368
14382,1326.9670650959015
14383,1336.9442610740662
14384,1346.9214570522308
14385,1356.8986530303955
14386,1366.8758490085602
14387,1376.8530449867249
14388,1386.8302409648895
14389,1396.8074369430542
14390,1406.7846329212189
14391,1416.7618288993835
14392,1426.7390248775482
14393,1436.716220855713
14394,1446.6934168338776
14395,1456.6706128120422
14396,1466.647808790207
14397,1476.6250047683716
14398,1486.6022007465363
14399,1496.579396724701
14400,1506.5565927028656
14401,0.0
14402,0.0
14403,0.0
14404,0.0
14405,0.0
14406,0.0
14407,0.0
14408,0.0
14409,0.0
14410,0.0
14411,0.0
14412,0.0
14413,0.0
14414,0.0
14415,0.0
14416,0.0
14417,0.0
14418,0.0
14419,0.0
14420,0.0
14421,0.0
14422,0.0
14423,0.0
14424,0.0
14425,0.0
14426,0.0
14427,0.0
14428,0.0
14429,0.0
14430,0.0
14431,0.0
14432,0.0
14433,0.0
14434,0.0
14435,0.0
14436,0.0
14437,0.0
14438,0.0
14439,0.0
14440,0.0
14441,0.0
14442,0.0
14443,0.0
14444,0.0
14445,0.0
14446,0.0
14447,0.0
14448,0.0
14449,0.0
14450,0.0
14451,0.0
14452,0.0
14453,0.0
14454,0.0
14455,0.0
14456,0.0
14457,0.0
14458,0.0
14459,0.0
14460,0.0
14461,0.0
14462,0.0
14463,0.0
14464,0.0
14465,0.0
14466,0.0
14467,0.0
14468,0.0
14469,0.0
14470,0.0
14471,0.0
14472,0.0
14473,0.0
14474,0.0
14475,0.0
14476,0.0
14477,0.0
14478,0.0
14479,0.0
14480,0.0
14481,0.0
14482,0.0
14483,0.0
14484,0.0
14485,0.0
14486,0.0
14487,0.0
14488,0.0
14489,0.0
14490,0.0
14491,0.0
14492,0.0
14493,0.0
14494,0.0
14495,0.0
14496,0.0
14497,0.0
14498,0.0
14499,0.0
14500,0.0
14501,0.0
14502,0.0
14503,0.0
14504,0.0
14505,0.0
14506,0.0
14507,0.0
14508,0.0
14509,0.0
14510,0.0
14511,0.0
14512,0.0
14513,0.0
14514,0.0
14515,0.0
14516,0.0
14517,0.0
14518,0.0
14519,0.0
14520,0.0
14521,0.0
14522,0.0
14523,0.0
14524,0.0
14525,0.0
14526,0.0
14527,0.0
14528,0.0
14529,0.0
14530,0.0
14531,0.0
14532,0.0
14533,0.0
14534,0.0
14535,0.0
14536,0.0
14537,0.0
14538,0.0
14539,0.0
14540,0.0
14541,0.0
14542,0.0
14543,0.0
14544,0.0
14545,0.0
14546,0.0
14547,0.0
14548,0.0
14549,0.0
14550,0.0
14551,45.25853941837946
14552,67.8878091275692
14553,90.51707883675893
14554,113.14634854594867
14555,135.7756182551384
14556,158.4048879643281
14557,181.03415767351785
14558,203.6634273827076
14559,226.29269709189734
14560,248.92196680108708
14561,271.5512365102768
14562,294.1805062194665
14563,316.8097759286562
14564,339.439045637846
14565,362.0683153470357
14566,384.6975850562254
14567,407.3268547654152
14568,429.9561244746049
14569,452.5853941837947
14570,475.2146638929844
14571,497.84393360217416
14572,520.4732033113638
14573,543.1024730205536
14574,565.7317427297434
14575,588.361012438933
14576,610.9902821481228
14577,633.6195518573124
14578,656.2488215665022
14579,678.878091275692
14580,701.5073609848818
14581,724.1366306940714
14582,746.7659004032612
14583,769.3951701124508
14584,792.0244398216407
14585,814.6537095308304
14586,837.28297924002
14587,859.9122489492098
14588,882.5415186583996
14589,905.1707883675894
14590,927.800058076779
14591,950.4293277859688
14592,973.0585974951584
14593,995.6878672043483
14594,1018.317136913538
14595,1040.9464066227276
14596,1063.5756763319173
14597,1086.2049460411072
14598,1108.8342157502968
14599,1131.4634854594867
14600,1154.0927551686764
14601,1176.722024877866
14602,1199.351294587056
14603,1221.9805642962456
14604,1244.6098340054352
14605,1267.239103714625
14606,1289.8683734238148
14607,1312.4976431330044
14608,1335.126912842194
14609,1357.756182551384
14610,1380.3854522605739
14611,1403.0147219697635
14612,1425.6439916789532
14613,1448.2732613881428
14614,1470.9025310973325
14615,1493.5318008065224
14616,1516.161070515712
14617,1538.7903402249017
14618,1561.4196099340916
14619,1584.0488796432815
14620,1606.678149352471
14621,1629.3074190616608
14622,1651.9366887708504
14623,1674.56595848004
14624,1697.19522818923
14625,1719.8244978984196
14626,1742.4537676076093
14627,1765.0830373167992
14628,1787.712307025989
14629,1810.3415767351787
14630,1832.9708464443684
14631,1855.600116153558
14632,1878.2293858627477
14633,1900.8586555719376
14634,1923.4879252811272
14635,1946.1171949903169
14636,1968.7464646995068
14637,1991.3757344086966
14638,2014.0050041178863
14639,2036.634273827076
14640,2059.263543536266
14641,2081.8928132454553
14642,2104.522082954645
14643,2127.1513526638346
14644,2149.7806223730245
14645,2172.4098920822144
14646,2195.0391617914042
14647,2217.6684315005937
14648,2240.2977012097836
14649,2262.9269709189734
14650,2285.556240628163
14651,2308.1855103373528
14652,2330.814780046542
14653,2353.444049755732
14654,2376.073319464922
14655,2398.702589174112
14656,2421.3318588833013
14657,2443.961128592491
14658,2466.590398301681
14659,2489.2196680108705
14660,2511.8489377200603
14661,2534.47820742925
14662,2557.1074771384397
14663,2579.7367468476295
14664,2602.3660165568194
14665,2624.995286266009
14666,2647.6245559751987
14667,2670.253825684388
14668,2692.883095393578
14669,2715.512365102768
14670,2738.1416348119574
14671,2760.7709045211477
14672,2783.400174230337
14673,2806.029443939527
14674,2828.6587136487165
14675,2851.2879833579063
14676,2873.9172530670958
14677,2896.5465227762857
14678,2919.1757924854755
14679,2941.805062194665
14680,2964.4343319038553
14681,2987.0636016130447
14682,3009.6928713222346
14683,3032.322141031424
14684,3054.951410740614
14685,3077.5806804498034
14686,3100.2099501589933
14687,3122.839219868183
14688,3145.4684895773726
14689,3168.097759286563
14690,3190.7270289957523
14691,3213.356298704942
14692,3235.9855684141316
14693,3258.6148381233215
14694,3281.244107832511
14695,3303.873377541701
14696,3326.5026472508907
14697,3349.13191696008
14698,3371.7611866692705
14699,3394.39045637846
14700,3417.01972608765
14701,0.0
14702,0.0
14703,0.0
14704,0.0
14705,0.0
14706,0.0
14707,0.0
14708,0.0
14709,0.0
14710,0.0
14711,0.0
14712,0.0
14713,0.0
14714,0.0
14715,0.0
14716,0.0
14717,0.0
14718,0.0
14719,0.0
14720,0.0
14721,0.0
14722,0.0
14723,0.0
14724,0.0
14725,0.0
14726,0.0
14727,0.0
14728,0.0
14729,0.0
14730,0.0
14731,0.0
14732,0.0
14733,0.0
14734,0.0
14735,0.0
14736,0.0
14737,0.0
14738,0.0
14739,0.0
14740,0.0
14741,0.0
14742,0.0
14743,0.0
14744,0.0
14745,0.0
14746,0.0
14747,0.0
14748,0.0
14749,0.0
14750,0.0
14751,0.0
14752,0.0
14753,0.0
14754,0.0
14755,0.0
14756,0.0
14757,0.0
14758,0.0
14759,0.0
14760,0.0
14761,0.0
14762,0.0
14763,0.0
14764,0.0
14765,0.0
14766,0.0
14767,0.0
14768,0.0
14769,0.0
14770,0.0
14771,0.0
14772,0.0
14773,0.0
14774,0.0
14775,0.0
14776,0.0
14777,0.0
14778,0.0
14779,0.0
14780,0.0
14781,0.0
14782,0.0
14783,0.0
14784,0.0
14785,0.0
14786,0.0
14787,0.0
14788,0.0
14789,0.0
14790,0.0
14791,0.0
14792,0.0
14793,0.0
14794,0.0
14795,0.0
14796,0.0
14797,0.0
14798,0.0
14799,0.0
14800,0.0
14801,0.0
14802,0.0
14803,0.0
14804,0.0
14805,0.0
14806,0.0
14807,0.0
14808,0.0
14809,0.0
14810,0.0
14811,0.0
14812,0.0
14813,0.0
14814,0.0
14815,0.0
14816,0.0
14817,0.0
14818,0.0
14819,0.0
14820,0.0
14821,0.0
14822,0.0
14823,0.0
14824,0.0
14825,0.0
14826,0.0
14827,0.0
14828,0.0
14829,0.0
14830,0.0
14831,0.0
14832,0.0
14833,0.0
14834,0.0
14835,0.0
14836,0.0
14837,0.0
14838,0.0
14839,0.0
14840,0.0
14841,0.0
14842,0.0
14843,0.0
14844,0.0
14845,0.0
14846,0.0
14847,0.0
14848,0.0
14849,0.0
14850,0.0
14851,130.8639403483639
14852,196.29591052254585
14853,261.7278806967278
14854,327.1598508709098
14855,392.5918210450917
14856,458.0237912192737
14857,523.4557613934556
14858,588.8877315676376
14859,654.3197017418196
14860,719.7516719160014
14861,785.1836420901834
14862,850.6156122643655
14863,916.0475824385474
14864,981.4795526127293
14865,1046.9115227869113
14866,1112.3434929610933
14867,1177.7754631352752
14868,1243.2074333094572
14869,1308.6394034836392
14870,1374.0713736578211
14871,1439.5033438320029
14872,1504.935314006185
14873,1570.3672841803668
14874,1635.7992543545488
14875,1701.231224528731
14876,1766.6631947029127
14877,1832.0951648770947
14878,1897.5271350512767
14879,1962.9591052254586
14880,2028.3910753996406
14881,2093.8230455738226
14882,2159.2550157480046
14883,2224.6869859221865
14884,2290.1189560963685
14885,2355.5509262705505
14886,2420.9828964447324
14887,2486.4148666189144
14888,2551.846836793096
14889,2617.2788069672783
14890,2682.7107771414603
14891,2748.1427473156423
14892,2813.5747174898243
14893,2879.0066876640058
14894,2944.4386578381877
14895,3009.87062801237
14896,3075.302598186552
14897,3140.7345683607336
14898,3206.1665385349156
14899,3271.5985087090976
14900,3337.03047888328
14901,3402.462449057462
14902,3467.8944192316435
14903,3533.3263894058255
14904,3598.7583595800074
14905,3664.1903297541894
14906,3729.6222999283714
14907,3795.0542701025533
14908,3860.4862402767353
14909,3925.9182104509173
14910,3991.3501806250993
14911,4056.782150799281
14912,4122.214120973463
14913,4187.646091147645
14914,4253.078061321828
14915,4318.510031496009
14916,4383.9420016701915
14917,4449.373971844373
14918,4514.805942018555
14919,4580.237912192737
14920,4645.6698823669185
14921,4711.101852541101
14922,4776.533822715282
14923,4841.965792889465
14924,4907.397763063647
14925,4972.829733237829
14926,5038.261703412011
14927,5103.693673586192
14928,5169.125643760374
14929,5234.557613934557
14930,5299.989584108738
14931,5365.421554282921
14932,5430.853524457102
14933,5496.285494631285
14934,5561.717464805466
14935,5627.1494349796485
14936,5692.58140515383
14937,5758.0133753280115
14938,5823.445345502194
14939,5888.8773156763755
14940,5954.309285850558
14941,6019.74125602474
14942,6085.173226198922
14943,6150.605196373104
14944,6216.037166547286
14945,6281.469136721467
14946,6346.90110689565
14947,6412.333077069831
14948,6477.765047244014
14949,6543.197017418195
14950,6608.628987592378
14951,6674.06095776656
14952,6739.4929279407415
14953,6804.924898114924
14954,6870.356868289105
14955,6935.788838463287
14956,7001.220808637469
14957,7066.652778811651
14958,7132.084748985833
14959,7197.516719160015
14960,7262.948689334197
14961,7328.380659508379
14962,7393.812629682561
14963,7459.244599856743
14964,7524.676570030924
14965,7590.108540205107
14966,7655.540510379288
14967,7720.972480553471
14968,7786.404450727653
14969,7851.836420901835
14970,7917.268391076016
14971,7982.7003612501985
14972,8048.132331424381
14973,8113.564301598562
14974,8178.996271772745
14975,8244.428241946925
14976,8309.860212121108
14977,8375.29218229529
14978,8440.724152469473
14979,8506.156122643655
14980,8571.588092817836
14981,8637.020062992018
14982,8702.4520331662
14983,8767.884003340383
14984,8833.315973514565
14985,8898.747943688746
14986,8964.179913862927
14987,9029.61188403711
14988,9095.043854211292
14989,9160.475824385474
14990,9225.907794559655
14991,9291.339764733837
14992,9356.77173490802
14993,9422.203705082202
14994,9487.635675256384
14995,9553.067645430565
14996,9618.499615604747
14997,9683.93158577893
14998,9749.363555953112
14999,9814.795526127295
15000,9880.227496301475
15001,0.0
15002,0.0
15003,0.0
15004,0.0
15005,0.0
15006,0.0
15007,0.0
15008,0.0
15009,0.0
15010,0.0
15011,0.0
15012,0.0
15013,0.0
15014,0.0
15015,0.0
15016,0.0
15017,0.0
15018,0.0
15019,0.0
15020,0.0
15021,0.0
15022,0.0
15023,0.0
15024,0.0
15025,0.0
15026,0.0
15027,0.0
15028,0.0
15029,0.0
15030,0.0
15031,0.0
15032,0.0
15033,0.0
15034,0.0
15035,0.0
15036,0.0
15037,0.0
15038,0.0
15039,0.0
15040,0.0
15041,0.0
15042,0.0
15043,0.0
15044,0.0
15045,0.0
15046,0.0
15047,0.0
15048,0.0
15049,0.0
15050,0.0
15051,0.0
15052,0.0
15053,0.0
15054,0.0
15055,0.0
15056,0.0
15057,0.0
15058,0.0
15059,0.0
15060,0.0
15061,0.0
15062,0.0
15063,0.0
15064,0.0
15065,0.0
15066,0.0
15067,0.0
15068,0.0
15069,0.0
15070,0.0
15071,0.0
15072,0.0
15073,0.0
15074,0.0
15075,0.0
15076,0.0
15077,0.0
15078,0.0
15079,0.0
15080,0.0
15081,0.0
15082,0.0
15083,0.0
15084,0.0
15085,0.0
15086,0.0
15087,0.0
15088,0.0
15089,0.0
15090,0.0
15091,0.0
15092,0.0
15093,0.0
15094,0.0
15095,0.0
15096,0.0
15097,0.0
15098,0.0
15099,0.0
15100,0.0
15101,0.0
15102,0.0
15103,0.0
15104,0.0
15105,0.0
15106,0.0
15107,0.0
15108,0.0
15109,0.0
15110,0.0
15111,0.0
15112,0.0
15113,0.0
15114,0.0
15115,0.0
15116,0.0
15117,0.0
15118,0.0
15119,0.0
15120,0.0
15121,0.0
15122,0.0
15123,0.0
15124,0.0
15125,0.0
15126,0.0
15127,0.0
15128,0.0
15129,0.0
15130,0.0
15131,0.0
15132,0.0
15133,0.0
15134,0.0
15135,0.0
15136,0.0
15137,0.0
15138,0.0
15139,0.0
15140,0.0
15141,0.0
15142,0.0
15143,0.0
15144,0.0
15145,0.0
15146,0.0
15147,0.0
15148,0.0
15149,0.0
15150,0.0
15151,0.0
15152,0.0
15153,0.0
15154,0.0
15155,0.0
15156,0.0
15157,0.0
15158,0.0
15159,0.0
15160,0.0
15161,0.0
15162,0.0
15163,0.0
15164,0.0
15165,0.0
15166,0.0
15167,0.0
15168,0.0
15169,0.0
15170,0.0
15171,0.0
15172,0.0
15173,0.0
15174,0.0
15175,0.0
15176,0.0
15177,0.0
15178,0.0
15179,0.0
15180,0.0
15181,0.0
15182,0.0
15183,0.0
15184,0.0
15185,0.0
15186,0.0
15187,0.0
15188,0.0
15189,0.0
15190,0.0
15191,0.0
15192,0.0
15193,0.0
15194,0.0
15195,0.0
15196,0.0
15197,0.0
15198,0.0
15199,0.0
15200,0.0
15201,0.0
15202,0.0
15203,0.0
15204,0.0
15205,0.0
15206,0.0
15207,0.0
15208,0.0
15209,0.0
15210,0.0
15211,0.0
15212,0.0
15213,0.0
15214,0.0
15215,0.0
15216,0.0
15217,0.0
15218,0.0
15219,0.0
15220,0.0
15221,0.0
15222,0.0
15223,0.0
15224,0.0
15225,0.0
15226,0.0
15227,0.0
15228,0.0
15229,0.0
15230,0.0
15231,0.0
15232,0.0
15233,0.0
15234,0.0
15235,0.0
15236,0.0
15237,0.0
15238,0.0
15239,0.0
15240,0.0
15241,0.0
15242,0.0
15243,0.0
15244,0.0
15245,0.0
15246,0.0
15247,0.0
15248,0.0
15249,0.0
15250,0.0
15251,0.0
15252,0.0
15253,0.0
15254,0.0
15255,0.0
15256,0.0
15257,0.0
15258,0.0
15259,0.0
15260,0.0
15261,0.0
15262,0.0
15263,0.0
15264,0.0
15265,0.0
15266,0.0
15267,0.0
15268,0.0
15269,0.0
15270,0.0
15271,0.0
15272,0.0
15273,0.0
15274,0.0
15275,0.0
15276,0.0
15277,0.0
15278,0.0
15279,0.0
15280,0.0
15281,0.0
15282,0.0
15283,0.0
15284,0.0
15285,0.0
15286,0.0
15287,0.0
15288,0.0
15289,0.0
15290,0.0
15291,0.0
15292,0.0
15293,0.0
15294,0.0
15295,0.0
15296,0.0
15297,0.0
15298,0.0
15299,0.0
15300,0.0
15301,0.0
15302,0.0
15303,0.0
15304,0.0
15305,0.0
15306,0.0
15307,0.0
15308,0.0
15309,0.0
15310,0.0
15311,0.0
15312,0.0
15313,0.0
15314,0.0
15315,0.0
15316,0.0
15317,0.0
15318,0.0
15319,0.0
15320,0.0
15321,0.0
15322,0.0
15323,0.0
15324,0.0
15325,0.0
15326,0.0
15327,0.0
15328,0.0
15329,0.0
15330,0.0
15331,0.0
15332,0.0
15333,0.0
15334,0.0
15335,0.0
15336,0.0
15337,0.0
15338,0.0
15339,0.0
15340,0.0
15341,0.0
15342,0.0
15343,0.0
15344,0.0
15345,0.0
15346,0.0
15347,0.0
15348,0.0
15349,0.0
15350,0.0
15351,0.0
15352,0.0
15353,0.0
15354,0.0
15355,0.0
15356,0.0
15357,0.0
15358,0.0
15359,0.0
15360,0.0
15361,0.0
15362,0.0
15363,0.0
15364,0.0
15365,0.0
15366,0.0
15367,0.0
15368,0.0
15369,0.0
15370,0.0
15371,0.0
15372,0.0
15373,0.0
15374,0.0
15375,0.0
15376,0.0
15377,0.0
15378,0.0
15379,0.0
15380,0.0
15381,0.0
15382,0.0
15383,0.0
15384,0.0
15385,0.0
15386,0.0
15387,0.0
15388,0.0
15389,0.0
15390,0.0
15391,0.0
15392,0.0
15393,0.0
15394,0.0
15395,0.0
15396,0.0
15397,0.0
15398,0.0
15399,0.0
15400,0.0
15401,0.0
15402,0.0
15403,0.0
15404,0.0
15405,0.0
15406,0.0
15407,0.0
15408,0.0
15409,0.0
15410,0.0
15411,0.0
15412,0.0
15413,0.0
15414,0.0
15415,0.0
15416,0.0
15417,0.0
15418,0.0
15419,0.0
15420,0.0
15421,0.0
15422,0.0
15423,0.0
15424,0.0
15425,0.0
15426,0.0
15427,0.0
15428,0.0
15429,0.0
15430,0.0
15431,0.0
15432,0.0
15433,0.0
15434,0.0
15435,0.0
15436,0.0
15437,0.0
15438,0.0
15439,0.0
15440,0.0
15441,0.0
15442,0.0
15443,0.0
15444,0.0
15445,0.0
15446,0.0
15447,0.0
15448,0.0
15449,0.0
15450,0.0
15451,0.0
15452,0.0
15453,0.0
15454,0.0
15455,0.0
15456,0.0
15457,0.0
15458,0.0
15459,0.0
15460,0.0
15461,0.0
15462,0.0
15463,0.0
15464,0.0
15465,0.0
15466,0.0
15467,0.0
15468,0.0
15469,0.0
15470,0.0
15471,0.0
15472,0.0
15473,0.0
15474,0.0
15475,0.0
15476,0.0
15477,0.0
15478,0.0
15479,0.0
15480,0.0
15481,0.0
15482,0.0
15483,0.0
15484,0.0
15485,0.0
15486,0.0
15487,0.0
15488,0.0
15489,0.0
15490,0.0
15491,0.0
15492,0.0
15493,0.0
15494,0.0
15495,0.0
15496,0.0
15497,0.0
15498,0.0
15499,0.0
15500,0.0
15501,0.0
15502,0.0
15503,0.0
15504,0.0
15505,0.0
15506,0.0
15507,0.0
15508,0.0
15509,0.0
15510,0.0
15511,0.0
15512,0.0
15513,0.0
15514,0.0
15515,0.0
15516,0.0
15517,0.0
15518,0.0
15519,0.0
15520,0.0
15521,0.0
15522,0.0
15523,0.0
15524,0.0
15525,0.0
15526,0.0
15527,0.0
15528,0.0
15529,0.0
15530,0.0
15531,0.0
15532,0.0
15533,0.0
15534,0.0
15535,0.0
15536,0.0
15537,0.0
15538,0.0
15539,0.0
15540,0.0
15541,0.0
15542,0.0
15543,0.0
15544,0.0
15545,0.0
15546,0.0
15547,0.0
15548,0.0
15549,0.0
15550,0.0
15551,0.0
15552,0.0
15553,0.0
15554,0.0
15555,0.0
15556,0.0
15557,0.0
15558,0.0
15559,0.0
15560,0.0
15561,0.0
15562,0.0
15563,0.0
15564,0.0
15565,0.0
15566,0.0
15567,0.0
15568,0.0
15569,0.0
15570,0.0
15571,0.0
15572,0.0
15573,0.0
15574,0.0
15575,0.0
15576,0.0
15577,0.0
15578,0.0
15579,0.0
15580,0.0
15581,0.0
15582,0.0
15583,0.0
15584,0.0
15585,0.0
15586,0.0
15587,0.0
15588,0.0
15589,0.0
15590,0.0
15591,0.0
15592,0.0
15593,0.0
15594,0.0
15595,0.0
15596,0.0
15597,0.0
15598,0.0
15599,0.0
15600,0.0
15601,578.1812018553417
15602,867.2718027830124
15603,1156.3624037106833
15604,1445.453004638354
15605,1734.5436055660248
15606,2023.634206493696
15607,2312.7248074213667
15608,2601.815408349037
15609,2890.906009276708
15610,3179.996610204379
15611,3469.0872111320496
15612,3758.1778120597205
15613,4047.268412987392
15614,4336.359013915062
15615,4625.449614842733
15616,4914.540215770404
15617,5203.630816698074
15618,5492.721417625746
15619,5781.812018553416
15620,6070.902619481087
15621,6359.993220408758
15622,6649.083821336429
15623,6938.174422264099
15624,7227.2650231917705
15625,7516.355624119441
15626,7805.4462250471115
15627,8094.536825974784
15628,8383.627426902454
15629,8672.718027830124
15630,8961.808628757795
15631,9250.899229685467
15632,9539.989830613136
15633,9829.080431540808
15634,10118.17103246848
15635,10407.261633396149
15636,10696.35223432382
15637,10985.442835251491
15638,11274.533436179161
15639,11563.624037106832
15640,11852.714638034504
15641,12141.805238962173
15642,12430.895839889845
15643,12719.986440817516
15644,13009.077041745186
15645,13298.167642672857
15646,13587.258243600529
15647,13876.348844528198
15648,14165.43944545587
15649,14454.530046383541
15650,14743.620647311212
15651,15032.711248238882
15652,15321.801849166553
15653,15610.892450094223
15654,15899.983051021894
15655,16189.073651949568
15656,16478.164252877235
15657,16767.25485380491
15658,17056.34545473258
15659,17345.436055660248
15660,17634.52665658792
15661,17923.61725751559
15662,18212.70785844326
15663,18501.798459370933
15664,18790.889060298603
15665,19079.979661226273
15666,19369.070262153946
15667,19658.160863081615
15668,19947.251464009285
15669,20236.34206493696
15670,20525.432665864628
15671,20814.523266792297
15672,21103.61386771997
15673,21392.70446864764
15674,21681.79506957531
15675,21970.885670502983
15676,22259.976271430653
15677,22549.066872358322
15678,22838.157473285995
15679,23127.248074213665
15680,23416.338675141335
15681,23705.429276069008
15682,23994.519876996677
15683,24283.610477924347
15684,24572.70107885202
15685,24861.79167977969
15686,25150.88228070736
15687,25439.972881635033
15688,25729.063482562702
15689,26018.15408349037
15690,26307.244684418045
15691,26596.335285345715
15692,26885.425886273384
15693,27174.516487201057
15694,27463.607088128727
15695,27752.697689056396
15696,28041.78828998407
15697,28330.87889091174
15698,28619.969491839413
15699,28909.060092767082
15700,29198.15069369475
15701,29487.241294622425
15702,29776.331895550094
15703,30065.422496477764
15704,30354.513097405437
15705,30643.603698333107
15706,30932.694299260776
15707,31221.784900188446
15708,31510.875501116123
15709,31799.96610204379
15710,32089.05670297146
15711,32378.147303899135
15712,32667.2379048268
15713,32956.32850575447
15714,33245.419106682144
15715,33534.50970760982
15716,33823.60030853748
15717,34112.69090946516
15718,34401.78151039283
15719,34690.872111320496
15720,34979.96271224817
15721,35269.05331317584
15722,35558.14391410351
15723,35847.23451503118
15724,36136.325115958854
15725,36425.41571688652
15726,36714.50631781419
15727,37003.59691874187
15728,37292.68751966953
15729,37581.778120597206
15730,37870.86872152488
15731,38159.959322452545
15732,38449.04992338022
15733,38738.14052430789
15734,39027.23112523556
15735,39316.32172616323
15736,39605.412327090904
15737,39894.50292801857
15738,40183.59352894624
15739,40472.68412987392
15740,40761.77473080158
15741,41050.865331729256
15742,41339.95593265693
15743,41629.046533584595
15744,41918.13713451227
15745,42207.22773543994
15746,42496.31833636761
15747,42785.40893729528
15748,43074.49953822295
15749,43363.59013915062
15750,43652.68074007829
15751,0.0
15752,0.0
15753,0.0
15754,0.0
15755,0.0
15756,0.0
15757,0.0
15758,0.0
15759,0.0
15760,0.0
15761,0.0
15762,0.0
15763,0.0
15764,0.0
15765,0.0
15766,0.0
15767,0.0
15768,0.0
15769,0.0
15770,0.0
15771,0.0
15772,0.0
15773,0.0
15774,0.0
15775,0.0
15776,0.0
15777,0.0
15778,0.0
15779,0.0
15780,0.0
15781,0.0
15782,0.0
15783,0.0
15784,0.0
15785,0.0
15786,0.0
15787,0.0
15788,0.0
15789,0.0
15790,0.0
15791,0.0
15792,0.0
15793,0.0
15794,0.0
15795,0.0
15796,0.0
15797,0.0
15798,0.0
15799,0.0
15800,0.0
15801,0.0
15802,0.0
15803,0.0
15804,0.0
15805,0.0
15806,0.0
15807,0.0
15808,0.0
15809,0.0
15810,0.0
15811,0.0
15812,0.0
15813,0.0
15814,0.0
15815,0.0
15816,0.0
15817,0.0
15818,0.0
15819,0.0
15820,0.0
15821,0.0
15822,0.0
15823,0.0
15824,0.0
15825,0.0
15826,0.0
15827,0.0
15828,0.0
15829,0.0
15830,0.0
15831,0.0
15832,0.0
15833,0.0
15834,0.0
15835,0.0
15836,0.0
15837,0.0
15838,0.0
15839,0.0
15840,0.0
15841,0.0
15842,0.0
15843,0.0
15844,0.0
15845,0.0
15846,0.0
15847,0.0
15848,0.0
15849,0.0
15850,0.0
15851,0.0
15852,0.0
15853,0.0
15854,0.0
15855,0.0
15856,0.0
15857,0.0
15858,0.0
15859,0.0
15860,0.0
15861,0.0
15862,0.0
15863,0.0
15864,0.0
15865,0.0
15866,0.0
15867,0.0
15868,0.0
15869,0.0
15870,0.0
15871,0.0
15872,0.0
15873,0.0
15874,0.0
15875,0.0
15876,0.0
15877,0.0
15878,0.0
15879,0.0
15880,0.0
15881,0.0
15882,0.0
15883,0.0
15884,0.0
15885,0.0
15886,0.0
15887,0.0
15888,0.0
15889,0.0
15890,0.0
15891,0.0
15892,0.0
15893,0.0
15894,0.0
15895,0.0
15896,0.0
15897,0.0
15898,0.0
15899,0.0
15900,0.0
15901,0.0
15902,0.0
15903,0.0
15904,0.0
15905,0.0
15906,0.0
15907,0.0
15908,0.0
15909,0.0
15910,0.0
15911,0.0
15912,0.0
15913,0.0
15914,0.0
15915,0.0
15916,0.0
15917,0.0
15918,0.0
15919,0.0
15920,0.0
15921,0.0
15922,0.0
15923,0.0
15924,0.0
15925,0.0
15926,0.0
15927,0.0
15928,0.0
15929,0.0
15930,0.0
15931,0.0
15932,0.0
15933,0.0
15934,0.0
15935,0.0
15936,0.0
15937,0.0
15938,0.0
15939,0.0
15940,0.0
15941,0.0
15942,0.0
15943,0.0
15944,0.0
15945,0.0
15946,0.0
15947,0.0
15948,0.0
15949,0.0
15950,0.0
15951,0.0
15952,0.0
15953,0.0
15954,0.0
15955,0.0
15956,0.0
15957,0.0
15958,0.0
15959,0.0
15960,0.0
15961,0.0
15962,0.0
15963,0.0
15964,0.0
15965,0.0
15966,0.0
15967,0.0
15968,0.0
15969,0.0
15970,0.0
15971,0.0
15972,0.0
15973,0.0
15974,0.0
15975,0.0
15976,0.0
15977,0.0
15978,0.0
15979,0.0
15980,0.0
15981,0.0
15982,0.0
15983,0.0
15984,0.0
15985,0.0
15986,0.0
15987,0.0
15988,0.0
15989,0.0
15990,0.0
15991,0.0
15992,0.0
15993,0.0
15994,0.0
15995,0.0
15996,0.0
15997,0.0
15998,0.0
15999,0.0
16000,0.0
16001,0.0
16002,0.0
16003,0.0
16004,0.0
16005,0.0
16006,0.0
16007,0.0
16008,0.0
16009,0.0
16010,0.0
16011,0.0
16012,0.0
16013,0.0
16014,0.0
16015,0.0
16016,0.0
16017,0.0
16018,0.0
16019,0.0
16020,0.0
16021,0.0
16022,0.0
16023,0.0
16024,0.0
16025,0.0
16026,0.0
16027,0.0
16028,0.0
16029,0.0
16030,0.0
16031,0.0
16032,0.0
16033,0.0
16034,0.0
16035,0.0
16036,0.0
16037,0.0
16038,0.0
16039,0.0
16040,0.0
16041,0.0
16042,0.0
16043,0.0
16044,0.0
16045,0.0
16046,0.0
16047,0.0
16048,0.0
16049,0.0
16050,0.0
16051,0.0
16052,0.0
16053,0.0
16054,0.0
16055,0.0
16056,0.0
16057,0.0
16058,0.0
16059,0.0
16060,0.0
16061,0.0
16062,0.0
16063,0.0
16064,0.0
16065,0.0
16066,0.0
16067,0.0
16068,0.0
16069,0.0
16070,0.0
16071,0.0
16072,0.0
16073,0.0
16074,0.0
16075,0.0
16076,0.0
16077,0.0
16078,0.0
16079,0.0
16080,0.0
16081,0.0
16082,0.0
16083,0.0
16084,0.0
16085,0.0
16086,0.0
16087,0.0
16088,0.0
16089,0.0
16090,0.0
16091,0.0
16092,0.0
16093,0.0
16094,0.0
16095,0.0
16096,0.0
16097,0.0
16098,0.0
16099,0.0
16100,0.0
16101,0.0
16102,0.0
16103,0.0
16104,0.0
16105,0.0
16106,0.0
16107,0.0
16108,0.0
16109,0.0
16110,0.0
16111,0.0
16112,0.0
16113,0.0
16114,0.0
16115,0.0
16116,0.0
16117,0.0
16118,0.0
16119,0.0
16120,0.0
16121,0.0
16122,0.0
16123,0.0
16124,0.0
16125,0.0
16126,0.0
16127,0.0
16128,0.0
16129,0.0
16130,0.0
16131,0.0
16132,0.0
16133,0.0
16134,0.0
16135,0.0
16136,0.0
16137,0.0
16138,0.0
16139,0.0
16140,0.0
16141,0.0
16142,0.0
16143,0.0
16144,0.0
16145,0.0
16146,0.0
16147,0.0
16148,0.0
16149,0.0
16150,0.0
16151,0.0
16152,0.0
16153,0.0
16154,0.0
16155,0.0
16156,0.0
16157,0.0
16158,0.0
16159,0.0
16160,0.0
16161,0.0
16162,0.0
16163,0.0
16164,0.0
16165,0.0
16166,0.0
16167,0.0
16168,0.0
16169,0.0
16170,0.0
16171,0.0
16172,0.0
16173,0.0
16174,0.0
16175,0.0
16176,0.0
16177,0.0
16178,0.0
16179,0.0
16180,0.0
16181,0.0
16182,0.0
16183,0.0
16184,0.0
16185,0.0
16186,0.0
16187,0.0
16188,0.0
16189,0.0
16190,0.0
16191,0.0
16192,0.0
16193,0.0
16194,0.0
16195,0.0
16196,0.0
16197,0.0
16198,0.0
16199,0.0
16200,0.0
16201,0.0
16202,0.0
16203,0.0
16204,0.0
16205,0.0
16206,0.0
16207,0.0
16208,0.0
16209,0.0
16210,0.0
16211,0.0
16212,0.0
16213,0.0
16214,0.0
16215,0.0
16216,0.0
16217,0.0
16218,0.0
16219,0.0
16220,0.0
16221,0.0
16222,0.0
16223,0.0
16224,0.0
16225,0.0
16226,0.0
16227,0.0
16228,0.0
16229,0.0
16230,0.0
16231,0.0
16232,0.0
16233,0.0
16234,0.0
16235,0.0
16236,0.0
16237,0.0
16238,0.0
16239,0.0
16240,0.0
16241,0.0
16242,0.0
16243,0.0
16244,0.0
16245,0.0
16246,0.0
16247,0.0
16248,0.0
16249,0.0
16250,0.0
16251,0.0
16252,0.0
16253,0.0
16254,0.0
16255,0.0
16256,0.0
16257,0.0
16258,0.0
16259,0.0
16260,0.0
16261,0.0
16262,0.0
16263,0.0
16264,0.0
16265,0.0
16266,0.0
16267,0.0
16268,0.0
16269,0.0
16270,0.0
16271,0.0
16272,0.0
16273,0.0
16274,0.0
16275,0.0
16276,0.0
16277,0.0
16278,0.0
16279,0.0
16280,0.0
16281,0.0
16282,0.0
16283,0.0
16284,0.0
16285,0.0
16286,0.0
16287,0.0
16288,0.0
16289,0.0
16290,0.0
16291,0.0
16292,0.0
16293,0.0
16294,0.0
16295,0.0
16296,0.0
16297,0.0
16298,0.0
16299,0.0
16300,0.0
16301,0.0
16302,0.0
16303,0.0
16304,0.0
16305,0.0
16306,0.0
16307,0.0
16308,0.0
16309,0.0
16310,0.0
16311,0.0
16312,0.0
16313,0.0
16314,0.0
16315,0.0
16316,0.0
16317,0.0
16318,0.0
16319,0.0
16320,0.0
16321,0.0
16322,0.0
16323,0.0
16324,0.0
16325,0.0
16326,0.0
16327,0.0
16328,0.0
16329,0.0
16330,0.0
16331,0.0
16332,0.0
16333,0.0
16334,0.0
16335,0.0
16336,0.0
16337,0.0
16338,0.0
16339,0.0
16340,0.0
16341,0.0
16342,0.0
16343,0.0
16344,0.0
16345,0.0
16346,0.0
16347,0.0
16348,0.0
16349,0.0
16350,0.0
16351,0.0
16352,0.0
16353,0.0
16354,0.0
16355,0.0
16356,0.0
16357,0.0
16358,0.0
16359,0.0
16360,0.0
16361,0.0
16362,0.0
16363,0.0
16364,0.0
16365,0.0
16366,0.0
16367,0.0
16368,0.0
16369,0.0
16370,0.0
16371,0.0
16372,0.0
16373,0.0
16374,0.0
16375,0.0
16376,0.0
16377,0.0
16378,0.0
16379,0.0
16380,0.0
16381,0.0
16382,0.0
16383,0.0
16384,0.0
16385,0.0
16386,0.0
16387,0.0
16388,0.0
16389,0.0
16390,0.0
16391,0.0
16392,0.0
16393,0.0
16394,0.0
16395,0.0
16396,0.0
16397,0.0
16398,0.0
16399,0.0
16400,0.0
16401,0.0
16402,0.0
16403,0.0
16404,0.0
16405,0.0
16406,0.0
16407,0.0
16408,0.0
16409,0.0
16410,0.0
16411,0.0
16412,0.0
16413,0.0
16414,0.0
16415,0.0
16416,0.0
16417,0.0
16418,0.0
16419,0.0
16420,0.0
16421,0.0
16422,0.0
16423,0.0
16424,0.0
16425,0.0
16426,0.0
16427,0.0
16428,0.0
16429,0.0
16430,0.0
16431,0.0
16432,0.0
16433,0.0
16434,0.0
16435,0.0
16436,0.0
16437,0.0
16438,0.0
16439,0.0
16440,0.0
16441,0.0
16442,0.0
16443,0.0
16444,0.0
16445,0.0
16446,0.0
16447,0.0
16448,0.0
16449,0.0
16450,0.0
16451,0.0
16452,0.0
16453,0.0
16454,0.0
16455,0.0
16456,0.0
16457,0.0
16458,0.0
16459,0.0
16460,0.0
16461,0.0
16462,0.0
16463,0.0
16464,0.0
16465,0.0
16466,0.0
16467,0.0
16468,0.0
16469,0.0
16470,0.0
16471,0.0
16472,0.0
16473,0.0
16474,0.0
16475,0.0
16476,0.0
16477,0.0
16478,0.0
16479,0.0
16480,0.0
16481,0.0
16482,0.0
16483,0.0
16484,0.0
16485,0.0
16486,0.0
16487,0.0
16488,0.0
16489,0.0
16490,0.0
16491,0.0
16492,0.0
16493,0.0
16494,0.0
16495,0.0
16496,0.0
16497,0.0
16498,0.0
16499,0.0
16500,0.0
16501,0.0
16502,0.0
16503,0.0
16504,0.0
16505,0.0
16506,0.0
16507,0.0
16508,0.0
16509,0.0
16510,0.0
16511,0.0
16512,0.0
16513,0.0
16514,0.0
16515,0.0
16516,0.0
16517,0.0
16518,0.0
16519,0.0
16520,0.0
16521,0.0
16522,0.0
16523,0.0
16524,0.0
16525,0.0
16526,0.0
16527,0.0
16528,0.0
16529,0.0
16530,0.0
16531,0.0
16532,0.0
16533,0.0
16534,0.0
16535,0.0
16536,0.0
16537,0.0
16538,0.0
16539,0.0
16540,0.0
16541,0.0
16542,0.0
16543,0.0
16544,0.0
16545,0.0
16546,0.0
16547,0.0
16548,0.0
16549,0.0
16550,0.0
16551,0.0
16552,0.0
16553,0.0
16554,0.0
16555,0.0
16556,0.0
16557,0.0
16558,0.0
16559,0.0
16560,0.0
16561,0.0
16562,0.0
16563,0.0
16564,0.0
16565,0.0
16566,0.0
16567,0.0
16568,0.0
16569,0.0
16570,0.0
16571,0.0
16572,0.0
16573,0.0
16574,0.0
16575,0.0
16576,0.0
16577,0.0
16578,0.0
16579,0.0
16580,0.0
16581,0.0
16582,0.0
16583,0.0
16584,0.0
16585,0.0
16586,0.0
16587,0.0
16588,0.0
16589,0.0
16590,0.0
16591,0.0
16592,0.0
16593,0.0
16594,0.0
16595,0.0
16596,0.0
16597,0.0
16598,0.0
16599,0.0
16600,0.0
16601,0.0
16602,0.0
16603,0.0
16604,0.0
16605,0.0
16606,0.0
16607,0.0
16608,0.0
16609,0.0
16610,0.0
16611,0.0
16612,0.0
16613,0.0
16614,0.0
16615,0.0
16616,0.0
16617,0.0
16618,0.0
16619,0.0
16620,0.0
16621,0.0
16622,0.0
16623,0.0
16624,0.0
16625,0.0
16626,0.0
16627,0.0
16628,0.0
16629,0.0
16630,0.0
16631,0.0
16632,0.0
16633,0.0
16634,0.0
16635,0.0
16636,0.0
16637,0.0
16638,0.0
16639,0.0
16640,0.0
16641,0.0
16642,0.0
16643,0.0
16644,0.0
16645,0.0
16646,0.0
16647,0.0
16648,0.0
16649,0.0
16650,0.0
16651,0.0
16652,0.0
16653,0.0
16654,0.0
16655,0.0
16656,0.0
16657,0.0
16658,0.0
16659,0.0
16660,0.0
16661,0.0
16662,0.0
16663,0.0
16664,0.0
16665,0.0
16666,0.0
16667,0.0
16668,0.0
16669,0.0
16670,0.0
16671,0.0
16672,0.0
16673,0.0
16674,0.0
16675,0.0
16676,0.0
16677,0.0
16678,0.0
16679,0.0
16680,0.0
16681,0.0
16682,0.0
16683,0.0
16684,0.0
16685,0.0
16686,0.0
16687,0.0
16688,0.0
16689,0.0
16690,0.0
16691,0.0
16692,0.0
16693,0.0
16694,0.0
16695,0.0
16696,0.0
16697,0.0
16698,0.0
16699,0.0
16700,0.0
16701,0.0
16702,0.0
16703,0.0
16704,0.0
16705,0.0
16706,0.0
16707,0.0
16708,0.0
16709,0.0
16710,0.0
16711,0.0
16712,0.0
16713,0.0
16714,0.0
16715,0.0
16716,0.0
16717,0.0
16718,0.0
16719,0.0
16720,0.0
16721,0.0
16722,0.0
16723,0.0
16724,0.0
16725,0.0
16726,0.0
16727,0.0
16728,0.0
16729,0.0
16730,0.0
16731,0.0
16732,0.0
16733,0.0
16734,0.0
16735,0.0
16736,0.0
16737,0.0
16738,0.0
16739,0.0
16740,0.0
16741,0.0
16742,0.0
16743,0.0
16744,0.0
16745,0.0
16746,0.0
16747,0.0
16748,0.0
16749,0.0
16750,0.0
16751,0.0
16752,0.0
16753,0.0
16754,0.0
16755,0.0
16756,0.0
16757,0.0
16758,0.0
16759,0.0
16760,0.0
16761,0.0
16762,0.0
16763,0.0
16764,0.0
16765,0.0
16766,0.0
16767,0.0
16768,0.0
16769,0.0
16770,0.0
16771,0.0
16772,0.0
16773,0.0
16774,0.0
16775,0.0
16776,0.0
16777,0.0
16778,0.0
16779,0.0
16780,0.0
16781,0.0
16782,0.0
16783,0.0
16784,0.0
16785,0.0
16786,0.0
16787,0.0
16788,0.0
16789,0.0
16790,0.0
16791,0.0
16792,0.0
16793,0.0
16794,0.0
16795,0.0
16796,0.0
16797,0.0
16798,0.0
16799,0.0
16800,0.0
16801,0.0
16802,0.0
16803,0.0
16804,0.0
16805,0.0
16806,0.0
16807,0.0
16808,0.0
16809,0.0
16810,0.0
16811,0.0
16812,0.0
16813,0.0
16814,0.0
16815,0.0
16816,0.0
16817,0.0
16818,0.0
16819,0.0
16820,0.0
16821,0.0
16822,0.0
16823,0.0
16824,0.0
16825,0.0
16826,0.0
16827,0.0
16828,0.0
16829,0.0
16830,0.0
16831,0.0
16832,0.0
16833,0.0
16834,0.0
16835,0.0
16836,0.0
16837,0.0
16838,0.0
16839,0.0
16840,0.0
16841,0.0
16842,0.0
16843,0.0
16844,0.0
16845,0.0
16846,0.0
16847,0.0
16848,0.0
16849,0.0
16850,0.0
16851,0.0
16852,0.0
16853,0.0
16854,0.0
16855,0.0
16856,0.0
16857,0.0
16858,0.0
16859,0.0
16860,0.0
16861,0.0
16862,0.0
16863,0.0
16864,0.0
16865,0.0
16866,0.0
16867,0.0
16868,0.0
16869,0.0
16870,0.0
16871,0.0
16872,0.0
16873,0.0
16874,0.0
16875,0.0
16876,0.0
16877,0.0
16878,0.0
16879,0.0
16880,0.0
16881,0.0
16882,0.0
16883,0.0
16884,0.0
16885,0.0
16886,0.0
16887,0.0
16888,0.0
16889,0.0
16890,0.0
16891,0.0
16892,0.0
16893,0.0
16894,0.0
16895,0.0
16896,0.0
16897,0.0
16898,0.0
16899,0.0
16900,0.0
16901,0.0
16902,0.0
16903,0.0
16904,0.0
16905,0.0
16906,0.0
16907,0.0
16908,0.0
16909,0.0
16910,0.0
16911,0.0
16912,0.0
16913,0.0
16914,0.0
16915,0.0
16916,0.0
16917,0.0
16918,0.0
16919,0.0
16920,0.0
16921,0.0
16922,0.0
16923,0.0
16924,0.0
16925,0.0
16926,0.0
16927,0.0
16928,0.0
16929,0.0
16930,0.0
16931,0.0
16932,0.0
16933,0.0
16934,0.0
16935,0.0
16936,0.0
16937,0.0
16938,0.0
16939,0.0
16940,0.0
16941,0.0
16942,0.0
16943,0.0
16944,0.0
16945,0.0
16946,0.0
16947,0.0
16948,0.0
16949,0.0
16950,0.0
16951,0.0
16952,0.0
16953,0.0
16954,0.0
16955,0.0
16956,0.0
16957,0.0
16958,0.0
16959,0.0
16960,0.0
16961,0.0
16962,0.0
16963,0.0
16964,0.0
16965,0.0
16966,0.0
16967,0.0
16968,0.0
16969,0.0
16970,0.0
16971,0.0
16972,0.0
16973,0.0
16974,0.0
16975,0.0
16976,0.0
16977,0.0
16978,0.0
16979,0.0
16980,0.0
16981,0.0
16982,0.0
16983,0.0
16984,0.0
16985,0.0
16986,0.0
16987,0.0
16988,0.0
16989,0.0
16990,0.0
16991,0.0
16992,0.0
16993,0.0
16994,0.0
16995,0.0
16996,0.0
16997,0.0
16998,0.0
16999,0.0
17000,0.0
17001,0.0
17002,0.0
17003,0.0
17004,0.0
17005,0.0
17006,0.0
17007,0.0
17008,0.0
17009,0.0
17010,0.0
17011,0.0
17012,0.0
17013,0.0
17014,0.0
17015,0.0
17016,0.0
17017,0.0
17018,0.0
17019,0.0
17020,0.0
17021,0.0
17022,0.0
17023,0.0
17024,0.0
17025,0.0
17026,0.0
17027,0.0
17028,0.0
17029,0.0
17030,0.0
17031,0.0
17032,0.0
17033,0.0
17034,0.0
17035,0.0
17036,0.0
17037,0.0
17038,0.0
17039,0.0
17040,0.0
17041,0.0
17042,0.0
17043,0.0
17044,0.0
17045,0.0
17046,0.0
17047,0.0
17048,0.0
17049,0.0
17050,0.0
17051,0.0
17052,0.0
17053,0.0
17054,0.0
17055,0.0
17056,0.0
17057,0.0
17058,0.0
17059,0.0
17060,0.0
17061,0.0
17062,0.0
17063,0.0
17064,0.0
17065,0.0
17066,0.0
17067,0.0
17068,0.0
17069,0.0
17070,0.0
17071,0.0
17072,0.0
17073,0.0
17074,0.0
17075,0.0
17076,0.0
17077,0.0
17078,0.0
17079,0.0
17080,0.0
17081,0.0
17082,0.0
17083,0.0
17084,0.0
17085,0.0
17086,0.0
17087,0.0
17088,0.0
17089,0.0
17090,0.0
17091,0.0
17092,0.0
17093,0.0
17094,0.0
17095,0.0
17096,0.0
17097,0.0
17098,0.0
17099,0.0
17100,0.0
17101,0.0
17102,0.0
17103,0.0
17104,0.0
17105,0.0
17106,0.0
17107,0.0
17108,0.0
17109,0.0
17110,0.0
17111,0.0
17112,0.0
17113,0.0
17114,0.0
17115,0.0
17116,0.0
17117,0.0
17118,0.0
17119,0.0
17120,0.0
17121,0.0
17122,0.0
17123,0.0
17124,0.0
17125,0.0
17126,0.0
17127,0.0
17128,0.0
17129,0.0
17130,0.0
17131,0.0
17132,0.0
17133,0.0
17134,0.0
17135,0.0
17136,0.0
17137,0.0
17138,0.0
17139,0.0
17140,0.0
17141,0.0
17142,0.0
17143,0.0
17144,0.0
17145,0.0
17146,0.0
17147,0.0
17148,0.0
17149,0.0
17150,0.0
17151,0.0
17152,0.0
17153,0.0
17154,0.0
17155,0.0
17156,0.0
17157,0.0
17158,0.0
17159,0.0
17160,0.0
17161,0.0
17162,0.0
17163,0.0
17164,0.0
17165,0.0
17166,0.0
17167,0.0
17168,0.0
17169,0.0
17170,0.0
17171,0.0
17172,0.0
17173,0.0
17174,0.0
17175,0.0
17176,0.0
17177,0.0
17178,0.0
17179,0.0
17180,0.0
17181,0.0
17182,0.0
17183,0.0
17184,0.0
17185,0.0
17186,0.0
17187,0.0
17188,0.0
17189,0.0
17190,0.0
17191,0.0
17192,0.0
17193,0.0
17194,0.0
17195,0.0
17196,0.0
17197,0.0
17198,0.0
17199,0.0
17200,0.0
17201,0.0
17202,0.0
17203,0.0
17204,0.0
17205,0.0
17206,0.0
17207,0.0
17208,0.0
17209,0.0
17210,0.0
17211,0.0
17212,0.0
17213,0.0
17214,0.0
17215,0.0
17216,0.0
17217,0.0
17218,0.0
17219,0.0
17220,0.0
17221,0.0
17222,0.0
17223,0.0
17224,0.0
17225,0.0
17226,0.0
17227,0.0
17228,0.0
17229,0.0
17230,0.0
17231,0.0
17232,0.0
17233,0.0
17234,0.0
17235,0.0
17236,0.0
17237,0.0
17238,0.0
17239,0.0
17240,0.0
17241,0.0
17242,0.0
17243,0.0
17244,0.0
17245,0.0
17246,0.0
17247,0.0
17248,0.0
17249,0.0
17250,0.0
17251,0.0
17252,0.0
17253,0.0
17254,0.0
17255,0.0
17256,0.0
17257,0.0
17258,0.0
17259,0.0
17260,0.0
17261,0.0
17262,0.0
17263,0.0
17264,0.0
17265,0.0
17266,0.0
17267,0.0
17268,0.0
17269,0.0
17270,0.0
17271,0.0
17272,0.0
17273,0.0
17274,0.0
17275,0.0
17276,0.0
17277,0.0
17278,0.0
17279,0.0
17280,0.0
17281,0.0
17282,0.0
17283,0.0
17284,0.0
17285,0.0
17286,0.0
17287,0.0
17288,0.0
17289,0.0
17290,0.0
17291,0.0
17292,0.0
17293,0.0
17294,0.0
17295,0.0
17296,0.0
17297,0.0
17298,0.0
17299,0.0
17300,0.0
17301,0.0
17302,0.0
17303,0.0
17304,0.0
17305,0.0
17306,0.0
17307,0.0
17308,0.0
17309,0.0
17310,0.0
17311,0.0
17312,0.0
17313,0.0
17314,0.0
17315,0.0
17316,0.0
17317,0.0
17318,0.0
17319,0.0
17320,0.0
17321,0.0
17322,0.0
17323,0.0
17324,0.0
17325,0.0
17326,0.0
17327,0.0
17328,0.0
17329,0.0
17330,0.0
17331,0.0
17332,0.0
17333,0.0
17334,0.0
17335,0.0
17336,0.0
17337,0.0
17338,0.0
17339,0.0
17340,0.0
17341,0.0
17342,0.0
17343,0.0
17344,0.0
17345,0.0
17346,0.0
17347,0.0
17348,0.0
17349,0.0
17350,0.0
17351,0.0
17352,0.0
17353,0.0
17354,0.0
17355,0.0
17356,0.0
17357,0.0
17358,0.0
17359,0.0
17360,0.0
17361,0.0
17362,0.0
17363,0.0
17364,0.0
17365,0.0
17366,0.0
17367,0.0
17368,0.0
17369,0.0
17370,0.0
17371,0.0
17372,0.0
17373,0.0
17374,0.0
17375,0.0
17376,0.0
17377,0.0
17378,0.0
17379,0.0
17380,0.0
17381,0.0
17382,0.0
17383,0.0
17384,0.0
17385,0.0
17386,0.0
17387,0.0
17388,0.0
17389,0.0
17390,0.0
17391,0.0
17392,0.0
17393,0.0
17394,0.0
17395,0.0
17396,0.0
17397,0.0
17398,0.0
17399,0.0
17400,0.0
17401,0.0
17402,0.0
17403,0.0
17404,0.0
17405,0.0
17406,0.0
17407,0.0
17408,0.0
17409,0.0
17410,0.0
17411,0.0
17412,0.0
17413,0.0
17414,0.0
17415,0.0
17416,0.0
17417,0.0
17418,0.0
17419,0.0
17420,0.0
17421,0.0
17422,0.0
17423,0.0
17424,0.0
17425,0.0
17426,0.0
17427,0.0
17428,0.0
17429,0.0
17430,0.0
17431,0.0
17432,0.0
17433,0.0
17434,0.0
17435,0.0
17436,0.0
17437,0.0
17438,0.0
17439,0.0
17440,0.0
17441,0.0
17442,0.0
17443,0.0
17444,0.0
17445,0.0
17446,0.0
17447,0.0
17448,0.0
17449,0.0
17450,0.0
17451,0.0
17452,0.0
17453,0.0
17454,0.0
17455,0.0
17456,0.0
17457,0.0
17458,0.0
17459,0.0
17460,0.0
17461,0.0
17462,0.0
17463,0.0
17464,0.0
17465,0.0
17466,0.0
17467,0.0
17468,0.0
17469,0.0
17470,0.0
17471,0.0
17472,0.0
17473,0.0
17474,0.0
17475,0.0
17476,0.0
17477,0.0
17478,0.0
17479,0.0
17480,0.0
17481,0.0
17482,0.0
17483,0.0
17484,0.0
17485,0.0
17486,0.0
17487,0.0
17488,0.0
17489,0.0
17490,0.0
17491,0.0
17492,0.0
17493,0.0
17494,0.0
17495,0.0
17496,0.0
17497,0.0
17498,0.0
17499,0.0
17500,0.0
17501,0.0
17502,0.0
17503,0.0
17504,0.0
17505,0.0
17506,0.0
17507,0.0
17508,0.0
17509,0.0
17510,0.0
17511,0.0
17512,0.0
17513,0.0
17514,0.0
17515,0.0
17516,0.0
17517,0.0
17518,0.0
17519,0.0
17520,0.0
17521,0.0
17522,0.0
17523,0.0
17524,0.0
17525,0.0
17526,0.0
17527,0.0
17528,0.0
17529,0.0
17530,0.0
17531,0.0
17532,0.0
17533,0.0
17534,0.0
17535,0.0
17536,0.0
17537,0.0
17538,0.0
17539,0.0
17540,0.0
17541,0.0
17542,0.0
17543,0.0
17544,0.0
17545,0.0
17546,0.0
17547,0.0
17548,0.0
17549,0.0
17550,0.0
17551,0.0
17552,0.0
17553,0.0
17554,0.0
17555,0.0
17556,0.0
17557,0.0
17558,0.0
17559,0.0
17560,0.0
17561,0.0
17562,0.0
17563,0.0
17564,0.0
17565,0.0
17566,0.0
17567,0.0
17568,0.0
17569,0.0
17570,0.0
17571,0.0
17572,0.0
17573,0.0
17574,0.0
17575,0.0
17576,0.0
17577,0.0
17578,0.0
17579,0.0
17580,0.0
17581,0.0
17582,0.0
17583,0.0
17584,0.0
17585,0.0
17586,0.0
17587,0.0
17588,0.0
17589,0.0
17590,0.0
17591,0.0
17592,0.0
17593,0.0
17594,0.0
17595,0.0
17596,0.0
17597,0.0
17598,0.0
17599,0.0
17600,0.0
17601,0.0
17602,0.0
17603,0.0
17604,0.0
17605,0.0
17606,0.0
17607,0.0
17608,0.0
17609,0.0
17610,0.0
17611,0.0
17612,0.0
17613,0.0
17614,0.0
17615,0.0
17616,0.0
17617,0.0
17618,0.0
17619,0.0
17620,0.0
17621,0.0
17622,0.0
17623,0.0
17624,0.0
17625,0.0
17626,0.0
17627,0.0
17628,0.0
17629,0.0
17630,0.0
17631,0.0
17632,0.0
17633,0.0
17634,0.0
17635,0.0
17636,0.0
17637,0.0
17638,0.0
17639,0.0
17640,0.0
17641,0.0
17642,0.0
17643,0.0
17644,0.0
17645,0.0
17646,0.0
17647,0.0
17648,0.0
17649,0.0
17650,0.0
17651,0.0
17652,0.0
17653,0.0
17654,0.0
17655,0.0
17656,0.0
17657,0.0
17658,0.0
17659,0.0
17660,0.0
17661,0.0
17662,0.0
17663,0.0
17664,0.0
17665,0.0
17666,0.0
17667,0.0
17668,0.0
17669,0.0
17670,0.0
17671,0.0
17672,0.0
17673,0.0
17674,0.0
17675,0.0
17676,0.0
17677,0.0
17678,0.0
17679,0.0
17680,0.0
17681,0.0
17682,0.0
17683,0.0
17684,0.0
17685,0.0
17686,0.0
17687,0.0
17688,0.0
17689,0.0
17690,0.0
17691,0.0
17692,0.0
17693,0.0
17694,0.0
17695,0.0
17696,0.0
17697,0.0
17698,0.0
17699,0.0
17700,0.0
17701,0.0
17702,0.0
17703,0.0
17704,0.0
17705,0.0
17706,0.0
17707,0.0
17708,0.0
17709,0.0
17710,0.0
17711,0.0
17712,0.0
17713,0.0
17714,0.0
17715,0.0
17716,0.0
17717,0.0
17718,0.0
17719,0.0
17720,0.0
17721,0.0
17722,0.0
17723,0.0
17724,0.0
17725,0.0
17726,0.0
17727,0.0
17728,0.0
17729,0.0
17730,0.0
17731,0.0
17732,0.0
17733,0.0
17734,0.0
17735,0.0
17736,0.0
17737,0.0
17738,0.0
17739,0.0
17740,0.0
17741,0.0
17742,0.0
17743,0.0
17744,0.0
17745,0.0
17746,0.0
17747,0.0
17748,0.0
17749,0.0
17750,0.0
17751,0.0
17752,0.0
17753,0.0
17754,0.0
17755,0.0
17756,0.0
17757,0.0
17758,0.0
17759,0.0
17760,0.0
17761,0.0
17762,0.0
17763,0.0
17764,0.0
17765,0.0
17766,0.0
17767,0.0
17768,0.0
17769,0.0
17770,0.0
17771,0.0
17772,0.0
17773,0.0
17774,0.0
17775,0.0
17776,0.0
17777,0.0
17778,0.0
17779,0.0
17780,0.0
17781,0.0
17782,0.0
17783,0.0
17784,0.0
17785,0.0
17786,0.0
17787,0.0
17788,0.0
17789,0.0
17790,0.0
17791,0.0
17792,0.0
17793,0.0
17794,0.0
17795,0.0
17796,0.0
17797,0.0
17798,0.0
17799,0.0
17800,0.0
17801,0.0
17802,0.0
17803,0.0
17804,0.0
17805,0.0
17806,0.0
17807,0.0
17808,0.0
17809,0.0
17810,0.0
17811,0.0
17812,0.0
17813,0.0
17814,0.0
17815,0.0
17816,0.0
17817,0.0
17818,0.0
17819,0.0
17820,0.0
17821,0.0
17822,0.0
17823,0.0
17824,0.0
17825,0.0
17826,0.0
17827,0.0
17828,0.0
17829,0.0
17830,0.0
17831,0.0
17832,0.0
17833,0.0
17834,0.0
17835,0.0
17836,0.0
17837,0.0
17838,0.0
17839,0.0
17840,0.0
17841,0.0
17842,0.0
17843,0.0
17844,0.0
17845,0.0
17846,0.0
17847,0.0
17848,0.0
17849,0.0
17850,0.0
17851,0.0
17852,0.0
17853,0.0
17854,0.0
17855,0.0
17856,0.0
17857,0.0
17858,0.0
17859,0.0
17860,0.0
17861,0.0
17862,0.0
17863,0.0
17864,0.0
17865,0.0
17866,0.0
17867,0.0
17868,0.0
17869,0.0
17870,0.0
17871,0.0
17872,0.0
17873,0.0
17874,0.0
17875,0.0
17876,0.0
17877,0.0
17878,0.0
17879,0.0
17880,0.0
17881,0.0
17882,0.0
17883,0.0
17884,0.0
17885,0.0
17886,0.0
17887,0.0
17888,0.0
17889,0.0
17890,0.0
17891,0.0
17892,0.0
17893,0.0
17894,0.0
17895,0.0
17896,0.0
17897,0.0
17898,0.0
17899,0.0
17900,0.0
17901,0.0
17902,0.0
17903,0.0
17904,0.0
17905,0.0
17906,0.0
17907,0.0
17908,0.0
17909,0.0
17910,0.0
17911,0.0
17912,0.0
17913,0.0
17914,0.0
17915,0.0
17916,0.0
17917,0.0
17918,0.0
17919,0.0
17920,0.0
17921,0.0
17922,0.0
17923,0.0
17924,0.0
17925,0.0
17926,0.0
17927,0.0
17928,0.0
17929,0.0
17930,0.0
17931,0.0
17932,0.0
17933,0.0
17934,0.0
17935,0.0
17936,0.0
17937,0.0
17938,0.0
17939,0.0
17940,0.0
17941,0.0
17942,0.0
17943,0.0
17944,0.0
17945,0.0
17946,0.0
17947,0.0
17948,0.0
17949,0.0
17950,0.0
17951,0.0
17952,0.0
17953,0.0
17954,0.0
17955,0.0
17956,0.0
17957,0.0
17958,0.0
17959,0.0
17960,0.0
17961,0.0
17962,0.0
17963,0.0
17964,0.0
17965,0.0
17966,0.0
17967,0.0
17968,0.0
17969,0.0
17970,0.0
17971,0.0
17972,0.0
17973,0.0
17974,0.0
17975,0.0
17976,0.0
17977,0.0
17978,0.0
17979,0.0
17980,0.0
17981,0.0
17982,0.0
17983,0.0
17984,0.0
17985,0.0
17986,0.0
17987,0.0
17988,0.0
17989,0.0
17990,0.0
17991,0.0
17992,0.0
17993,0.0
17994,0.0
17995,0.0
17996,0.0
17997,0.0
17998,0.0
17999,0.0
18000,0.0
18001,0.0
18002,0.0
18003,0.0
18004,0.0
18005,0.0
18006,0.0
18007,0.0
18008,0.0
18009,0.0
18010,0.0
18011,0.0
18012,0.0
18013,0.0
18014,0.0
18015,0.0
18016,0.0
18017,0.0
18018,0.0
18019,0.0
18020,0.0
18021,0.0
18022,0.0
18023,0.0
18024,0.0
18025,0.0
18026,0.0
18027,0.0
18028,0.0
18029,0.0
18030,0.0
18031,0.0
18032,0.0
18033,0.0
18034,0.0
18035,0.0
18036,0.0
18037,0.0
18038,0.0
18039,0.0
18040,0.0
18041,0.0
18042,0.0
18043,0.0
18044,0.0
18045,0.0
18046,0.0
18047,0.0
18048,0.0
18049,0.0
18050,0.0
18051,0.0
18052,0.0
18053,0.0
18054,0.0
18055,0.0
18056,0.0
18057,0.0
18058,0.0
18059,0.0
18060,0.0
18061,0.0
18062,0.0
18063,0.0
18064,0.0
18065,0.0
18066,0.0
18067,0.0
18068,0.0
18069,0.0
18070,0.0
18071,0.0
18072,0.0
18073,0.0
18074,0.0
18075,0.0
18076,0.0
18077,0.0
18078,0.0
18079,0.0
18080,0.0
18081,0.0
18082,0.0
18083,0.0
18084,0.0
18085,0.0
18086,0.0
18087,0.0
18088,0.0
18089,0.0
18090,0.0
18091,0.0
18092,0.0
18093,0.0
18094,0.0
18095,0.0
18096,0.0
18097,0.0
18098,0.0
18099,0.0
18100,0.0
18101,0.0
18102,0.0
18103,0.0
18104,0.0
18105,0.0
18106,0.0
18107,0.0
18108,0.0
18109,0.0
18110,0.0
18111,0.0
18112,0.0
18113,0.0
18114,0.0
18115,0.0
18116,0.0
18117,0.0
18118,0.0
18119,0.0
18120,0.0
18121,0.0
18122,0.0
18123,0.0
18124,0.0
18125,0.0
18126,0.0
18127,0.0
18128,0.0
18129,0.0
18130,0.0
18131,0.0
18132,0.0
18133,0.0
18134,0.0
18135,0.0
18136,0.0
18137,0.0
18138,0.0
18139,0.0
18140,0.0
18141,0.0
18142,0.0
18143,0.0
18144,0.0
18145,0.0
18146,0.0
18147,0.0
18148,0.0
18149,0.0
18150,0.0
18151,0.0
18152,0.0
18153,0.0
18154,0.0
18155,0.0
18156,0.0
18157,0.0
18158,0.0
18159,0.0
18160,0.0
18161,0.0
18162,0.0
18163,0.0
18164,0.0
18165,0.0
18166,0.0
18167,0.0
18168,0.0
18169,0.0
18170,0.0
18171,0.0
18172,0.0
18173,0.0
18174,0.0
18175,0.0
18176,0.0
18177,0.0
18178,0.0
18179,0.0
18180,0.0
18181,0.0
18182,0.0
18183,0.0
18184,0.0
18185,0.0
18186,0.0
18187,0.0
18188,0.0
18189,0.0
18190,0.0
18191,0.0
18192,0.0
18193,0.0
18194,0.0
18195,0.0
18196,0.0
18197,0.0
18198,0.0
18199,0.0
18200,0.0
18201,0.0
18202,0.0
18203,0.0
18204,0.0
18205,0.0
18206,0.0
18207,0.0
18208,0.0
18209,0.0
18210,0.0
18211,0.0
18212,0.0
18213,0.0
18214,0.0
18215,0.0
18216,0.0
18217,0.0
18218,0.0
18219,0.0
18220,0.0
18221,0.0
18222,0.0
18223,0.0
18224,0.0
18225,0.0
18226,0.0
18227,0.0
18228,0.0
18229,0.0
18230,0.0
18231,0.0
18232,0.0
18233,0.0
18234,0.0
18235,0.0
18236,0.0
18237,0.0
18238,0.0
18239,0.0
18240,0.0
18241,0.0
18242,0.0
18243,0.0
18244,0.0
18245,0.0
18246,0.0
18247,0.0
18248,0.0
18249,0.0
18250,0.0
18251,0.0
18252,0.0
18253,0.0
18254,0.0
18255,0.0
18256,0.0
18257,0.0
18258,0.0
18259,0.0
18260,0.0
18261,0.0
18262,0.0
18263,0.0
18264,0.0
18265,0.0
18266,0.0
18267,0.0
18268,0.0
18269,0.0
18270,0.0
18271,0.0
18272,0.0
18273,0.0
18274,0.0
18275,0.0
18276,0.0
18277,0.0
18278,0.0
18279,0.0
18280,0.0
18281,0.0
18282,0.0
18283,0.0
18284,0.0
18285,0.0
18286,0.0
18287,0.0
18288,0.0
18289,0.0
18290,0.0
18291,0.0
18292,0.0
18293,0.0
18294,0.0
18295,0.0
18296,0.0
18297,0.0
18298,0.0
18299,0.0
18300,0.0
18301,0.0
18302,0.0
18303,0.0
18304,0.0
18305,0.0
18306,0.0
18307,0.0
18308,0.0
18309,0.0
18310,0.0
18311,0.0
18312,0.0
18313,0.0
18314,0.0
18315,0.0
18316,0.0
18317,0.0
18318,0.0
18319,0.0
18320,0.0
18321,0.0
18322,0.0
18323,0.0
18324,0.0
18325,0.0
18326,0.0
18327,0.0
18328,0.0
18329,0.0
18330,0.0
18331,0.0
18332,0.0
18333,0.0
18334,0.0
18335,0.0
18336,0.0
18337,0.0
18338,0.0
18339,0.0
18340,0.0
18341,0.0
18342,0.0
18343,0.0
18344,0.0
18345,0.0
18346,0.0
18347,0.0
18348,0.0
18349,0.0
18350,0.0
18351,0.0
18352,0.0
18353,0.0
18354,0.0
18355,0.0
18356,0.0
18357,0.0
18358,0.0
18359,0.0
18360,0.0
18361,0.0
18362,0.0
18363,0.0
18364,0.0
18365,0.0
18366,0.0
18367,0.0
18368,0.0
18369,0.0
18370,0.0
18371,0.0
18372,0.0
18373,0.0
18374,0.0
18375,0.0
18376,0.0
18377,0.0
18378,0.0
18379,0.0
18380,0.0
18381,0.0
18382,0.0
18383,0.0
18384,0.0
18385,0.0
18386,0.0
18387,0.0
18388,0.0
18389,0.0
18390,0.0
18391,0.0
18392,0.0
18393,0.0
18394,0.0
18395,0.0
18396,0.0
18397,0.0
18398,0.0
18399,0.0
18400,0.0
18401,0.0
18402,0.0
18403,0.0
18404,0.0
18405,0.0
18406,0.0
18407,0.0
18408,0.0
18409,0.0
18410,0.0
18411,0.0
18412,0.0
18413,0.0
18414,0.0
18415,0.0
18416,0.0
18417,0.0
18418,0.0
18419,0.0
18420,0.0
18421,0.0
18422,0.0
18423,0.0
18424,0.0
18425,0.0
18426,0.0
18427,0.0
18428,0.0
18429,0.0
18430,0.0
18431,0.0
18432,0.0
18433,0.0
18434,0.0
18435,0.0
18436,0.0
18437,0.0
18438,0.0
18439,0.0
18440,0.0
18441,0.0
18442,0.0
18443,0.0
18444,0.0
18445,0.0
18446,0.0
18447,0.0
18448,0.0
18449,0.0
18450,0.0
18451,0.0
18452,0.0
18453,0.0
18454,0.0
18455,0.0
18456,0.0
18457,0.0
18458,0.0
18459,0.0
18460,0.0
18461,0.0
18462,0.0
18463,0.0
18464,0.0
18465,0.0
18466,0.0
18467,0.0
18468,0.0
18469,0.0
18470,0.0
18471,0.0
18472,0.0
18473,0.0
18474,0.0
18475,0.0
18476,0.0
18477,0.0
18478,0.0
18479,0.0
18480,0.0
18481,0.0
18482,0.0
18483,0.0
18484,0.0
18485,0.0
18486,0.0
18487,0.0
18488,0.0
18489,0.0
18490,0.0
18491,0.0
18492,0.0
18493,0.0
18494,0.0
18495,0.0
18496,0.0
18497,0.0
18498,0.0
18499,0.0
18500,0.0
18501,0.0
18502,0.0
18503,0.0
18504,0.0
18505,0.0
18506,0.0
18507,0.0
18508,0.0
18509,0.0
18510,0.0
18511,0.0
18512,0.0
18513,0.0
18514,0.0
18515,0.0
18516,0.0
18517,0.0
18518,0.0
18519,0.0
18520,0.0
18521,0.0
18522,0.0
18523,0.0
18524,0.0
18525,0.0
18526,0.0
18527,0.0
18528,0.0
18529,0.0
18530,0.0
18531,0.0
18532,0.0
18533,0.0
18534,0.0
18535,0.0
18536,0.0
18537,0.0
18538,0.0
18539,0.0
18540,0.0
18541,0.0
18542,0.0
18543,0.0
18544,0.0
18545,0.0
18546,0.0
18547,0.0
18548,0.0
18549,0.0
18550,0.0
18551,0.0
18552,0.0
18553,0.0
18554,0.0
18555,0.0
18556,0.0
18557,0.0
18558,0.0
18559,0.0
18560,0.0
18561,0.0
18562,0.0
18563,0.0
18564,0.0
18565,0.0
18566,0.0
18567,0.0
18568,0.0
18569,0.0
18570,0.0
18571,0.0
18572,0.0
18573,0.0
18574,0.0
18575,0.0
18576,0.0
18577,0.0
18578,0.0
18579,0.0
18580,0.0
18581,0.0
18582,0.0
18583,0.0
18584,0.0
18585,0.0
18586,0.0
18587,0.0
18588,0.0
18589,0.0
18590,0.0
18591,0.0
18592,0.0
18593,0.0
18594,0.0
18595,0.0
18596,0.0
18597,0.0
18598,0.0
18599,0.0
18600,0.0
18601,0.0
18602,0.0
18603,0.0
18604,0.0
18605,0.0
18606,0.0
18607,0.0
18608,0.0
18609,0.0
18610,0.0
18611,0.0
18612,0.0
18613,0.0
18614,0.0
18615,0.0
18616,0.0
18617,0.0
18618,0.0
18619,0.0
18620,0.0
18621,0.0
18622,0.0
18623,0.0
18624,0.0
18625,0.0
18626,0.0
18627,0.0
18628,0.0
18629,0.0
18630,0.0
18631,0.0
18632,0.0
18633,0.0
18634,0.0
18635,0.0
18636,0.0
18637,0.0
18638,0.0
18639,0.0
18640,0.0
18641,0.0
18642,0.0
18643,0.0
18644,0.0
18645,0.0
18646,0.0
18647,0.0
18648,0.0
18649,0.0
18650,0.0
18651,0.0
18652,0.0
18653,0.0
18654,0.0
18655,0.0
18656,0.0
18657,0.0
18658,0.0
18659,0.0
18660,0.0
18661,0.0
18662,0.0
18663,0.0
18664,0.0
18665,0.0
18666,0.0
18667,0.0
18668,0.0
18669,0.0
18670,0.0
18671,0.0
18672,0.0
18673,0.0
18674,0.0
18675,0.0
18676,0.0
18677,0.0
18678,0.0
18679,0.0
18680,0.0
18681,0.0
18682,0.0
18683,0.0
18684,0.0
18685,0.0
18686,0.0
18687,0.0
18688,0.0
18689,0.0
18690,0.0
18691,0.0
18692,0.0
18693,0.0
18694,0.0
18695,0.0
18696,0.0
18697,0.0
18698,0.0
18699,0.0
18700,0.0
18701,0.0
18702,0.0
18703,0.0
18704,0.0
18705,0.0
18706,0.0
18707,0.0
18708,0.0
18709,0.0
18710,0.0
18711,0.0
18712,0.0
18713,0.0
18714,0.0
18715,0.0
18716,0.0
18717,0.0
18718,0.0
18719,0.0
18720,0.0
18721,0.0
18722,0.0
18723,0.0
18724,0.0
18725,0.0
18726,0.0
18727,0.0
18728,0.0
18729,0.0
18730,0.0
18731,0.0
18732,0.0
18733,0.0
18734,0.0
18735,0.0
18736,0.0
18737,0.0
18738,0.0
18739,0.0
18740,0.0
18741,0.0
18742,0.0
18743,0.0
18744,0.0
18745,0.0
18746,0.0
18747,0.0
18748,0.0
18749,0.0
18750,0.0
18751,0.0
18752,0.0
18753,0.0
18754,0.0
18755,0.0
18756,0.0
18757,0.0
18758,0.0
18759,0.0
18760,0.0
18761,0.0
18762,0.0
18763,0.0
18764,0.0
18765,0.0
18766,0.0
18767,0.0
18768,0.0
18769,0.0
18770,0.0
18771,0.0
18772,0.0
18773,0.0
18774,0.0
18775,0.0
18776,0.0
18777,0.0
18778,0.0
18779,0.0
18780,0.0
18781,0.0
18782,0.0
18783,0.0
18784,0.0
18785,0.0
18786,0.0
18787,0.0
18788,0.0
18789,0.0
18790,0.0
18791,0.0
18792,0.0
18793,0.0
18794,0.0
18795,0.0
18796,0.0
18797,0.0
18798,0.0
18799,0.0
18800,0.0
18801,0.0
18802,0.0
18803,0.0
18804,0.0
18805,0.0
18806,0.0
18807,0.0
18808,0.0
18809,0.0
18810,0.0
18811,0.0
18812,0.0
18813,0.0
18814,0.0
18815,0.0
18816,0.0
18817,0.0
18818,0.0
18819,0.0
18820,0.0
18821,0.0
18822,0.0
18823,0.0
18824,0.0
18825,0.0
18826,0.0
18827,0.0
18828,0.0
18829,0.0
18830,0.0
18831,0.0
18832,0.0
18833,0.0
18834,0.0
18835,0.0
18836,0.0
18837,0.0
18838,0.0
18839,0.0
18840,0.0
18841,0.0
18842,0.0
18843,0.0
18844,0.0
18845,0.0
18846,0.0
18847,0.0
18848,0.0
18849,0.0
18850,0.0
18851,0.0
18852,0.0
18853,0.0
18854,0.0
18855,0.0
18856,0.0
18857,0.0
18858,0.0
18859,0.0
18860,0.0
18861,0.0
18862,0.0
18863,0.0
18864,0.0
18865,0.0
18866,0.0
18867,0.0
18868,0.0
18869,0.0
18870,0.0
18871,0.0
18872,0.0
18873,0.0
18874,0.0
18875,0.0
18876,0.0
18877,0.0
18878,0.0
18879,0.0
18880,0.0
18881,0.0
18882,0.0
18883,0.0
18884,0.0
18885,0.0
18886,0.0
18887,0.0
18888,0.0
18889,0.0
18890,0.0
18891,0.0
18892,0.0
18893,0.0
18894,0.0
18895,0.0
18896,0.0
18897,0.0
18898,0.0
18899,0.0
18900,0.0
18901,0.0
18902,0.0
18903,0.0
18904,0.0
18905,0.0
18906,0.0
18907,0.0
18908,0.0
18909,0.0
18910,0.0
18911,0.0
18912,0.0
18913,0.0
18914,0.0
18915,0.0
18916,0.0
18917,0.0
18918,0.0
18919,0.0
18920,0.0
18921,0.0
18922,0.0
18923,0.0
18924,0.0
18925,0.0
18926,0.0
18927,0.0
18928,0.0
18929,0.0
18930,0.0
18931,0.0
18932,0.0
18933,0.0
18934,0.0
18935,0.0
18936,0.0
18937,0.0
18938,0.0
18939,0.0
18940,0.0
18941,0.0
18942,0.0
18943,0.0
18944,0.0
18945,0.0
18946,0.0
18947,0.0
18948,0.0
18949,0.0
18950,0.0
18951,0.0
18952,0.0
18953,0.0
18954,0.0
18955,0.0
18956,0.0
18957,0.0
18958,0.0
18959,0.0
18960,0.0
18961,0.0
18962,0.0
18963,0.0
18964,0.0
18965,0.0
18966,0.0
18967,0.0
18968,0.0
18969,0.0
18970,0.0
18971,0.0
18972,0.0
18973,0.0
18974,0.0
18975,0.0
18976,0.0
18977,0.0
18978,0.0
18979,0.0
18980,0.0
18981,0.0
18982,0.0
18983,0.0
18984,0.0
18985,0.0
18986,0.0
18987,0.0
18988,0.0
18989,0.0
18990,0.0
18991,0.0
18992,0.0
18993,0.0
18994,0.0
18995,0.0
18996,0.0
18997,0.0
18998,0.0
18999,0.0
19000,0.0
19001,0.0
19002,0.0
19003,0.0
19004,0.0
19005,0.0
19006,0.0
19007,0.0
19008,0.0
19009,0.0
19010,0.0
19011,0.0
19012,0.0
19013,0.0
19014,0.0
19015,0.0
19016,0.0
19017,0.0
19018,0.0
19019,0.0
19020,0.0
19021,0.0
19022,0.0
19023,0.0
19024,0.0
19025,0.0
19026,0.0
19027,0.0
19028,0.0
19029,0.0
19030,0.0
19031,0.0
19032,0.0
19033,0.0
19034,0.0
19035,0.0
19036,0.0
19037,0.0
19038,0.0
19039,0.0
19040,0.0
19041,0.0
19042,0.0
19043,0.0
19044,0.0
19045,0.0
19046,0.0
19047,0.0
19048,0.0
19049,0.0
19050,0.0
19051,0.0
19052,0.0
19053,0.0
19054,0.0
19055,0.0
19056,0.0
19057,0.0
19058,0.0
19059,0.0
19060,0.0
19061,0.0
19062,0.0
19063,0.0
19064,0.0
19065,0.0
19066,0.0
19067,0.0
19068,0.0
19069,0.0
19070,0.0
19071,0.0
19072,0.0
19073,0.0
19074,0.0
19075,0.0
19076,0.0
19077,0.0
19078,0.0
19079,0.0
19080,0.0
19081,0.0
19082,0.0
19083,0.0
19084,0.0
19085,0.0
19086,0.0
19087,0.0
19088,0.0
19089,0.0
19090,0.0
19091,0.0
19092,0.0
19093,0.0
19094,0.0
19095,0.0
19096,0.0
19097,0.0
19098,0.0
19099,0.0
19100,0.0
19101,0.0
19102,0.0
19103,0.0
19104,0.0
19105,0.0
19106,0.0
19107,0.0
19108,0.0
19109,0.0
19110,0.0
19111,0.0
19112,0.0
19113,0.0
19114,0.0
19115,0.0
19116,0.0
19117,0.0
19118,0.0
19119,0.0
19120,0.0
19121,0.0
19122,0.0
19123,0.0
19124,0.0
19125,0.0
19126,0.0
19127,0.0
19128,0.0
19129,0.0
19130,0.0
19131,0.0
19132,0.0
19133,0.0
19134,0.0
19135,0.0
19136,0.0
19137,0.0
19138,0.0
19139,0.0
19140,0.0
19141,0.0
19142,0.0
19143,0.0
19144,0.0
19145,0.0
19146,0.0
19147,0.0
19148,0.0
19149,0.0
19150,0.0
19151,0.0
19152,0.0
19153,0.0
19154,0.0
19155,0.0
19156,0.0
19157,0.0
19158,0.0
19159,0.0
19160,0.0
19161,0.0
19162,0.0
19163,0.0
19164,0.0
19165,0.0
19166,0.0
19167,0.0
19168,0.0
19169,0.0
19170,0.0
19171,0.0
19172,0.0
19173,0.0
19174,0.0
19175,0.0
19176,0.0
19177,0.0
19178,0.0
19179,0.0
19180,0.0
19181,0.0
19182,0.0
19183,0.0
19184,0.0
19185,0.0
19186,0.0
19187,0.0
19188,0.0
19189,0.0
19190,0.0
19191,0.0
19192,0.0
19193,0.0
19194,0.0
19195,0.0
19196,0.0
19197,0.0
19198,0.0
19199,0.0
19200,0.0
19201,0.0
19202,0.0
19203,0.0
19204,0.0
19205,0.0
19206,0.0
19207,0.0
19208,0.0
19209,0.0
19210,0.0
19211,0.0
19212,0.0
19213,0.0
19214,0.0
19215,0.0
19216,0.0
19217,0.0
19218,0.0
19219,0.0
19220,0.0
19221,0.0
19222,0.0
19223,0.0
19224,0.0
19225,0.0
19226,0.0
19227,0.0
19228,0.0
19229,0.0
19230,0.0
19231,0.0
19232,0.0
19233,0.0
19234,0.0
19235,0.0
19236,0.0
19237,0.0
19238,0.0
19239,0.0
19240,0.0
19241,0.0
19242,0.0
19243,0.0
19244,0.0
19245,0.0
19246,0.0
19247,0.0
19248,0.0
19249,0.0
19250,0.0
19251,0.0
19252,0.0
19253,0.0
19254,0.0
19255,0.0
19256,0.0
19257,0.0
19258,0.0
19259,0.0
19260,0.0
19261,0.0
19262,0.0
19263,0.0
19264,0.0
19265,0.0
19266,0.0
19267,0.0
19268,0.0
19269,0.0
19270,0.0
19271,0.0
19272,0.0
19273,0.0
19274,0.0
19275,0.0
19276,0.0
19277,0.0
19278,0.0
19279,0.0
19280,0.0
19281,0.0
19282,0.0
19283,0.0
19284,0.0
19285,0.0
19286,0.0
19287,0.0
19288,0.0
19289,0.0
19290,0.0
19291,0.0
19292,0.0
19293,0.0
19294,0.0
19295,0.0
19296,0.0
19297,0.0
19298,0.0
19299,0.0
19300,0.0
19301,0.0
19302,0.0
19303,0.0
19304,0.0
19305,0.0
19306,0.0
19307,0.0
19308,0.0
19309,0.0
19310,0.0
19311,0.0
19312,0.0
19313,0.0
19314,0.0
19315,0.0
19316,0.0
19317,0.0
19318,0.0
19319,0.0
19320,0.0
19321,0.0
19322,0.0
19323,0.0
19324,0.0
19325,0.0
19326,0.0
19327,0.0
19328,0.0
19329,0.0
19330,0.0
19331,0.0
19332,0.0
19333,0.0
19334,0.0
19335,0.0
19336,0.0
19337,0.0
19338,0.0
19339,0.0
19340,0.0
19341,0.0
19342,0.0
19343,0.0
19344,0.0
19345,0.0
19346,0.0
19347,0.0
19348,0.0
19349,0.0
19350,0.0
19351,0.0
19352,0.0
19353,0.0
19354,0.0
19355,0.0
19356,0.0
19357,0.0
19358,0.0
19359,0.0
19360,0.0
19361,0.0
19362,0.0
19363,0.0
19364,0.0
19365,0.0
19366,0.0
19367,0.0
19368,0.0
19369,0.0
19370,0.0
19371,0.0
19372,0.0
19373,0.0
19374,0.0
19375,0.0
19376,0.0
19377,0.0
19378,0.0
19379,0.0
19380,0.0
19381,0.0
19382,0.0
19383,0.0
19384,0.0
19385,0.0
19386,0.0
19387,0.0
19388,0.0
19389,0.0
19390,0.0
19391,0.0
19392,0.0
19393,0.0
19394,0.0
19395,0.0
19396,0.0
19397,0.0
19398,0.0
19399,0.0
19400,0.0
19401,0.0
19402,0.0
19403,0.0
19404,0.0
19405,0.0
19406,0.0
19407,0.0
19408,0.0
19409,0.0
19410,0.0
19411,0.0
19412,0.0
19413,0.0
19414,0.0
19415,0.0
19416,0.0
19417,0.0
19418,0.0
19419,0.0
19420,0.0
19421,0.0
19422,0.0
19423,0.0
19424,0.0
19425,0.0
19426,0.0
19427,0.0
19428,0.0
19429,0.0
19430,0.0
19431,0.0
19432,0.0
19433,0.0
19434,0.0
19435,0.0
19436,0.0
19437,0.0
19438,0.0
19439,0.0
19440,0.0
19441,0.0
19442,0.0
19443,0.0
19444,0.0
19445,0.0
19446,0.0
19447,0.0
19448,0.0
19449,0.0
19450,0.0
19451,0.0
19452,0.0
19453,0.0
19454,0.0
19455,0.0
19456,0.0
19457,0.0
19458,0.0
19459,0.0
19460,0.0
19461,0.0
19462,0.0
19463,0.0
19464,0.0
19465,0.0
19466,0.0
19467,0.0
19468,0.0
19469,0.0
19470,0.0
19471,0.0
19472,0.0
19473,0.0
19474,0.0
19475,0.0
19476,0.0
19477,0.0
19478,0.0
19479,0.0
19480,0.0
19481,0.0
19482,0.0
19483,0.0
19484,0.0
19485,0.0
19486,0.0
19487,0.0
19488,0.0
19489,0.0
19490,0.0
19491,0.0
19492,0.0
19493,0.0
19494,0.0
19495,0.0
19496,0.0
19497,0.0
19498,0.0
19499,0.0
19500,0.0
19501,0.0
19502,0.0
19503,0.0
19504,0.0
19505,0.0
19506,0.0
19507,0.0
19508,0.0
19509,0.0
19510,0.0
19511,0.0
19512,0.0
19513,0.0
19514,0.0
19515,0.0
19516,0.0
19517,0.0
19518,0.0
19519,0.0
19520,0.0
19521,0.0
19522,0.0
19523,0.0
19524,0.0
19525,0.0
19526,0.0
19527,0.0
19528,0.0
19529,0.0
19530,0.0
19531,0.0
19532,0.0
19533,0.0
19534,0.0
19535,0.0
19536,0.0
19537,0.0
19538,0.0
19539,0.0
19540,0.0
19541,0.0
19542,0.0
19543,0.0
19544,0.0
19545,0.0
19546,0.0
19547,0.0
19548,0.0
19549,0.0
19550,0.0
19551,0.0
19552,0.0
19553,0.0
19554,0.0
19555,0.0
19556,0.0
19557,0.0
19558,0.0
19559,0.0
19560,0.0
19561,0.0
19562,0.0
19563,0.0
19564,0.0
19565,0.0
19566,0.0
19567,0.0
19568,0.0
19569,0.0
19570,0.0
19571,0.0
19572,0.0
19573,0.0
19574,0.0
19575,0.0
19576,0.0
19577,0.0
19578,0.0
19579,0.0
19580,0.0
19581,0.0
19582,0.0
19583,0.0
19584,0.0
19585,0.0
19586,0.0
19587,0.0
19588,0.0
19589,0.0
19590,0.0
19591,0.0
19592,0.0
19593,0.0
19594,0.0
19595,0.0
19596,0.0
19597,0.0
19598,0.0
19599,0.0
19600,0.0
19601,0.0
19602,0.0
19603,0.0
19604,0.0
19605,0.0
19606,0.0
19607,0.0
19608,0.0
19609,0.0
19610,0.0
19611,0.0
19612,0.0
19613,0.0
19614,0.0
19615,0.0
19616,0.0
19617,0.0
19618,0.0
19619,0.0
19620,0.0
19621,0.0
19622,0.0
19623,0.0
19624,0.0
19625,0.0
19626,0.0
19627,0.0
19628,0.0
19629,0.0
19630,0.0
19631,0.0
19632,0.0
19633,0.0
19634,0.0
19635,0.0
19636,0.0
19637,0.0
19638,0.0
19639,0.0
19640,0.0
19641,0.0
19642,0.0
19643,0.0
19644,0.0
19645,0.0
19646,0.0
19647,0.0
19648,0.0
19649,0.0
19650,0.0
19651,0.0
19652,0.0
19653,0.0
19654,0.0
19655,0.0
19656,0.0
19657,0.0
19658,0.0
19659,0.0
19660,0.0
19661,0.0
19662,0.0
19663,0.0
19664,0.0
19665,0.0
19666,0.0
19667,0.0
19668,0.0
19669,0.0
19670,0.0
19671,0.0
19672,0.0
19673,0.0
19674,0.0
19675,0.0
19676,0.0
19677,0.0
19678,0.0
19679,0.0
19680,0.0
19681,0.0
19682,0.0
19683,0.0
19684,0.0
19685,0.0
19686,0.0
19687,0.0
19688,0.0
19689,0.0
19690,0.0
19691,0.0
19692,0.0
19693,0.0
19694,0.0
19695,0.0
19696,0.0
19697,0.0
19698,0.0
19699,0.0
19700,0.0
19701,0.0
19702,0.0
19703,0.0
19704,0.0
19705,0.0
19706,0.0
19707,0.0
19708,0.0
19709,0.0
19710,0.0
19711,0.0
19712,0.0
19713,0.0
19714,0.0
19715,0.0
19716,0.0
19717,0.0
19718,0.0
19719,0.0
19720,0.0
19721,0.0
19722,0.0
19723,0.0
19724,0.0
19725,0.0
19726,0.0
19727,0.0
19728,0.0
19729,0.0
19730,0.0
19731,0.0
19732,0.0
19733,0.0
19734,0.0
19735,0.0
19736,0.0
19737,0.0
19738,0.0
19739,0.0
19740,0.0
19741,0.0
19742,0.0
19743,0.0
19744,0.0
19745,0.0
19746,0.0
19747,0.0
19748,0.0
19749,0.0
19750,0.0
19751,0.0
19752,0.0
19753,0.0
19754,0.0
19755,0.0
19756,0.0
19757,0.0
19758,0.0
19759,0.0
19760,0.0
19761,0.0
19762,0.0
19763,0.0
19764,0.0
19765,0.0
19766,0.0
19767,0.0
19768,0.0
19769,0.0
19770,0.0
19771,0.0
19772,0.0
19773,0.0
19774,0.0
19775,0.0
19776,0.0
19777,0.0
19778,0.0
19779,0.0
19780,0.0
19781,0.0
19782,0.0
19783,0.0
19784,0.0
19785,0.0
19786,0.0
19787,0.0
19788,0.0
19789,0.0
19790,0.0
19791,0.0
19792,0.0
19793,0.0
19794,0.0
19795,0.0
19796,0.0
19797,0.0
19798,0.0
19799,0.0
19800,0.0
19801,0.0
19802,0.0
19803,0.0
19804,0.0
19805,0.0
19806,0.0
19807,0.0
19808,0.0
19809,0.0
19810,0.0
19811,0.0
19812,0.0
19813,0.0
19814,0.0
19815,0.0
19816,0.0
19817,0.0
19818,0.0
19819,0.0
19820,0.0
19821,0.0
19822,0.0
19823,0.0
19824,0.0
19825,0.0
19826,0.0
19827,0.0
19828,0.0
19829,0.0
19830,0.0
19831,0.0
19832,0.0
19833,0.0
19834,0.0
19835,0.0
19836,0.0
19837,0.0
19838,0.0
19839,0.0
19840,0.0
19841,0.0
19842,0.0
19843,0.0
19844,0.0
19845,0.0
19846,0.0
19847,0.0
19848,0.0
19849,0.0
19850,0.0
19851,0.0
19852,0.0
19853,0.0
19854,0.0
19855,0.0
19856,0.0
19857,0.0
19858,0.0
19859,0.0
19860,0.0
19861,0.0
19862,0.0
19863,0.0
19864,0.0
19865,0.0
19866,0.0
19867,0.0
19868,0.0
19869,0.0
19870,0.0
19871,0.0
19872,0.0
19873,0.0
19874,0.0
19875,0.0
19876,0.0
19877,0.0
19878,0.0
19879,0.0
19880,0.0
19881,0.0
19882,0.0
19883,0.0
19884,0.0
19885,0.0
19886,0.0
19887,0.0
19888,0.0
19889,0.0
19890,0.0
19891,0.0
19892,0.0
19893,0.0
19894,0.0
19895,0.0
19896,0.0
19897,0.0
19898,0.0
19899,0.0
19900,0.0
19901,0.0
19902,0.0
19903,0.0
19904,0.0
19905,0.0
19906,0.0
19907,0.0
19908,0.0
19909,0.0
19910,0.0
19911,0.0
19912,0.0
19913,0.0
19914,0.0
19915,0.0
19916,0.0
19917,0.0
19918,0.0
19919,0.0
19920,0.0
19921,0.0
19922,0.0
19923,0.0
19924,0.0
19925,0.0
19926,0.0
19927,0.0
19928,0.0
19929,0.0
19930,0.0
19931,0.0
19932,0.0
19933,0.0
19934,0.0
19935,0.0
19936,0.0
19937,0.0
19938,0.0
19939,0.0
19940,0.0
19941,0.0
19942,0.0
19943,0.0
19944,0.0
19945,0.0
19946,0.0
19947,0.0
19948,0.0
19949,0.0
19950,0.0
19951,0.0
19952,0.0
19953,0.0
19954,0.0
19955,0.0
19956,0.0
19957,0.0
19958,0.0
19959,0.0
19960,0.0
19961,0.0
19962,0.0
19963,0.0
19964,0.0
19965,0.0
19966,0.0
19967,0.0
19968,0.0
19969,0.0
19970,0.0
19971,0.0
19972,0.0
19973,0.0
19974,0.0
19975,0.0
19976,0.0
19977,0.0
19978,0.0
19979,0.0
19980,0.0
19981,0.0
19982,0.0
19983,0.0
19984,0.0
19985,0.0
19986,0.0
19987,0.0
19988,0.0
19989,0.0
19990,0.0
19991,0.0
19992,0.0
19993,0.0
19994,0.0
19995,0.0
19996,0.0
19997,0.0
19998,0.0
19999,0.0
20000,0.0
20001,0.0
20002,0.0
20003,0.0
20004,0.0
20005,0.0
20006,0.0
20007,0.0
20008,0.0
20009,0.0
20010,0.0
20011,0.0
20012,0.0
20013,0.0
20014,0.0
20015,0.0
20016,0.0
20017,0.0
20018,0.0
20019,0.0
20020,0.0
20021,0.0
20022,0.0
20023,0.0
20024,0.0
20025,0.0
20026,0.0
20027,0.0
20028,0.0
20029,0.0
20030,0.0
20031,0.0
20032,0.0
20033,0.0
20034,0.0
20035,0.0
20036,0.0
20037,0.0
20038,0.0
20039,0.0
20040,0.0
20041,0.0
20042,0.0
20043,0.0
20044,0.0
20045,0.0
20046,0.0
20047,0.0
20048,0.0
20049,0.0
20050,0.0
20051,0.0
20052,0.0
20053,0.0
20054,0.0
20055,0.0
20056,0.0
20057,0.0
20058,0.0
20059,0.0
20060,0.0
20061,0.0
20062,0.0
20063,0.0
20064,0.0
20065,0.0
20066,0.0
20067,0.0
20068,0.0
20069,0.0
20070,0.0
20071,0.0
20072,0.0
20073,0.0
20074,0.0
20075,0.0
20076,0.0
20077,0.0
20078,0.0
20079,0.0
20080,0.0
20081,0.0
20082,0.0
20083,0.0
20084,0.0
20085,0.0
20086,0.0
20087,0.0
20088,0.0
20089,0.0
20090,0.0
20091,0.0
20092,0.0
20093,0.0
20094,0.0
20095,0.0
20096,0.0
20097,0.0
20098,0.0
20099,0.0
20100,0.0
20101,0.0
20102,0.0
20103,0.0
20104,0.0
20105,0.0
20106,0.0
20107,0.0
20108,0.0
20109,0.0
20110,0.0
20111,0.0
20112,0.0
20113,0.0
20114,0.0
20115,0.0
20116,0.0
20117,0.0
20118,0.0
20119,0.0
20120,0.0
20121,0.0
20122,0.0
20123,0.0
20124,0.0
20125,0.0
20126,0.0
20127,0.0
20128,0.0
20129,0.0
20130,0.0
20131,0.0
20132,0.0
20133,0.0
20134,0.0
20135,0.0
20136,0.0
20137,0.0
20138,0.0
20139,0.0
20140,0.0
20141,0.0
20142,0.0
20143,0.0
20144,0.0
20145,0.0
20146,0.0
20147,0.0
20148,0.0
20149,0.0
20150,0.0
20151,0.0
20152,0.0
20153,0.0
20154,0.0
20155,0.0
20156,0.0
20157,0.0
20158,0.0
20159,0.0
20160,0.0
20161,0.0
20162,0.0
20163,0.0
20164,0.0
20165,0.0
20166,0.0
20167,0.0
20168,0.0
20169,0.0
20170,0.0
20171,0.0
20172,0.0
20173,0.0
20174,0.0
20175,0.0
20176,0.0
20177,0.0
20178,0.0
20179,0.0
20180,0.0
20181,0.0
20182,0.0
20183,0.0
20184,0.0
20185,0.0
20186,0.0
20187,0.0
20188,0.0
20189,0.0
20190,0.0
20191,0.0
20192,0.0
20193,0.0
20194,0.0
20195,0.0
20196,0.0
20197,0.0
20198,0.0
20199,0.0
20200,0.0
20201,0.0
20202,0.0
20203,0.0
20204,0.0
20205,0.0
20206,0.0
20207,0.0
20208,0.0
20209,0.0
20210,0.0
20211,0.0
20212,0.0
20213,0.0
20214,0.0
20215,0.0
20216,0.0
20217,0.0
20218,0.0
20219,0.0
20220,0.0
20221,0.0
20222,0.0
20223,0.0
20224,0.0
20225,0.0
20226,0.0
20227,0.0
20228,0.0
20229,0.0
20230,0.0
20231,0.0
20232,0.0
20233,0.0
20234,0.0
20235,0.0
20236,0.0
20237,0.0
20238,0.0
20239,0.0
20240,0.0
20241,0.0
20242,0.0
20243,0.0
20244,0.0
20245,0.0
20246,0.0
20247,0.0
20248,0.0
20249,0.0
20250,0.0
20251,0.0
20252,0.0
20253,0.0
20254,0.0
20255,0.0
20256,0.0
20257,0.0
20258,0.0
20259,0.0
20260,0.0
20261,0.0
20262,0.0
20263,0.0
20264,0.0
20265,0.0
20266,0.0
20267,0.0
20268,0.0
20269,0.0
20270,0.0
20271,0.0
20272,0.0
20273,0.0
20274,0.0
20275,0.0
20276,0.0
20277,0.0
20278,0.0
20279,0.0
20280,0.0
20281,0.0
20282,0.0
20283,0.0
20284,0.0
20285,0.0
20286,0.0
20287,0.0
20288,0.0
20289,0.0
20290,0.0
20291,0.0
20292,0.0
20293,0.0
20294,0.0
20295,0.0
20296,0.0
20297,0.0
20298,0.0
20299,0.0
20300,0.0
20301,0.0
20302,0.0
20303,0.0
20304,0.0
20305,0.0
20306,0.0
20307,0.0
20308,0.0
20309,0.0
20310,0.0
20311,0.0
20312,0.0
20313,0.0
20314,0.0
20315,0.0
20316,0.0
20317,0.0
20318,0.0
20319,0.0
20320,0.0
20321,0.0
20322,0.0
20323,0.0
20324,0.0
20325,0.0
20326,0.0
20327,0.0
20328,0.0
20329,0.0
20330,0.0
20331,0.0
20332,0.0
20333,0.0
20334,0.0
20335,0.0
20336,0.0
20337,0.0
20338,0.0
20339,0.0
20340,0.0
20341,0.0
20342,0.0
20343,0.0
20344,0.0
20345,0.0
20346,0.0
20347,0.0
20348,0.0
20349,0.0
20350,0.0
20351,0.0
20352,0.0
20353,0.0
20354,0.0
20355,0.0
20356,0.0
20357,0.0
20358,0.0
20359,0.0
20360,0.0
20361,0.0
20362,0.0
20363,0.0
20364,0.0
20365,0.0
20366,0.0
20367,0.0
20368,0.0
20369,0.0
20370,0.0
20371,0.0
20372,0.0
20373,0.0
20374,0.0
20375,0.0
20376,0.0
20377,0.0
20378,0.0
20379,0.0
20380,0.0
20381,0.0
20382,0.0
20383,0.0
20384,0.0
20385,0.0
20386,0.0
20387,0.0
20388,0.0
20389,0.0
20390,0.0
20391,0.0
20392,0.0
20393,0.0
20394,0.0
20395,0.0
20396,0.0
20397,0.0
20398,0.0
20399,0.0
20400,0.0
20401,3060.250279108683
20402,4590.375418663025
20403,6120.500558217366
20404,7650.6256977717085
20405,9180.75083732605
20406,10710.87597688039
20407,12241.001116434732
20408,13771.126255989075
20409,15301.251395543417
20410,16831.37653509776
20411,18361.5016746521
20412,19891.626814206444
20413,21421.75195376078
20414,22951.877093315125
20415,24482.002232869465
20416,26012.127372423805
20417,27542.25251197815
20418,29072.37765153249
20419,30602.502791086834
20420,32132.627930641174
20421,33662.75307019552
20422,35192.878209749855
20423,36723.0033493042
20424,38253.128488858536
20425,39783.25362841289
20426,41313.378767967224
20427,42843.50390752156
20428,44373.629047075905
20429,45903.75418663025
20430,47433.87932618459
20431,48964.00446573893
20432,50494.129605293274
20433,52024.25474484761
20434,53554.37988440196
20435,55084.5050239563
20436,56614.630163510636
20437,58144.75530306498
20438,59674.880442619324
20439,61205.00558217367
20440,62735.130721728005
20441,64265.25586128235
20442,65795.3810008367
20443,67325.50614039104
20444,68855.63127994537
20445,70385.75641949971
20446,71915.88155905405
20447,73446.0066986084
20448,74976.13183816274
20449,76506.25697771707
20450,78036.38211727142
20451,79566.50725682577
20452,81096.63239638011
20453,82626.75753593445
20454,84156.88267548879
20455,85687.00781504312
20456,87217.13295459747
20457,88747.25809415181
20458,90277.38323370615
20459,91807.5083732605
20460,93337.63351281485
20461,94867.75865236919
20462,96397.88379192352
20463,97928.00893147786
20464,99458.1340710322
20465,100988.25921058655
20466,102518.38435014088
20467,104048.50948969522
20468,105578.63462924957
20469,107108.75976880392
20470,108638.88490835826
20471,110169.0100479126
20472,111699.13518746693
20473,113229.26032702127
20474,114759.38546657562
20475,116289.51060612996
20476,117819.6357456843
20477,119349.76088523865
20478,120879.886024793
20479,122410.01116434734
20480,123940.13630390167
20481,125470.26144345601
20482,127000.38658301035
20483,128530.5117225647
20484,130060.63686211903
20485,131590.7620016734
20486,133120.88714122772
20487,134651.01228078207
20488,136181.1374203364
20489,137711.26255989075
20490,139241.38769944507
20491,140771.51283899942
20492,142301.63797855377
20493,143831.7631181081
20494,145361.88825766247
20495,146892.0133972168
20496,148422.13853677115
20497,149952.26367632547
20498,151482.38881587982
20499,153012.51395543414
20500,154542.6390949885
20501,156072.76423454285
20502,157602.88937409717
20503,159133.01451365155
20504,160663.13965320587
20505,162193.26479276022
20506,163723.38993231455
20507,165253.5150718689
20508,166783.64021142322
20509,168313.76535097757
20510,169843.89049053192
20511,171374.01563008624
20512,172904.14076964062
20513,174434.26590919495
20514,175964.3910487493
20515,177494.51618830362
20516,179024.64132785797
20517,180554.7664674123
20518,182084.89160696664
20519,183615.016746521
20520,185145.14188607532
20521,186675.2670256297
20522,188205.39216518402
20523,189735.51730473837
20524,191265.6424442927
20525,192795.76758384705
20526,194325.89272340137
20527,195856.01786295572
20528,197386.14300251007
20529,198916.2681420644
20530,200446.39328161877
20531,201976.5184211731
20532,203506.64356072745
20533,205036.76870028177
20534,206566.89383983612
20535,208097.01897939044
20536,209627.1441189448
20537,211157.26925849915
20538,212687.39439805347
20539,214217.51953760785
20540,215747.64467716217
20541,217277.76981671652
20542,218807.89495627084
20543,220338.0200958252
20544,221868.14523537952
20545,223398.27037493387
20546,224928.39551448822
20547,226458.52065404254
20548,227988.64579359692
20549,229518.77093315125
20550,231048.8960727056
20551,0.0
20552,0.0
20553,0.0
20554,0.0
20555,0.0
20556,0.0
20557,0.0
20558,0.0
20559,0.0
20560,0.0
20561,0.0
20562,0.0
20563,0.0
20564,0.0
20565,0.0
20566,0.0
20567,0.0
20568,0.0
20569,0.0
20570,0.0
20571,0.0
20572,0.0
20573,0.0
20574,0.0
20575,0.0
20576,0.0
20577,0.0
20578,0.0
20579,0.0
20580,0.0
20581,0.0
20582,0.0
20583,0.0
20584,0.0
20585,0.0
20586,0.0
20587,0.0
20588,0.0
20589,0.0
20590,0.0
20591,0.0
20592,0.0
20593,0.0
20594,0.0
20595,0.0
20596,0.0
20597,0.0
20598,0.0
20599,0.0
20600,0.0
20601,0.0
20602,0.0
20603,0.0
20604,0.0
20605,0.0
20606,0.0
20607,0.0
20608,0.0
20609,0.0
20610,0.0
20611,0.0
20612,0.0
20613,0.0
20614,0.0
20615,0.0
20616,0.0
20617,0.0
20618,0.0
20619,0.0
20620,0.0
20621,0.0
20622,0.0
20623,0.0
20624,0.0
20625,0.0
20626,0.0
20627,0.0
20628,0.0
20629,0.0
20630,0.0
20631,0.0
20632,0.0
20633,0.0
20634,0.0
20635,0.0
20636,0.0
20637,0.0
20638,0.0
20639,0.0
20640,0.0
20641,0.0
20642,0.0
20643,0.0
20644,0.0
20645,0.0
20646,0.0
20647,0.0
20648,0.0
20649,0.0
20650,0.0
20651,0.0
20652,0.0
20653,0.0
20654,0.0
20655,0.0
20656,0.0
20657,0.0
20658,0.0
20659,0.0
20660,0.0
20661,0.0
20662,0.0
20663,0.0
20664,0.0
20665,0.0
20666,0.0
20667,0.0
20668,0.0
20669,0.0
20670,0.0
20671,0.0
20672,0.0
20673,0.0
20674,0.0
20675,0.0
20676,0.0
20677,0.0
20678,0.0
20679,0.0
20680,0.0
20681,0.0
20682,0.0
20683,0.0
20684,0.0
20685,0.0
20686,0.0
20687,0.0
20688,0.0
20689,0.0
20690,0.0
20691,0.0
20692,0.0
20693,0.0
20694,0.0
20695,0.0
20696,0.0
20697,0.0
20698,0.0
20699,0.0
20700,0.0
20701,0.0
20702,0.0
20703,0.0
20704,0.0
20705,0.0
20706,0.0
20707,0.0
20708,0.0
20709,0.0
20710,0.0
20711,0.0
20712,0.0
20713,0.0
20714,0.0
20715,0.0
20716,0.0
20717,0.0
20718,0.0
20719,0.0
20720,0.0
20721,0.0
20722,0.0
20723,0.0
20724,0.0
20725,0.0
20726,0.0
20727,0.0
20728,0.0
20729,0.0
20730,0.0
20731,0.0
20732,0.0
20733,0.0
20734,0.0
20735,0.0
20736,0.0
20737,0.0
20738,0.0
20739,0.0
20740,0.0
20741,0.0
20742,0.0
20743,0.0
20744,0.0
20745,0.0
20746,0.0
20747,0.0
20748,0.0
20749,0.0
20750,0.0
20751,0.0
20752,0.0
20753,0.0
20754,0.0
20755,0.0
20756,0.0
20757,0.0
20758,0.0
20759,0.0
20760,0.0
20761,0.0
20762,0.0
20763,0.0
20764,0.0
20765,0.0
20766,0.0
20767,0.0
20768,0.0
20769,0.0
20770,0.0
20771,0.0
20772,0.0
20773,0.0
20774,0.0
20775,0.0
20776,0.0
20777,0.0
20778,0.0
20779,0.0
20780,0.0
20781,0.0
20782,0.0
20783,0.0
20784,0.0
20785,0.0
20786,0.0
20787,0.0
20788,0.0
20789,0.0
20790,0.0
20791,0.0
20792,0.0
20793,0.0
20794,0.0
20795,0.0
20796,0.0
20797,0.0
20798,0.0
20799,0.0
20800,0.0
20801,0.0
20802,0.0
20803,0.0
20804,0.0
20805,0.0
20806,0.0
20807,0.0
20808,0.0
20809,0.0
20810,0.0
20811,0.0
20812,0.0
20813,0.0
20814,0.0
20815,0.0
20816,0.0
20817,0.0
20818,0.0
20819,0.0
20820,0.0
20821,0.0
20822,0.0
20823,0.0
20824,0.0
20825,0.0
20826,0.0
20827,0.0
20828,0.0
20829,0.0
20830,0.0
20831,0.0
20832,0.0
20833,0.0
20834,0.0
20835,0.0
20836,0.0
20837,0.0
20838,0.0
20839,0.0
20840,0.0
20841,0.0
20842,0.0
20843,0.0
20844,0.0
20845,0.0
20846,0.0
20847,0.0
20848,0.0
20849,0.0
20850,0.0
20851,0.0
20852,0.0
20853,0.0
20854,0.0
20855,0.0
20856,0.0
20857,0.0
20858,0.0
20859,0.0
20860,0.0
20861,0.0
20862,0.0
20863,0.0
20864,0.0
20865,0.0
20866,0.0
20867,0.0
20868,0.0
20869,0.0
20870,0.0
20871,0.0
20872,0.0
20873,0.0
20874,0.0
20875,0.0
20876,0.0
20877,0.0
20878,0.0
20879,0.0
20880,0.0
20881,0.0
20882,0.0
20883,0.0
20884,0.0
20885,0.0
20886,0.0
20887,0.0
20888,0.0
20889,0.0
20890,0.0
20891,0.0
20892,0.0
20893,0.0
20894,0.0
20895,0.0
20896,0.0
20897,0.0
20898,0.0
20899,0.0
20900,0.0
20901,0.0
20902,0.0
20903,0.0
20904,0.0
20905,0.0
20906,0.0
20907,0.0
20908,0.0
20909,0.0
20910,0.0
20911,0.0
20912,0.0
20913,0.0
20914,0.0
20915,0.0
20916,0.0
20917,0.0
20918,0.0
20919,0.0
20920,0.0
20921,0.0
20922,0.0
20923,0.0
20924,0.0
20925,0.0
20926,0.0
20927,0.0
20928,0.0
20929,0.0
20930,0.0
20931,0.0
20932,0.0
20933,0.0
20934,0.0
20935,0.0
20936,0.0
20937,0.0
20938,0.0
20939,0.0
20940,0.0
20941,0.0
20942,0.0
20943,0.0
20944,0.0
20945,0.0
20946,0.0
20947,0.0
20948,0.0
20949,0.0
20950,0.0
20951,0.0
20952,0.0
20953,0.0
20954,0.0
20955,0.0
20956,0.0
20957,0.0
20958,0.0
20959,0.0
20960,0.0
20961,0.0
20962,0.0
20963,0.0
20964,0.0
20965,0.0
20966,0.0
20967,0.0
20968,0.0
20969,0.0
20970,0.0
20971,0.0
20972,0.0
20973,0.0
20974,0.0
20975,0.0
20976,0.0
20977,0.0
20978,0.0
20979,0.0
20980,0.0
20981,0.0
20982,0.0
20983,0.0
20984,0.0
20985,0.0
20986,0.0
20987,0.0
20988,0.0
20989,0.0
20990,0.0
20991,0.0
20992,0.0
20993,0.0
20994,0.0
20995,0.0
20996,0.0
20997,0.0
20998,0.0
20999,0.0
21000,0.0
21001,0.0
21002,0.0
21003,0.0
21004,0.0
21005,0.0
21006,0.0
21007,0.0
21008,0.0
21009,0.0
21010,0.0
21011,0.0
21012,0.0
21013,0.0
21014,0.0
21015,0.0
21016,0.0
21017,0.0
21018,0.0
21019,0.0
21020,0.0
21021,0.0
21022,0.0
21023,0.0
21024,0.0
21025,0.0
21026,0.0
21027,0.0
21028,0.0
21029,0.0
21030,0.0
21031,0.0
21032,0.0
21033,0.0
21034,0.0
21035,0.0
21036,0.0
21037,0.0
21038,0.0
21039,0.0
21040,0.0
21041,0.0
21042,0.0
21043,0.0
21044,0.0
21045,0.0
21046,0.0
21047,0.0
21048,0.0
21049,0.0
21050,0.0
21051,0.0
21052,0.0
21053,0.0
21054,0.0
21055,0.0
21056,0.0
21057,0.0
21058,0.0
21059,0.0
21060,0.0
21061,0.0
21062,0.0
21063,0.0
21064,0.0
21065,0.0
21066,0.0
21067,0.0
21068,0.0
21069,0.0
21070,0.0
21071,0.0
21072,0.0
21073,0.0
21074,0.0
21075,0.0
21076,0.0
21077,0.0
21078,0.0
21079,0.0
21080,0.0
21081,0.0
21082,0.0
21083,0.0
21084,0.0
21085,0.0
21086,0.0
21087,0.0
21088,0.0
21089,0.0
21090,0.0
21091,0.0
21092,0.0
21093,0.0
21094,0.0
21095,0.0
21096,0.0
21097,0.0
21098,0.0
21099,0.0
21100,0.0
21101,0.0
21102,0.0
21103,0.0
21104,0.0
21105,0.0
21106,0.0
21107,0.0
21108,0.0
21109,0.0
21110,0.0
21111,0.0
21112,0.0
21113,0.0
21114,0.0
21115,0.0
21116,0.0
21117,0.0
21118,0.0
21119,0.0
21120,0.0
21121,0.0
21122,0.0
21123,0.0
21124,0.0
21125,0.0
21126,0.0
21127,0.0
21128,0.0
21129,0.0
21130,0.0
21131,0.0
21132,0.0
21133,0.0
21134,0.0
21135,0.0
21136,0.0
21137,0.0
21138,0.0
21139,0.0
21140,0.0
21141,0.0
21142,0.0
21143,0.0
21144,0.0
21145,0.0
21146,0.0
21147,0.0
21148,0.0
21149,0.0
21150,0.0
21151,0.0
21152,0.0
21153,0.0
21154,0.0
21155,0.0
21156,0.0
21157,0.0
21158,0.0
21159,0.0
21160,0.0
21161,0.0
21162,0.0
21163,0.0
21164,0.0
21165,0.0
21166,0.0
21167,0.0
21168,0.0
21169,0.0
21170,0.0
21171,0.0
21172,0.0
21173,0.0
21174,0.0
21175,0.0
21176,0.0
21177,0.0
21178,0.0
21179,0.0
21180,0.0
21181,0.0
21182,0.0
21183,0.0
21184,0.0
21185,0.0
21186,0.0
21187,0.0
21188,0.0
21189,0.0
21190,0.0
21191,0.0
21192,0.0
21193,0.0
21194,0.0
21195,0.0
21196,0.0
21197,0.0
21198,0.0
21199,0.0
21200,0.0
21201,0.0
21202,0.0
21203,0.0
21204,0.0
21205,0.0
21206,0.0
21207,0.0
21208,0.0
21209,0.0
21210,0.0
21211,0.0
21212,0.0
21213,0.0
21214,0.0
21215,0.0
21216,0.0
21217,0.0
21218,0.0
21219,0.0
21220,0.0
21221,0.0
21222,0.0
21223,0.0
21224,0.0
21225,0.0
21226,0.0
21227,0.0
21228,0.0
21229,0.0
21230,0.0
21231,0.0
21232,0.0
21233,0.0
21234,0.0
21235,0.0
21236,0.0
21237,0.0
21238,0.0
21239,0.0
21240,0.0
21241,0.0
21242,0.0
21243,0.0
21244,0.0
21245,0.0
21246,0.0
21247,0.0
21248,0.0
21249,0.0
21250,0.0
21251,0.0
21252,0.0
21253,0.0
21254,0.0
21255,0.0
21256,0.0
21257,0.0
21258,0.0
21259,0.0
21260,0.0
21261,0.0
21262,0.0
21263,0.0
21264,0.0
21265,0.0
21266,0.0
21267,0.0
21268,0.0
21269,0.0
21270,0.0
21271,0.0
21272,0.0
21273,0.0
21274,0.0
21275,0.0
21276,0.0
21277,0.0
21278,0.0
21279,0.0
21280,0.0
21281,0.0
21282,0.0
21283,0.0
21284,0.0
21285,0.0
21286,0.0
21287,0.0
21288,0.0
21289,0.0
21290,0.0
21291,0.0
21292,0.0
21293,0.0
21294,0.0
21295,0.0
21296,0.0
21297,0.0
21298,0.0
21299,0.0
21300,0.0
21301,30.0372576697232
21302,45.0558865045848
21303,60.0745153394464
21304,75.093144174308
21305,90.1117730091696
21306,105.1304018440312
21307,120.1490306788928
21308,135.1676595137544
21309,150.186288348616
21310,165.2049171834776
21311,180.2235460183392
21312,195.2421748532008
21313,210.2608036880624
21314,225.27943252292397
21315,240.2980613577856
21316,255.31669019264723
21317,270.3353190275088
21318,285.3539478623704
21319,300.372576697232
21320,315.39120553209364
21321,330.4098343669552
21322,345.4284632018168
21323,360.4470920366784
21324,375.46572087154004
21325,390.4843497064016
21326,405.5029785412632
21327,420.5216073761248
21328,435.5402362109864
21329,450.55886504584794
21330,465.57749388070954
21331,480.5961227155712
21332,495.6147515504328
21333,510.63338038529446
21334,525.652009220156
21335,540.6706380550175
21336,555.6892668898793
21337,570.7078957247408
21338,585.7265245596024
21339,600.745153394464
21340,615.7637822293256
21341,630.7824110641873
21342,645.8010398990488
21343,660.8196687339104
21344,675.838297568772
21345,690.8569264036336
21346,705.8755552384952
21347,720.8941840733568
21348,735.9128129082184
21349,750.9314417430801
21350,765.9500705779416
21351,780.9686994128032
21352,795.9873282476648
21353,811.0059570825264
21354,826.024585917388
21355,841.0432147522496
21356,856.0618435871112
21357,871.0804724219728
21358,886.0991012568344
21359,901.1177300916959
21360,916.1363589265576
21361,931.1549877614191
21362,946.1736165962808
21363,961.1922454311424
21364,976.2108742660039
21365,991.2295031008656
21366,1006.2481319357272
21367,1021.2667607705889
21368,1036.2853896054503
21369,1051.304018440312
21370,1066.3226472751737
21371,1081.341276110035
21372,1096.3599049448967
21373,1111.3785337797585
21374,1126.39716261462
21375,1141.4157914494815
21376,1156.434420284343
21377,1171.4530491192047
21378,1186.4716779540665
21379,1201.490306788928
21380,1216.5089356237895
21381,1231.527564458651
21382,1246.5461932935127
21383,1261.5648221283745
21384,1276.583450963236
21385,1291.6020797980975
21386,1306.6207086329593
21387,1321.6393374678207
21388,1336.6579663026823
21389,1351.676595137544
21390,1366.6952239724055
21391,1381.7138528072671
21392,1396.7324816421287
21393,1411.7511104769903
21394,1426.769739311852
21395,1441.7883681467135
21396,1456.8069969815751
21397,1471.8256258164367
21398,1486.8442546512983
21399,1501.8628834861602
21400,1516.8815123210215
21401,1531.9001411558831
21402,1546.9187699907447
21403,1561.9373988256064
21404,1576.956027660468
21405,1591.9746564953296
21406,1606.9932853301912
21407,1622.0119141650528
21408,1637.0305429999144
21409,1652.049171834776
21410,1667.0678006696376
21411,1682.0864295044992
21412,1697.1050583393608
21413,1712.1236871742224
21414,1727.142316009084
21415,1742.1609448439456
21416,1757.1795736788072
21417,1772.1982025136688
21418,1787.2168313485304
21419,1802.2354601833918
21420,1817.2540890182536
21421,1832.2727178531152
21422,1847.291346687977
21423,1862.3099755228382
21424,1877.3286043577
21425,1892.3472331925616
21426,1907.365862027423
21427,1922.3844908622848
21428,1937.4031196971464
21429,1952.4217485320078
21430,1967.4403773668696
21431,1982.4590062017312
21432,1997.4776350365926
21433,2012.4962638714544
21434,2027.514892706316
21435,2042.5335215411778
21436,2057.552150376039
21437,2072.5707792109006
21438,2087.5894080457624
21439,2102.608036880624
21440,2117.6266657154856
21441,2132.6452945503474
21442,2147.663923385209
21443,2162.68255222007
21444,2177.701181054932
21445,2192.7198098897934
21446,2207.738438724655
21447,2222.757067559517
21448,2237.775696394378
21449,2252.79432522924
21450,2267.8129540641016
21451,0.0
21452,0.0
21453,0.0
21454,0.0
21455,0.0
21456,0.0
21457,0.0
21458,0.0
21459,0.0
21460,0.0
21461,0.0
21462,0.0
21463,0.0
21464,0.0
21465,0.0
21466,0.0
21467,0.0
21468,0.0
21469,0.0
21470,0.0
21471,0.0
21472,0.0
21473,0.0
21474,0.0
21475,0.0
21476,0.0
21477,0.0
21478,0.0
21479,0.0
21480,0.0
21481,0.0
21482,0.0
21483,0.0
21484,0.0
21485,0.0
21486,0.0
21487,0.0
21488,0.0
21489,0.0
21490,0.0
21491,0.0
21492,0.0
21493,0.0
21494,0.0
21495,0.0
21496,0.0
21497,0.0
21498,0.0
21499,0.0
21500,0.0
21501,0.0
21502,0.0
21503,0.0
21504,0.0
21505,0.0
21506,0.0
21507,0.0
21508,0.0
21509,0.0
21510,0.0
21511,0.0
21512,0.0
21513,0.0
21514,0.0
21515,0.0
21516,0.0
21517,0.0
21518,0.0
21519,0.0
21520,0.0
21521,0.0
21522,0.0
21523,0.0
21524,0.0
21525,0.0
21526,0.0
21527,0.0
21528,0.0
21529,0.0
21530,0.0
21531,0.0
21532,0.0
21533,0.0
21534,0.0
21535,0.0
21536,0.0
21537,0.0
21538,0.0
21539,0.0
21540,0.0
21541,0.0
21542,0.0
21543,0.0
21544,0.0
21545,0.0
21546,0.0
21547,0.0
21548,0.0
21549,0.0
21550,0.0
21551,0.0
21552,0.0
21553,0.0
21554,0.0
21555,0.0
21556,0.0
21557,0.0
21558,0.0
21559,0.0
21560,0.0
21561,0.0
21562,0.0
21563,0.0
21564,0.0
21565,0.0
21566,0.0
21567,0.0
21568,0.0
21569,0.0
21570,0.0
21571,0.0
21572,0.0
21573,0.0
21574,0.0
21575,0.0
21576,0.0
21577,0.0
21578,0.0
21579,0.0
21580,0.0
21581,0.0
21582,0.0
21583,0.0
21584,0.0
21585,0.0
21586,0.0
21587,0.0
21588,0.0
21589,0.0
21590,0.0
21591,0.0
21592,0.0
21593,0.0
21594,0.0
21595,0.0
21596,0.0
21597,0.0
21598,0.0
21599,0.0
21600,0.0
21601,0.0
21602,0.0
21603,0.0
21604,0.0
21605,0.0
21606,0.0
21607,0.0
21608,0.0
21609,0.0
21610,0.0
21611,0.0
21612,0.0
21613,0.0
21614,0.0
21615,0.0
21616,0.0
21617,0.0
21618,0.0
21619,0.0
21620,0.0
21621,0.0
21622,0.0
21623,0.0
21624,0.0
21625,0.0
21626,0.0
21627,0.0
21628,0.0
21629,0.0
21630,0.0
21631,0.0
21632,0.0
21633,0.0
21634,0.0
21635,0.0
21636,0.0
21637,0.0
21638,0.0
21639,0.0
21640,0.0
21641,0.0
21642,0.0
21643,0.0
21644,0.0
21645,0.0
21646,0.0
21647,0.0
21648,0.0
21649,0.0
21650,0.0
21651,0.0
21652,0.0
21653,0.0
21654,0.0
21655,0.0
21656,0.0
21657,0.0
21658,0.0
21659,0.0
21660,0.0
21661,0.0
21662,0.0
21663,0.0
21664,0.0
21665,0.0
21666,0.0
21667,0.0
21668,0.0
21669,0.0
21670,0.0
21671,0.0
21672,0.0
21673,0.0
21674,0.0
21675,0.0
21676,0.0
21677,0.0
21678,0.0
21679,0.0
21680,0.0
21681,0.0
21682,0.0
21683,0.0
21684,0.0
21685,0.0
21686,0.0
21687,0.0
21688,0.0
21689,0.0
21690,0.0
21691,0.0
21692,0.0
21693,0.0
21694,0.0
21695,0.0
21696,0.0
21697,0.0
21698,0.0
21699,0.0
21700,0.0
21701,0.0
21702,0.0
21703,0.0
21704,0.0
21705,0.0
21706,0.0
21707,0.0
21708,0.0
21709,0.0
21710,0.0
21711,0.0
21712,0.0
21713,0.0
21714,0.0
21715,0.0
21716,0.0
21717,0.0
21718,0.0
21719,0.0
21720,0.0
21721,0.0
21722,0.0
21723,0.0
21724,0.0
21725,0.0
21726,0.0
21727,0.0
21728,0.0
21729,0.0
21730,0.0
21731,0.0
21732,0.0
21733,0.0
21734,0.0
21735,0.0
21736,0.0
21737,0.0
21738,0.0
21739,0.0
21740,0.0
21741,0.0
21742,0.0
21743,0.0
21744,0.0
21745,0.0
21746,0.0
21747,0.0
21748,0.0
21749,0.0
21750,0.0
21751,0.0
21752,0.0
21753,0.0
21754,0.0
21755,0.0
21756,0.0
21757,0.0
21758,0.0
21759,0.0
21760,0.0
21761,0.0
21762,0.0
21763,0.0
21764,0.0
21765,0.0
21766,0.0
21767,0.0
21768,0.0
21769,0.0
21770,0.0
21771,0.0
21772,0.0
21773,0.0
21774,0.0
21775,0.0
21776,0.0
21777,0.0
21778,0.0
21779,0.0
21780,0.0
21781,0.0
21782,0.0
21783,0.0
21784,0.0
21785,0.0
21786,0.0
21787,0.0
21788,0.0
21789,0.0
21790,0.0
21791,0.0
21792,0.0
21793,0.0
21794,0.0
21795,0.0
21796,0.0
21797,0.0
21798,0.0
21799,0.0
21800,0.0
21801,0.0
21802,0.0
21803,0.0
21804,0.0
21805,0.0
21806,0.0
21807,0.0
21808,0.0
21809,0.0
21810,0.0
21811,0.0
21812,0.0
21813,0.0
21814,0.0
21815,0.0
21816,0.0
21817,0.0
21818,0.0
21819,0.0
21820,0.0
21821,0.0
21822,0.0
21823,0.0
21824,0.0
21825,0.0
21826,0.0
21827,0.0
21828,0.0
21829,0.0
21830,0.0
21831,0.0
21832,0.0
21833,0.0
21834,0.0
21835,0.0
21836,0.0
21837,0.0
21838,0.0
21839,0.0
21840,0.0
21841,0.0
21842,0.0
21843,0.0
21844,0.0
21845,0.0
21846,0.0
21847,0.0
21848,0.0
21849,0.0
21850,0.0
21851,0.0
21852,0.0
21853,0.0
21854,0.0
21855,0.0
21856,0.0
21857,0.0
21858,0.0
21859,0.0
21860,0.0
21861,0.0
21862,0.0
21863,0.0
21864,0.0
21865,0.0
21866,0.0
21867,0.0
21868,0.0
21869,0.0
21870,0.0
21871,0.0
21872,0.0
21873,0.0
21874,0.0
21875,0.0
21876,0.0
21877,0.0
21878,0.0
21879,0.0
21880,0.0
21881,0.0
21882,0.0
21883,0.0
21884,0.0
21885,0.0
21886,0.0
21887,0.0
21888,0.0
21889,0.0
21890,0.0
21891,0.0
21892,0.0
21893,0.0
21894,0.0
21895,0.0
21896,0.0
21897,0.0
21898,0.0
21899,0.0
21900,0.0
21901,18164.435917536415
21902,27246.653876304623
21903,36328.87183507283
21904,45411.08979384104
21905,54493.307752609246
21906,63575.52571137745
21907,72657.74367014566
21908,81739.96162891388
21909,90822.17958768208
21910,99904.39754645029
21911,108986.61550521849
21912,118068.83346398671
21913,127151.0514227549
21914,136233.2693815231
21915,145315.48734029132
21916,154397.70529905954
21917,163479.92325782776
21918,172562.14121659595
21919,181644.35917536417
21920,190726.57713413239
21921,199808.79509290057
21922,208891.01305166876
21923,217973.23101043698
21924,227055.4489692052
21925,236137.66692797342
21926,245219.8848867416
21927,254302.1028455098
21928,263384.320804278
21929,272466.5387630462
21930,281548.75672181445
21931,290630.97468058264
21932,299713.1926393509
21933,308795.4105981191
21934,317877.6285568873
21935,326959.8465156555
21936,336042.06447442365
21937,345124.2824331919
21938,354206.5003919601
21939,363288.71835072833
21940,372370.9363094965
21941,381453.15426826477
21942,390535.37222703296
21943,399617.59018580115
21944,408699.80814456934
21945,417782.0261033375
21946,426864.2440621058
21947,435946.46202087397
21948,445028.6799796422
21949,454110.8979384104
21950,463193.11589717865
21951,472275.33385594684
21952,481357.551814715
21953,490439.7697734832
21954,499521.9877322514
21955,508604.2056910196
21956,517686.42364978784
21957,526768.641608556
21958,535850.8595673243
21959,544933.0775260924
21960,554015.2954848608
21961,563097.5134436289
21962,572179.7314023972
21963,581261.9493611653
21964,590344.1673199334
21965,599426.3852787018
21966,608508.6032374699
21967,617590.8211962382
21968,626673.0391550063
21969,635755.2571137747
21970,644837.4750725428
21971,653919.693031311
21972,663001.9109900792
21973,672084.1289488473
21974,681166.3469076157
21975,690248.5648663838
21976,699330.782825152
21977,708413.0007839202
21978,717495.2187426885
21979,726577.4367014567
21980,735659.6546602248
21981,744741.872618993
21982,753824.0905777612
21983,762906.3085365295
21984,771988.5264952977
21985,781070.7444540659
21986,790152.962412834
21987,799235.1803716023
21988,808317.3983303705
21989,817399.6162891387
21990,826481.8342479069
21991,835564.052206675
21992,844646.2701654434
21993,853728.4881242116
21994,862810.7060829798
21995,871892.9240417479
21996,880975.1420005162
21997,890057.3599592844
21998,899139.5779180526
21999,908221.7958768208
22000,917304.0138355889
22001,926386.2317943573
22002,935468.4497531254
22003,944550.6677118937
22004,953632.8856706618
22005,962715.10362943
22006,971797.3215881983
22007,980879.5395469664
22008,989961.7575057347
22009,999043.9754645028
22010,1008126.1934232711
22011,1017208.4113820392
22012,1026290.6293408076
22013,1035372.8472995757
22014,1044455.0652583439
22015,1053537.283217112
22016,1062619.5011758804
22017,1071701.7191346486
22018,1080783.9370934167
22019,1089866.1550521848
22020,1098948.373010953
22021,1108030.5909697216
22022,1117112.8089284897
22023,1126195.0268872578
22024,1135277.244846026
22025,1144359.4628047943
22026,1153441.6807635624
22027,1162523.8987223306
22028,1171606.1166810987
22029,1180688.3346398668
22030,1189770.5525986354
22031,1198852.7705574036
22032,1207934.9885161717
22033,1217017.2064749398
22034,1226099.4244337082
22035,1235181.6423924763
22036,1244263.8603512445
22037,1253346.0783100126
22038,1262428.2962687807
22039,1271510.5142275493
22040,1280592.7321863174
22041,1289674.9501450856
22042,1298757.1681038537
22043,1307839.386062622
22044,1316921.6040213902
22045,1326003.8219801583
22046,1335086.0399389265
22047,1344168.2578976946
22048,1353250.4758564632
22049,1362332.6938152313
22050,1371414.9117739995
22051,22529.76910630862
22052,33794.653659462936
22053,45059.53821261724
22054,56324.422765771546
22055,67589.30731892587
22056,78854.19187208018
22057,90119.07642523448
22058,101383.96097838879
22059,112648.84553154309
22060,123913.73008469741
22061,135178.61463785174
22062,146443.49919100603
22063,157708.38374416035
22064,168973.26829731464
22065,180238.15285046896
22066,191503.03740362325
22067,202767.92195677757
22068,214032.8065099319
22069,225297.69106308618
22070,236562.57561624053
22071,247827.46016939482
22072,259092.34472254914
22073,270357.2292757035
22074,281622.1138288577
22075,292886.99838201207
22076,304151.88293516636
22077,315416.7674883207
22078,326681.652041475
22079,337946.5365946293
22080,349211.4211477836
22081,360476.3057009379
22082,371741.1902540923
22083,383006.0748072465
22084,394270.95936040086
22085,405535.84391355515
22086,416800.7284667095
22087,428065.6130198638
22088,439330.4975730181
22089,450595.38212617236
22090,461860.2666793267
22091,473125.15123248106
22092,484390.0357856353
22093,495654.92033878964
22094,506919.80489194393
22095,518184.6894450983
22096,529449.5739982526
22097,540714.458551407
22098,551979.3431045612
22099,563244.2276577154
22100,574509.1122108698
22101,585773.9967640241
22102,597038.8813171784
22103,608303.7658703327
22104,619568.6504234871
22105,630833.5349766414
22106,642098.4195297958
22107,653363.30408295
22108,664628.1886361042
22109,675893.0731892586
22110,687157.9577424129
22111,698422.8422955672
22112,709687.7268487215
22113,720952.6114018759
22114,732217.4959550302
22115,743482.3805081845
22116,754747.2650613388
22117,766012.149614493
22118,777277.0341676474
22119,788541.9187208017
22120,799806.803273956
22121,811071.6878271103
22122,822336.5723802646
22123,833601.456933419
22124,844866.3414865733
22125,856131.2260397276
22126,867396.1105928818
22127,878660.9951460361
22128,889925.8796991905
22129,901190.7642523447
22130,912455.6488054991
22131,923720.5333586534
22132,934985.4179118078
22133,946250.3024649621
22134,957515.1870181164
22135,968780.0715712706
22136,980044.9561244249
22137,991309.8406775793
22138,1002574.7252307336
22139,1013839.6097838879
22140,1025104.4943370422
22141,1036369.3788901966
22142,1047634.2634433509
22143,1058899.1479965053
22144,1070164.0325496595
22145,1081428.917102814
22146,1092693.801655968
22147,1103958.6862091224
22148,1115223.5707622766
22149,1126488.4553154309
22150,1137753.3398685853
22151,1149018.2244217396
22152,1160283.108974894
22153,1171547.9935280483
22154,1182812.8780812027
22155,1194077.7626343567
22156,1205342.6471875112
22157,1216607.5317406654
22158,1227872.4162938197
22159,1239137.3008469741
22160,1250402.1854001284
22161,1261667.0699532828
22162,1272931.954506437
22163,1284196.8390595915
22164,1295461.7236127455
22165,1306726.6081659
22166,1317991.4927190542
22167,1329256.3772722085
22168,1340521.261825363
22169,1351786.1463785172
22170,1363051.0309316716
22171,1374315.9154848258
22172,1385580.8000379803
22173,1396845.6845911343
22174,1408110.5691442888
22175,1419375.453697443
22176,1430640.3382505972
22177,1441905.2228037517
22178,1453170.107356906
22179,1464434.9919100604
22180,1475699.8764632146
22181,1486964.761016369
22182,1498229.645569523
22183,1509494.5301226776
22184,1520759.4146758318
22185,1532024.299228986
22186,1543289.1837821405
22187,1554554.0683352947
22188,1565818.9528884492
22189,1577083.8374416034
22190,1588348.721994758
22191,1599613.606547912
22192,1610878.4911010663
22193,1622143.3756542206
22194,1633408.2602073748
22195,1644673.1447605293
22196,1655938.0293136835
22197,1667202.913866838
22198,1678467.7984199922
22199,1689732.6829731467
22200,1700997.5675263007
22201,28443.115240997737
22202,42664.672861496605
22203,56886.23048199547
22204,71107.78810249435
22205,85329.34572299321
22206,99550.90334349207
22207,113772.46096399095
22208,127994.01858448982
22209,142215.5762049887
22210,156437.13382548757
22211,170658.69144598642
22212,184880.2490664853
22213,199101.80668698414
22214,213323.36430748302
22215,227544.9219279819
22216,241766.47954848077
22217,255988.03716897964
22218,270209.59478947846
22219,284431.1524099774
22220,298652.7100304762
22221,312874.26765097515
22222,327095.82527147396
22223,341317.38289197284
22224,355538.9405124717
22225,369760.4981329706
22226,383982.05575346947
22227,398203.6133739683
22228,412425.1709944672
22229,426646.72861496604
22230,440868.28623546497
22231,455089.8438559638
22232,469311.40147646266
22233,483532.95909696154
22234,497754.5167174604
22235,511976.0743379593
22236,526197.6319584581
22237,540419.1895789569
22238,554640.747199456
22239,568862.3048199548
22240,583083.8624404536
22241,597305.4200609524
22242,611526.9776814514
22243,625748.5353019503
22244,639970.0929224491
22245,654191.6505429479
22246,668413.2081634467
22247,682634.7657839457
22248,696856.3234044446
22249,711077.8810249434
22250,725299.4386454422
22251,739520.9962659412
22252,753742.5538864401
22253,767964.1115069389
22254,782185.6691274378
22255,796407.2267479366
22256,810628.7843684355
22257,824850.3419889344
22258,839071.8996094333
22259,853293.4572299321
22260,867515.014850431
22261,881736.5724709299
22262,895958.1300914288
22263,910179.6877119276
22264,924401.2453324264
22265,938622.8029529253
22266,952844.3605734243
22267,967065.9181939231
22268,981287.4758144219
22269,995509.0334349208
22270,1009730.5910554198
22271,1023952.1486759186
22272,1038173.7062964174
22273,1052395.2639169162
22274,1066616.821537415
22275,1080838.3791579138
22276,1095059.936778413
22277,1109281.494398912
22278,1123503.0520194108
22279,1137724.6096399096
22280,1151946.1672604084
22281,1166167.7248809072
22282,1180389.282501406
22283,1194610.8401219049
22284,1208832.3977424037
22285,1223053.9553629027
22286,1237275.5129834018
22287,1251497.0706039006
22288,1265718.6282243994
22289,1279940.1858448982
22290,1294161.743465397
22291,1308383.3010858959
22292,1322604.8587063947
22293,1336826.4163268935
22294,1351047.9739473925
22295,1365269.5315678914
22296,1379491.0891883904
22297,1393712.6468088892
22298,1407934.204429388
22299,1422155.7620498869
22300,1436377.3196703857
22301,1450598.8772908845
22302,1464820.4349113833
22303,1479041.9925318824
22304,1493263.5501523812
22305,1507485.1077728802
22306,1521706.665393379
22307,1535928.2230138779
22308,1550149.7806343767
22309,1564371.3382548755
22310,1578592.8958753743
22311,1592814.4534958731
22312,1607036.0111163722
22313,1621257.568736871
22314,1635479.12635737
22315,1649700.6839778689
22316,1663922.2415983677
22317,1678143.7992188665
22318,1692365.3568393653
22319,1706586.9144598641
22320,1720808.472080363
22321,1735030.029700862
22322,1749251.5873213608
22323,1763473.1449418599
22324,1777694.7025623587
22325,1791916.2601828575
22326,1806137.8178033563
22327,1820359.3754238551
22328,1834580.933044354
22329,1848802.4906648528
22330,1863024.0482853518
22331,1877245.6059058507
22332,1891467.1635263497
22333,1905688.7211468485
22334,1919910.2787673473
22335,1934131.8363878462
22336,1948353.394008345
22337,1962574.9516288438
22338,1976796.5092493426
22339,1991018.0668698417
22340,2005239.6244903405
22341,2019461.1821108395
22342,2033682.7397313383
22343,2047904.2973518372
22344,2062125.854972336
22345,2076347.4125928348
22346,2090568.9702133338
22347,2104790.5278338324
22348,2119012.0854543317
22349,2133233.64307483
22350,2147455.2006953293
22351,19588.912305553753
22352,29383.36845833063
22353,39177.824611107506
22354,48972.28076388439
22355,58766.73691666126
22356,68561.19306943813
22357,78355.64922221501
22358,88150.1053749919
22359,97944.56152776878
22360,107739.01768054564
22361,117533.47383332253
22362,127327.92998609939
22363,137122.38613887626
22364,146916.84229165316
22365,156711.29844443002
22366,166505.75459720692
22367,176300.2107499838
22368,186094.66690276065
22369,195889.12305553755
22370,205683.5792083144
22371,215478.0353610913
22372,225272.49151386815
22373,235066.94766664505
22374,244861.40381942192
22375,254655.85997219878
22376,264450.3161249757
22377,274244.7722777525
22378,284039.2284305294
22379,293833.6845833063
22380,303628.1407360832
22381,313422.59688886005
22382,323217.0530416369
22383,333011.50919441384
22384,342805.9653471907
22385,352600.4214999676
22386,362394.8776527444
22387,372189.3338055213
22388,381983.7899582982
22389,391778.2461110751
22390,401572.70226385194
22391,411367.1584166288
22392,421161.61456940573
22393,430956.0707221826
22394,440750.52687495947
22395,450544.9830277363
22396,460339.4391805132
22397,470133.8953332901
22398,479928.351486067
22399,489722.80763884383
22400,499517.2637916207
22401,509311.71994439757
22402,519106.1760971745
22403,528900.6322499514
22404,538695.0884027282
22405,548489.544555505
22406,558284.0007082819
22407,568078.4568610588
22408,577872.9130138358
22409,587667.3691666126
22410,597461.8253193895
22411,607256.2814721664
22412,617050.7376249433
22413,626845.1937777201
22414,636639.6499304969
22415,646434.1060832738
22416,656228.5622360507
22417,666023.0183888277
22418,675817.4745416045
22419,685611.9306943814
22420,695406.3868471583
22421,705200.8429999352
22422,714995.299152712
22423,724789.7553054888
22424,734584.2114582657
22425,744378.6676110426
22426,754173.1237638196
22427,763967.5799165964
22428,773762.0360693733
22429,783556.4922221502
22430,793350.948374927
22431,803145.4045277039
22432,812939.8606804807
22433,822734.3168332576
22434,832528.7729860345
22435,842323.2291388115
22436,852117.6852915883
22437,861912.1414443651
22438,871706.597597142
22439,881501.0537499189
22440,891295.5099026958
22441,901089.9660554726
22442,910884.4222082495
22443,920678.8783610264
22444,930473.3345138034
22445,940267.7906665802
22446,950062.2468193572
22447,959856.702972134
22448,969651.1591249108
22449,979445.6152776877
22450,989240.0714304645
22451,999034.5275832413
22452,1008828.9837360183
22453,1018623.4398887951
22454,1028417.896041572
22455,1038212.352194349
22456,1048006.8083471259
22457,1057801.2644999027
22458,1067595.7206526797
22459,1077390.1768054564
22460,1087184.6329582334
22461,1096979.08911101
22462,1106773.545263787
22463,1116568.0014165638
22464,1126362.457569341
22465,1136156.9137221177
22466,1145951.3698748946
22467,1155745.8260276716
22468,1165540.2821804483
22469,1175334.7383332253
22470,1185129.194486002
22471,1194923.650638779
22472,1204718.1067915556
22473,1214512.5629443328
22474,1224307.0190971096
22475,1234101.4752498865
22476,1243895.9314026635
22477,1253690.3875554402
22478,1263484.8437082171
22479,1273279.2998609939
22480,1283073.7560137708
22481,1292868.2121665475
22482,1302662.6683193247
22483,1312457.1244721015
22484,1322251.5806248784
22485,1332046.0367776554
22486,1341840.492930432
22487,1351634.949083209
22488,1361429.4052359858
22489,1371223.8613887627
22490,1381018.3175415394
22491,1390812.7736943166
22492,1400607.2298470933
22493,1410401.6859998703
22494,1420196.1421526473
22495,1429990.598305424
22496,1439785.054458201
22497,1449579.5106109777
22498,1459373.9667637546
22499,1469168.4229165313
22500,1478962.8790693085
22501,100.8376041650772
22502,151.2564062476158
22503,201.6752083301544
22504,252.094010412693
22505,302.5128124952316
22506,352.9316145777702
22507,403.3504166603088
22508,453.76921874284744
22509,504.188020825386
22510,554.6068229079245
22511,605.0256249904633
22512,655.4444270730019
22513,705.8632291555404
22514,756.282031238079
22515,806.7008333206176
22516,857.1196354031563
22517,907.5384374856949
22518,957.9572395682334
22519,1008.376041650772
22520,1058.7948437333107
22521,1109.213645815849
22522,1159.6324478983877
22523,1210.0512499809265
22524,1260.4700520634651
22525,1310.8888541460037
22526,1361.307656228542
22527,1411.7264583110807
22528,1462.1452603936195
22529,1512.564062476158
22530,1562.9828645586965
22531,1613.4016666412351
22532,1663.820468723774
22533,1714.2392708063126
22534,1764.6580728888512
22535,1815.0768749713898
22536,1865.4956770539281
22537,1915.9144791364668
22538,1966.3332812190054
22539,2016.752083301544
22540,2067.170885384083
22541,2117.5896874666214
22542,2168.00848954916
22543,2218.427291631698
22544,2268.8460937142368
22545,2319.2648957967754
22546,2369.683697879314
22547,2420.102499961853
22548,2470.5213020443916
22549,2520.9401041269302
22550,2571.358906209469
22551,2621.7777082920074
22552,2672.1965103745456
22553,2722.615312457084
22554,2773.034114539623
22555,2823.4529166221614
22556,2873.8717187047005
22557,2924.290520787239
22558,2974.7093228697777
22559,3025.128124952316
22560,3075.546927034855
22561,3125.965729117393
22562,3176.384531199932
22563,3226.8033332824702
22564,3277.222135365009
22565,3327.640937447548
22566,3378.059739530086
22567,3428.478541612625
22568,3478.8973436951633
22569,3529.3161457777023
22570,3579.7349478602405
22571,3630.1537499427795
22572,3680.5725520253177
22573,3730.9913541078563
22574,3781.4101561903954
22575,3831.8289582729335
22576,3882.2477603554726
22577,3932.6665624380107
22578,3983.08536452055
22579,4033.504166603088
22580,4083.9229686856265
22581,4134.341770768166
22582,4184.760572850703
22583,4235.179374933243
22584,4285.5981770157805
22585,4336.01697909832
22586,4386.435781180859
22587,4436.854583263396
22588,4487.273385345936
22589,4537.6921874284735
22590,4588.110989511013
22591,4638.529791593551
22592,4688.94859367609
22593,4739.367395758628
22594,4789.786197841167
22595,4840.204999923706
22596,4890.623802006244
22597,4941.042604088783
22598,4991.461406171321
22599,5041.8802082538605
22600,5092.299010336398
22601,5142.717812418938
22602,5193.136614501475
22603,5243.555416584015
22604,5293.9742186665535
22605,5344.393020749091
22606,5394.811822831631
22607,5445.230624914168
22608,5495.649426996708
22609,5546.068229079246
22610,5596.487031161785
22611,5646.905833244323
22612,5697.324635326861
22613,5747.743437409401
22614,5798.162239491939
22615,5848.581041574478
22616,5898.999843657016
22617,5949.418645739555
22618,5999.837447822093
22619,6050.256249904632
22620,6100.67505198717
22621,6151.09385406971
22622,6201.512656152248
22623,6251.931458234786
22624,6302.350260317325
22625,6352.769062399864
22626,6403.187864482403
22627,6453.6066665649405
22628,6504.025468647479
22629,6554.444270730018
22630,6604.863072812557
22631,6655.281874895096
22632,6705.7006769776335
22633,6756.119479060172
22634,6806.538281142712
22635,6856.95708322525
22636,6907.375885307788
22637,6957.7946873903265
22638,7008.213489472865
22639,7058.632291555405
22640,7109.051093637943
22641,7159.469895720481
22642,7209.88869780302
22643,7260.307499885559
22644,7310.726301968098
22645,7361.145104050635
22646,7411.563906133174
22647,7461.982708215713
22648,7512.401510298252
22649,7562.820312380791
22650,7613.239114463328
22651,0.0
22652,0.0
22653,0.0
22654,0.0
22655,0.0
22656,0.0
22657,0.0
22658,0.0
22659,0.0
22660,0.0
22661,0.0
22662,0.0
22663,0.0
22664,0.0
22665,0.0
22666,0.0
22667,0.0
22668,0.0
22669,0.0
22670,0.0
22671,0.0
22672,0.0
22673,0.0
22674,0.0
22675,0.0
22676,0.0
22677,0.0
22678,0.0
22679,0.0
22680,0.0
22681,0.0
22682,0.0
22683,0.0
22684,0.0
22685,0.0
22686,0.0
22687,0.0
22688,0.0
22689,0.0
22690,0.0
22691,0.0
22692,0.0
22693,0.0
22694,0.0
22695,0.0
22696,0.0
22697,0.0
22698,0.0
22699,0.0
22700,0.0
22701,0.0
22702,0.0
22703,0.0
22704,0.0
22705,0.0
22706,0.0
22707,0.0
22708,0.0
22709,0.0
22710,0.0
22711,0.0
22712,0.0
22713,0.0
22714,0.0
22715,0.0
22716,0.0
22717,0.0
22718,0.0
22719,0.0
22720,0.0
22721,0.0
22722,0.0
22723,0.0
22724,0.0
22725,0.0
22726,0.0
22727,0.0
22728,0.0
22729,0.0
22730,0.0
22731,0.0
22732,0.0
22733,0.0
22734,0.0
22735,0.0
22736,0.0
22737,0.0
22738,0.0
22739,0.0
22740,0.0
22741,0.0
22742,0.0
22743,0.0
22744,0.0
22745,0.0
22746,0.0
22747,0.0
22748,0.0
22749,0.0
22750,0.0
22751,0.0
22752,0.0
22753,0.0
22754,0.0
22755,0.0
22756,0.0
22757,0.0
22758,0.0
22759,0.0
22760,0.0
22761,0.0
22762,0.0
22763,0.0
22764,0.0
22765,0.0
22766,0.0
22767,0.0
22768,0.0
22769,0.0
22770,0.0
22771,0.0
22772,0.0
22773,0.0
22774,0.0
22775,0.0
22776,0.0
22777,0.0
22778,0.0
22779,0.0
22780,0.0
22781,0.0
22782,0.0
22783,0.0
22784,0.0
22785,0.0
22786,0.0
22787,0.0
22788,0.0
22789,0.0
22790,0.0
22791,0.0
22792,0.0
22793,0.0
22794,0.0
22795,0.0
22796,0.0
22797,0.0
22798,0.0
22799,0.0
22800,0.0
22801,708.4521670209036
22802,1062.6782505313554
22803,1416.9043340418073
22804,1771.1304175522594
22805,2125.356501062711
22806,2479.582584573163
22807,2833.8086680836145
22808,3188.0347515940666
22809,3542.2608351045187
22810,3896.4869186149704
22811,4250.713002125422
22812,4604.939085635873
22813,4959.165169146326
22814,5313.391252656777
22815,5667.617336167229
22816,6021.843419677682
22817,6376.069503188133
22818,6730.295586698585
22819,7084.521670209037
22820,7438.747753719488
22821,7792.973837229941
22822,8147.199920740392
22823,8501.426004250843
22824,8855.652087761297
22825,9209.878171271746
22826,9564.1042547822
22827,9918.330338292652
22828,10272.556421803103
22829,10626.782505313555
22830,10981.008588824008
22831,11335.234672334458
22832,11689.46075584491
22833,12043.686839355363
22834,12397.912922865815
22835,12752.139006376266
22836,13106.365089886718
22837,13460.59117339717
22838,13814.817256907623
22839,14169.043340418075
22840,14523.269423928525
22841,14877.495507438976
22842,15231.721590949428
22843,15585.947674459881
22844,15940.173757970333
22845,16294.399841480785
22846,16648.625924991236
22847,17002.852008501686
22848,17357.07809201214
22849,17711.304175522593
22850,18065.530259033043
22851,18419.756342543493
22852,18773.98242605395
22853,19128.2085095644
22854,19482.43459307485
22855,19836.660676585303
22856,20190.886760095753
22857,20545.112843606206
22858,20899.33892711666
22859,21253.56501062711
22860,21607.79109413756
22861,21962.017177648017
22862,22316.243261158466
22863,22670.469344668916
22864,23024.69542817937
22865,23378.92151168982
22866,23733.147595200273
22867,24087.373678710726
22868,24441.59976222118
22869,24795.82584573163
22870,25150.051929242083
22871,25504.278012752533
22872,25858.504096262983
22873,26212.730179773436
22874,26566.956263283886
22875,26921.18234679434
22876,27275.40843030479
22877,27629.634513815246
22878,27983.860597325696
22879,28338.08668083615
22880,28692.3127643466
22881,29046.53884785705
22882,29400.764931367503
22883,29754.991014877953
22884,30109.217098388406
22885,30463.443181898856
22886,30817.669265409313
22887,31171.895348919763
22888,31526.121432430216
22889,31880.347515940666
22890,32234.573599451116
22891,32588.79968296157
22892,32943.02576647202
22893,33297.25184998247
22894,33651.47793349292
22895,34005.70401700337
22896,34359.93010051383
22897,34714.15618402428
22898,35068.38226753473
22899,35422.608351045186
22900,35776.83443455563
22901,36131.060518066086
22902,36485.28660157654
22903,36839.512685086986
22904,37193.73876859744
22905,37547.9648521079
22906,37902.190935618346
22907,38256.4170191288
22908,38610.64310263925
22909,38964.8691861497
22910,39319.09526966015
22911,39673.321353170606
22912,40027.54743668105
22913,40381.773520191506
22914,40735.99960370197
22915,41090.22568721241
22916,41444.451770722866
22917,41798.67785423332
22918,42152.903937743766
22919,42507.13002125422
22920,42861.35610476467
22921,43215.58218827512
22922,43569.80827178557
22923,43924.03435529603
22924,44278.26043880648
22925,44632.48652231693
22926,44986.712605827386
22927,45340.93868933783
22928,45695.164772848286
22929,46049.39085635874
22930,46403.616939869185
22931,46757.84302337964
22932,47112.0691068901
22933,47466.295190400546
22934,47820.521273911
22935,48174.74735742145
22936,48528.9734409319
22937,48883.19952444236
22938,49237.425607952806
22939,49591.65169146326
22940,49945.877774973706
22941,50300.103858484166
22942,50654.32994199461
22943,51008.556025505066
22944,51362.78210901551
22945,51717.008192525966
22946,52071.234276036426
22947,52425.46035954687
22948,52779.686443057326
22949,53133.91252656777
22950,53488.13861007823
22951,28794.03700721264
22952,43191.05551081895
22953,57588.07401442528
22954,71985.0925180316
22955,86382.1110216379
22956,100779.12952524424
22957,115176.14802885056
22958,129573.16653245687
22959,143970.1850360632
22960,158367.2035396695
22961,172764.2220432758
22962,187161.24054688212
22963,201558.25905048847
22964,215955.2775540948
22965,230352.2960577011
22966,244749.31456130743
22967,259146.33306491375
22968,273543.35156852007
22969,287940.3700721264
22970,302337.3885757327
22971,316734.407079339
22972,331131.42558294535
22973,345528.4440865516
22974,359925.462590158
22975,374322.48109376425
22976,388719.4995973706
22977,403116.51810097694
22978,417513.53660458326
22979,431910.5551081896
22980,446307.5736117959
22981,460704.5921154022
22982,475101.6106190085
22983,489498.62912261486
22984,503895.6476262211
22985,518292.6661298275
22986,532689.6846334338
22987,547086.7031370401
22988,561483.7216406465
22989,575880.7401442528
22990,590277.7586478591
22991,604674.7771514654
22992,619071.7956550716
22993,633468.814158678
22994,647865.8326622844
22995,662262.8511658907
22996,676659.869669497
22997,691056.8881731032
22998,705453.9066767097
22999,719850.925180316
23000,734247.9436839223
23001,748644.9621875285
23002,763041.9806911349
23003,777438.9991947412
23004,791836.0176983476
23005,806233.0362019539
23006,820630.0547055601
23007,835027.0732091665
23008,849424.0917127728
23009,863821.1102163792
23010,878218.1287199854
23011,892615.1472235918
23012,907012.1657271981
23013,921409.1842308044
23014,935806.2027344108
23015,950203.221238017
23016,964600.2397416234
23017,978997.2582452297
23018,993394.276748836
23019,1007791.2952524422
23020,1022188.3137560487
23021,1036585.332259655
23022,1050982.3507632613
23023,1065379.3692668676
23024,1079776.387770474
23025,1094173.4062740803
23026,1108570.4247776864
23027,1122967.443281293
23028,1137364.4617848992
23029,1151761.4802885056
23030,1166158.4987921119
23031,1180555.5172957182
23032,1194952.5357993245
23033,1209349.5543029308
23034,1223746.5728065372
23035,1238143.5913101432
23036,1252540.6098137498
23037,1266937.628317356
23038,1281334.6468209624
23039,1295731.6653245687
23040,1310128.683828175
23041,1324525.7023317814
23042,1338922.7208353877
23043,1353319.739338994
23044,1367716.7578426
23045,1382113.7763462064
23046,1396510.794849813
23047,1410907.8133534193
23048,1425304.8318570256
23049,1439701.850360632
23050,1454098.8688642383
23051,1468495.8873678446
23052,1482892.905871451
23053,1497289.924375057
23054,1511686.9428786633
23055,1526083.9613822699
23056,1540480.9798858762
23057,1554877.9983894825
23058,1569275.0168930888
23059,1583672.0353966951
23060,1598069.0539003015
23061,1612466.0724039078
23062,1626863.0909075139
23063,1641260.1094111202
23064,1655657.1279147267
23065,1670054.146418333
23066,1684451.1649219394
23067,1698848.1834255457
23068,1713245.201929152
23069,1727642.2204327583
23070,1742039.2389363647
23071,1756436.2574399707
23072,1770833.275943577
23073,1785230.2944471836
23074,1799627.31295079
23075,1814024.3314543962
23076,1828421.3499580026
23077,1842818.368461609
23078,1857215.3869652152
23079,1871612.4054688215
23080,1886009.4239724276
23081,1900406.442476034
23082,1914803.4609796405
23083,1929200.4794832468
23084,1943597.4979868531
23085,1957994.5164904594
23086,1972391.5349940658
23087,1986788.553497672
23088,2001185.5720012784
23089,2015582.5905048845
23090,2029979.6090084908
23091,2044376.6275120974
23092,2058773.6460157037
23093,2073170.66451931
23094,2087567.683022916
23095,2101964.7015265226
23096,2116361.720030129
23097,2130758.7385337353
23098,2145155.7570373416
23099,2159552.775540948
23100,2173949.7940445542
23101,0.0
23102,0.0
23103,0.0
23104,0.0
23105,0.0
23106,0.0
23107,0.0
23108,0.0
23109,0.0
23110,0.0
23111,0.0
23112,0.0
23113,0.0
23114,0.0
23115,0.0
23116,0.0
23117,0.0
23118,0.0
23119,0.0
23120,0.0
23121,0.0
23122,0.0
23123,0.0
23124,0.0
23125,0.0
23126,0.0
23127,0.0
23128,0.0
23129,0.0
23130,0.0
23131,0.0
23132,0.0
23133,0.0
23134,0.0
23135,0.0
23136,0.0
23137,0.0
23138,0.0
23139,0.0
23140,0.0
23141,0.0
23142,0.0
23143,0.0
23144,0.0
23145,0.0
23146,0.0
23147,0.0
23148,0.0
23149,0.0
23150,0.0
23151,0.0
23152,0.0
23153,0.0
23154,0.0
23155,0.0
23156,0.0
23157,0.0
23158,0.0
23159,0.0
23160,0.0
23161,0.0
23162,0.0
23163,0.0
23164,0.0
23165,0.0
23166,0.0
23167,0.0
23168,0.0
23169,0.0
23170,0.0
23171,0.0
23172,0.0
23173,0.0
23174,0.0
23175,0.0
23176,0.0
23177,0.0
23178,0.0
23179,0.0
23180,0.0
23181,0.0
23182,0.0
23183,0.0
23184,0.0
23185,0.0
23186,0.0
23187,0.0
23188,0.0
23189,0.0
23190,0.0
23191,0.0
23192,0.0
23193,0.0
23194,0.0
23195,0.0
23196,0.0
23197,0.0
23198,0.0
23199,0.0
23200,0.0
23201,0.0
23202,0.0
23203,0.0
23204,0.0
23205,0.0
23206,0.0
23207,0.0
23208,0.0
23209,0.0
23210,0.0
23211,0.0
23212,0.0
23213,0.0
23214,0.0
23215,0.0
23216,0.0
23217,0.0
23218,0.0
23219,0.0
23220,0.0
23221,0.0
23222,0.0
23223,0.0
23224,0.0
23225,0.0
23226,0.0
23227,0.0
23228,0.0
23229,0.0
23230,0.0
23231,0.0
23232,0.0
23233,0.0
23234,0.0
23235,0.0
23236,0.0
23237,0.0
23238,0.0
23239,0.0
23240,0.0
23241,0.0
23242,0.0
23243,0.0
23244,0.0
23245,0.0
23246,0.0
23247,0.0
23248,0.0
23249,0.0
23250,0.0
23251,0.0
23252,0.0
23253,0.0
23254,0.0
23255,0.0
23256,0.0
23257,0.0
23258,0.0
23259,0.0
23260,0.0
23261,0.0
23262,0.0
23263,0.0
23264,0.0
23265,0.0
23266,0.0
23267,0.0
23268,0.0
23269,0.0
23270,0.0
23271,0.0
23272,0.0
23273,0.0
23274,0.0
23275,0.0
23276,0.0
23277,0.0
23278,0.0
23279,0.0
23280,0.0
23281,0.0
23282,0.0
23283,0.0
23284,0.0
23285,0.0
23286,0.0
23287,0.0
23288,0.0
23289,0.0
23290,0.0
23291,0.0
23292,0.0
23293,0.0
23294,0.0
23295,0.0
23296,0.0
23297,0.0
23298,0.0
23299,0.0
23300,0.0
23301,0.0
23302,0.0
23303,0.0
23304,0.0
23305,0.0
23306,0.0
23307,0.0
23308,0.0
23309,0.0
23310,0.0
23311,0.0
23312,0.0
23313,0.0
23314,0.0
23315,0.0
23316,0.0
23317,0.0
23318,0.0
23319,0.0
23320,0.0
23321,0.0
23322,0.0
23323,0.0
23324,0.0
23325,0.0
23326,0.0
23327,0.0
23328,0.0
23329,0.0
23330,0.0
23331,0.0
23332,0.0
23333,0.0
23334,0.0
23335,0.0
23336,0.0
23337,0.0
23338,0.0
23339,0.0
23340,0.0
23341,0.0
23342,0.0
23343,0.0
23344,0.0
23345,0.0
23346,0.0
23347,0.0
23348,0.0
23349,0.0
23350,0.0
23351,0.0
23352,0.0
23353,0.0
23354,0.0
23355,0.0
23356,0.0
23357,0.0
23358,0.0
23359,0.0
23360,0.0
23361,0.0
23362,0.0
23363,0.0
23364,0.0
23365,0.0
23366,0.0
23367,0.0
23368,0.0
23369,0.0
23370,0.0
23371,0.0
23372,0.0
23373,0.0
23374,0.0
23375,0.0
23376,0.0
23377,0.0
23378,0.0
23379,0.0
23380,0.0
23381,0.0
23382,0.0
23383,0.0
23384,0.0
23385,0.0
23386,0.0
23387,0.0
23388,0.0
23389,0.0
23390,0.0
23391,0.0
23392,0.0
23393,0.0
23394,0.0
23395,0.0
23396,0.0
23397,0.0
23398,0.0
23399,0.0
23400,0.0
23401,0.0
23402,0.0
23403,0.0
23404,0.0
23405,0.0
23406,0.0
23407,0.0
23408,0.0
23409,0.0
23410,0.0
23411,0.0
23412,0.0
23413,0.0
23414,0.0
23415,0.0
23416,0.0
23417,0.0
23418,0.0
23419,0.0
23420,0.0
23421,0.0
23422,0.0
23423,0.0
23424,0.0
23425,0.0
23426,0.0
23427,0.0
23428,0.0
23429,0.0
23430,0.0
23431,0.0
23432,0.0
23433,0.0
23434,0.0
23435,0.0
23436,0.0
23437,0.0
23438,0.0
23439,0.0
23440,0.0
23441,0.0
23442,0.0
23443,0.0
23444,0.0
23445,0.0
23446,0.0
23447,0.0
23448,0.0
23449,0.0
23450,0.0
23451,0.0
23452,0.0
23453,0.0
23454,0.0
23455,0.0
23456,0.0
23457,0.0
23458,0.0
23459,0.0
23460,0.0
23461,0.0
23462,0.0
23463,0.0
23464,0.0
23465,0.0
23466,0.0
23467,0.0
23468,0.0
23469,0.0
23470,0.0
23471,0.0
23472,0.0
23473,0.0
23474,0.0
23475,0.0
23476,0.0
23477,0.0
23478,0.0
23479,0.0
23480,0.0
23481,0.0
23482,0.0
23483,0.0
23484,0.0
23485,0.0
23486,0.0
23487,0.0
23488,0.0
23489,0.0
23490,0.0
23491,0.0
23492,0.0
23493,0.0
23494,0.0
23495,0.0
23496,0.0
23497,0.0
23498,0.0
23499,0.0
23500,0.0
23501,0.0
23502,0.0
23503,0.0
23504,0.0
23505,0.0
23506,0.0
23507,0.0
23508,0.0
23509,0.0
23510,0.0
23511,0.0
23512,0.0
23513,0.0
23514,0.0
23515,0.0
23516,0.0
23517,0.0
23518,0.0
23519,0.0
23520,0.0
23521,0.0
23522,0.0
23523,0.0
23524,0.0
23525,0.0
23526,0.0
23527,0.0
23528,0.0
23529,0.0
23530,0.0
23531,0.0
23532,0.0
23533,0.0
23534,0.0
23535,0.0
23536,0.0
23537,0.0
23538,0.0
23539,0.0
23540,0.0
23541,0.0
23542,0.0
23543,0.0
23544,0.0
23545,0.0
23546,0.0
23547,0.0
23548,0.0
23549,0.0
23550,0.0
23551,365.5515344672733
23552,548.32730170091
23553,731.1030689345466
23554,913.8788361681832
23555,1096.65460340182
23556,1279.4303706354565
23557,1462.2061378690933
23558,1644.9819051027298
23559,1827.7576723363663
23560,2010.533439570003
23561,2193.30920680364
23562,2376.0849740372764
23563,2558.860741270913
23564,2741.63650850455
23565,2924.4122757381865
23566,3107.1880429718235
23567,3289.9638102054596
23568,3472.7395774390966
23569,3655.5153446727327
23570,3838.2911119063697
23571,4021.066879140006
23572,4203.842646373643
23573,4386.61841360728
23574,4569.394180840916
23575,4752.169948074553
23576,4934.945715308189
23577,5117.721482541826
23578,5300.4972497754625
23579,5483.2730170091
23580,5666.048784242736
23581,5848.824551476373
23582,6031.60031871001
23583,6214.376085943647
23584,6397.151853177283
23585,6579.927620410919
23586,6762.703387644556
23587,6945.479154878193
23588,7128.254922111829
23589,7311.030689345465
23590,7493.806456579103
23591,7676.582223812739
23592,7859.357991046377
23593,8042.133758280012
23594,8224.909525513649
23595,8407.685292747286
23596,8590.461059980922
23597,8773.23682721456
23598,8956.012594448195
23599,9138.788361681833
23600,9321.56412891547
23601,9504.339896149106
23602,9687.115663382741
23603,9869.891430616379
23604,10052.667197850016
23605,10235.442965083652
23606,10418.21873231729
23607,10600.994499550925
23608,10783.770266784562
23609,10966.5460340182
23610,11149.321801251835
23611,11332.097568485471
23612,11514.873335719109
23613,11697.649102952746
23614,11880.424870186382
23615,12063.20063742002
23616,12245.976404653657
23617,12428.752171887294
23618,12611.527939120928
23619,12794.303706354565
23620,12977.079473588201
23621,13159.855240821838
23622,13342.631008055476
23623,13525.406775289111
23624,13708.182542522749
23625,13890.958309756386
23626,14073.734076990024
23627,14256.509844223658
23628,14439.285611457295
23629,14622.06137869093
23630,14804.837145924568
23631,14987.612913158206
23632,15170.388680391841
23633,15353.164447625479
23634,15535.940214859116
23635,15718.715982092754
23636,15901.491749326387
23637,16084.267516560025
23638,16267.04328379366
23639,16449.819051027298
23640,16632.594818260935
23641,16815.370585494573
23642,16998.14635272821
23643,17180.922119961844
23644,17363.69788719548
23645,17546.47365442912
23646,17729.249421662753
23647,17912.02518889639
23648,18094.800956130028
23649,18277.576723363665
23650,18460.352490597303
23651,18643.12825783094
23652,18825.904025064574
23653,19008.67979229821
23654,19191.45555953185
23655,19374.231326765483
23656,19557.00709399912
23657,19739.782861232758
23658,19922.558628466395
23659,20105.334395700032
23660,20288.11016293367
23661,20470.885930167304
23662,20653.66169740094
23663,20836.43746463458
23664,21019.213231868212
23665,21201.98899910185
23666,21384.764766335487
23667,21567.540533569125
23668,21750.316300802762
23669,21933.0920680364
23670,22115.867835270034
23671,22298.64360250367
23672,22481.41936973731
23673,22664.195136970942
23674,22846.970904204583
23675,23029.746671438217
23676,23212.52243867186
23677,23395.298205905492
23678,23578.073973139126
23679,23760.849740372763
23680,23943.6255076064
23681,24126.40127484004
23682,24309.177042073672
23683,24491.952809307313
23684,24674.728576540947
23685,24857.504343774588
23686,25040.280111008222
23687,25223.055878241856
23688,25405.831645475493
23689,25588.60741270913
23690,25771.383179942768
23691,25954.158947176402
23692,26136.934714410043
23693,26319.710481643677
23694,26502.486248877318
23695,26685.26201611095
23696,26868.037783344585
23697,27050.813550578223
23698,27233.58931781186
23699,27416.365085045498
23700,27599.14085227913
23701,0.0
23702,0.0
23703,0.0
23704,0.0
23705,0.0
23706,0.0
23707,0.0
23708,0.0
23709,0.0
23710,0.0
23711,0.0
23712,0.0
23713,0.0
23714,0.0
23715,0.0
23716,0.0
23717,0.0
23718,0.0
23719,0.0
23720,0.0
23721,0.0
23722,0.0
23723,0.0
23724,0.0
23725,0.0
23726,0.0
23727,0.0
23728,0.0
23729,0.0
23730,0.0
23731,0.0
23732,0.0
23733,0.0
23734,0.0
23735,0.0
23736,0.0
23737,0.0
23738,0.0
23739,0.0
23740,0.0
23741,0.0
23742,0.0
23743,0.0
23744,0.0
23745,0.0
23746,0.0
23747,0.0
23748,0.0
23749,0.0
23750,0.0
23751,0.0
23752,0.0
23753,0.0
23754,0.0
23755,0.0
23756,0.0
23757,0.0
23758,0.0
23759,0.0
23760,0.0
23761,0.0
23762,0.0
23763,0.0
23764,0.0
23765,0.0
23766,0.0
23767,0.0
23768,0.0
23769,0.0
23770,0.0
23771,0.0
23772,0.0
23773,0.0
23774,0.0
23775,0.0
23776,0.0
23777,0.0
23778,0.0
23779,0.0
23780,0.0
23781,0.0
23782,0.0
23783,0.0
23784,0.0
23785,0.0
23786,0.0
23787,0.0
23788,0.0
23789,0.0
23790,0.0
23791,0.0
23792,0.0
23793,0.0
23794,0.0
23795,0.0
23796,0.0
23797,0.0
23798,0.0
23799,0.0
23800,0.0
23801,0.0
23802,0.0
23803,0.0
23804,0.0
23805,0.0
23806,0.0
23807,0.0
23808,0.0
23809,0.0
23810,0.0
23811,0.0
23812,0.0
23813,0.0
23814,0.0
23815,0.0
23816,0.0
23817,0.0
23818,0.0
23819,0.0
23820,0.0
23821,0.0
23822,0.0
23823,0.0
23824,0.0
23825,0.0
23826,0.0
23827,0.0
23828,0.0
23829,0.0
23830,0.0
23831,0.0
23832,0.0
23833,0.0
23834,0.0
23835,0.0
23836,0.0
23837,0.0
23838,0.0
23839,0.0
23840,0.0
23841,0.0
23842,0.0
23843,0.0
23844,0.0
23845,0.0
23846,0.0
23847,0.0
23848,0.0
23849,0.0
23850,0.0
23851,172.26666666666665
23852,258.4
23853,344.5333333333333
23854,430.66666666666663
23855,516.8
23856,602.9333333333333
23857,689.0666666666666
23858,775.1999999999999
23859,861.3333333333333
23860,947.4666666666665
23861,1033.6
23862,1119.7333333333333
23863,1205.8666666666666
23864,1291.9999999999998
23865,1378.1333333333332
23866,1464.2666666666667
23867,1550.3999999999999
23868,1636.533333333333
23869,1722.6666666666665
23870,1808.8
23871,1894.933333333333
23872,1981.0666666666664
23873,2067.2
23874,2153.333333333333
23875,2239.4666666666667
23876,2325.5999999999995
23877,2411.733333333333
23878,2497.8666666666663
23879,2583.9999999999995
23880,2670.1333333333328
23881,2756.2666666666664
23882,2842.3999999999996
23883,2928.5333333333333
23884,3014.6666666666665
23885,3100.7999999999997
23886,3186.933333333333
23887,3273.066666666666
23888,3359.1999999999994
23889,3445.333333333333
23890,3531.4666666666662
23891,3617.6
23892,3703.733333333333
23893,3789.866666666666
23894,3875.999999999999
23895,3962.1333333333328
23896,4048.266666666666
23897,4134.4
23898,4220.533333333333
23899,4306.666666666666
23900,4392.799999999999
23901,4478.933333333333
23902,4565.066666666666
23903,4651.199999999999
23904,4737.333333333333
23905,4823.466666666666
23906,4909.599999999999
23907,4995.733333333333
23908,5081.866666666666
23909,5167.999999999999
23910,5254.133333333333
23911,5340.2666666666655
23912,5426.4
23913,5512.533333333333
23914,5598.666666666665
23915,5684.799999999999
23916,5770.9333333333325
23917,5857.066666666667
23918,5943.199999999999
23919,6029.333333333333
23920,6115.466666666666
23921,6201.599999999999
23922,6287.733333333333
23923,6373.866666666666
23924,6459.999999999999
23925,6546.133333333332
23926,6632.266666666666
23927,6718.399999999999
23928,6804.533333333333
23929,6890.666666666666
23930,6976.799999999998
23931,7062.9333333333325
23932,7149.066666666666
23933,7235.2
23934,7321.333333333332
23935,7407.466666666666
23936,7493.5999999999985
23937,7579.733333333332
23938,7665.866666666666
23939,7751.999999999998
23940,7838.133333333332
23941,7924.2666666666655
23942,8010.4
23943,8096.533333333332
23944,8182.666666666666
23945,8268.8
23946,8354.933333333332
23947,8441.066666666666
23948,8527.199999999999
23949,8613.333333333332
23950,8699.466666666665
23951,8785.599999999999
23952,8871.733333333332
23953,8957.866666666667
23954,9043.999999999998
23955,9130.133333333331
23956,9216.266666666666
23957,9302.399999999998
23958,9388.533333333333
23959,9474.666666666666
23960,9560.8
23961,9646.933333333332
23962,9733.066666666666
23963,9819.199999999999
23964,9905.333333333332
23965,9991.466666666665
23966,10077.6
23967,10163.733333333332
23968,10249.866666666665
23969,10335.999999999998
23970,10422.133333333331
23971,10508.266666666666
23972,10594.4
23973,10680.533333333331
23974,10766.666666666664
23975,10852.8
23976,10938.933333333332
23977,11025.066666666666
23978,11111.199999999999
23979,11197.33333333333
23980,11283.466666666665
23981,11369.599999999999
23982,11455.733333333332
23983,11541.866666666665
23984,11628.0
23985,11714.133333333333
23986,11800.266666666665
23987,11886.399999999998
23988,11972.533333333331
23989,12058.666666666666
23990,12144.8
23991,12230.933333333332
23992,12317.066666666664
23993,12403.199999999999
23994,12489.333333333332
23995,12575.466666666665
23996,12661.599999999999
23997,12747.733333333332
23998,12833.866666666667
23999,12919.999999999998
24000,13006.133333333331
24001,19077.102714896202
24002,28615.654072344303
24003,38154.205429792404
24004,47692.75678724051
24005,57231.308144688606
24006,66769.85950213672
24007,76308.41085958481
24008,85846.96221703291
24009,95385.51357448102
24010,104924.06493192911
24011,114462.61628937721
24012,124001.16764682533
24013,133539.71900427344
24014,143078.27036172152
24015,152616.82171916962
24016,162155.37307661775
24017,171693.92443406582
24018,181232.47579151392
24019,190771.02714896205
24020,200309.57850641012
24021,209848.12986385822
24022,219386.68122130635
24023,228925.23257875443
24024,238463.78393620256
24025,248002.33529365066
24026,257540.88665109873
24027,267079.4380085469
24028,276617.98936599493
24029,286156.54072344303
24030,295695.0920808912
24031,305233.64343833923
24032,314772.19479578733
24033,324310.7461532355
24034,333849.29751068354
24035,343387.84886813164
24036,352926.4002255798
24037,362464.95158302784
24038,372003.50294047594
24039,381542.0542979241
24040,391080.60565537214
24041,400619.15701282024
24042,410157.7083702684
24043,419696.25972771645
24044,429234.81108516455
24045,438773.3624426127
24046,448311.91380006075
24047,457850.46515750885
24048,467389.016514957
24049,476927.5678724051
24050,486466.11922985315
24051,496004.6705873013
24052,505543.2219447494
24053,515081.77330219746
24054,524620.3246596456
24055,534158.8760170938
24056,543697.4273745418
24057,553235.9787319899
24058,562774.5300894381
24059,572313.0814468861
24060,581851.6328043342
24061,591390.1841617824
24062,600928.7355192304
24063,610467.2868766785
24064,620005.8382341267
24065,629544.3895915747
24066,639082.9409490228
24067,648621.492306471
24068,658160.043663919
24069,667698.5950213671
24070,677237.1463788153
24071,686775.6977362633
24072,696314.2490937114
24073,705852.8004511596
24074,715391.3518086076
24075,724929.9031660557
24076,734468.4545235039
24077,744007.0058809519
24078,753545.5572384
24079,763084.1085958482
24080,772622.6599532962
24081,782161.2113107443
24082,791699.7626681925
24083,801238.3140256405
24084,810776.8653830886
24085,820315.4167405368
24086,829853.9680979848
24087,839392.5194554329
24088,848931.0708128811
24089,858469.6221703291
24090,868008.1735277772
24091,877546.7248852254
24092,887085.2762426734
24093,896623.8276001215
24094,906162.3789575697
24095,915700.9303150177
24096,925239.4816724658
24097,934778.033029914
24098,944316.584387362
24099,953855.1357448102
24100,963393.6871022583
24101,972932.2384597063
24102,982470.7898171545
24103,992009.3411746026
24104,1001547.8925320506
24105,1011086.4438894988
24106,1020624.9952469469
24107,1030163.5466043949
24108,1039702.0979618431
24109,1049240.649319291
24110,1058779.2006767392
24111,1068317.7520341875
24112,1077856.3033916354
24113,1087394.8547490835
24114,1096933.4061065319
24115,1106471.9574639797
24116,1116010.5088214278
24117,1125549.0601788762
24118,1135087.611536324
24119,1144626.1628937721
24120,1154164.7142512205
24121,1163703.2656086683
24122,1173241.8169661164
24123,1182780.3683235648
24124,1192318.9196810126
24125,1201857.4710384607
24126,1211396.022395909
24127,1220934.573753357
24128,1230473.125110805
24129,1240011.6764682534
24130,1249550.2278257012
24131,1259088.7791831493
24132,1268627.3305405977
24133,1278165.8818980455
24134,1287704.4332554936
24135,1297242.984612942
24136,1306781.5359703898
24137,1316320.087327838
24138,1325858.6386852863
24139,1335397.1900427341
24140,1344935.7414001822
24141,1354474.2927576306
24142,1364012.8441150784
24143,1373551.3954725266
24144,1383089.946829975
24145,1392628.4981874228
24146,1402167.0495448709
24147,1411705.6009023192
24148,1421244.152259767
24149,1430782.7036172152
24150,1440321.2549746635
24151,4693.331506849315
24152,7039.997260273973
24153,9386.66301369863
24154,11733.328767123287
24155,14079.994520547945
24156,16426.6602739726
24157,18773.32602739726
24158,21119.991780821918
24159,23466.657534246573
24160,25813.323287671228
24161,28159.98904109589
24162,30506.654794520546
24163,32853.3205479452
24164,35199.98630136986
24165,37546.65205479452
24166,39893.31780821917
24167,42239.983561643836
24168,44586.64931506849
24169,46933.315068493146
24170,49279.9808219178
24171,51626.646575342456
24172,53973.31232876712
24173,56319.97808219178
24174,58666.643835616436
24175,61013.30958904109
24176,63359.975342465754
24177,65706.6410958904
24178,68053.30684931506
24179,70399.97260273973
24180,72746.63835616437
24181,75093.30410958904
24182,77439.9698630137
24183,79786.63561643835
24184,82133.30136986301
24185,84479.96712328767
24186,86826.63287671232
24187,89173.29863013698
24188,91519.96438356163
24189,93866.63013698629
24190,96213.29589041095
24191,98559.9616438356
24192,100906.62739726028
24193,103253.29315068491
24194,105599.95890410959
24195,107946.62465753424
24196,110293.2904109589
24197,112639.95616438356
24198,114986.6219178082
24199,117333.28767123287
24200,119679.95342465752
24201,122026.61917808218
24202,124373.28493150685
24203,126719.95068493151
24204,129066.61643835616
24205,131413.2821917808
24206,133759.94794520547
24207,136106.61369863013
24208,138453.2794520548
24209,140799.94520547945
24210,143146.61095890412
24211,145493.27671232875
24212,147839.9424657534
24213,150186.60821917807
24214,152533.27397260274
24215,154879.9397260274
24216,157226.60547945203
24217,159573.2712328767
24218,161919.93698630136
24219,164266.60273972602
24220,166613.26849315068
24221,168959.93424657534
24222,171306.59999999998
24223,173653.26575342464
24224,175999.9315068493
24225,178346.59726027396
24226,180693.26301369863
24227,183039.92876712326
24228,185386.59452054795
24229,187733.26027397258
24230,190079.92602739725
24231,192426.5917808219
24232,194773.25753424654
24233,197119.9232876712
24234,199466.5890410959
24235,201813.25479452056
24236,204159.9205479452
24237,206506.58630136983
24238,208853.2520547945
24239,211199.91780821918
24240,213546.58356164384
24241,215893.24931506847
24242,218239.9150684931
24243,220586.5808219178
24244,222933.24657534246
24245,225279.91232876712
24246,227626.57808219176
24247,229973.2438356164
24248,232319.90958904108
24249,234666.57534246575
24250,237013.2410958904
24251,239359.90684931504
24252,241706.57260273973
24253,244053.23835616437
24254,246399.90410958903
24255,248746.5698630137
24256,251093.23561643832
24257,253439.90136986302
24258,255786.56712328765
24259,258133.2328767123
24260,260479.89863013697
24261,262826.5643835616
24262,265173.2301369863
24263,267519.89589041093
24264,269866.5616438356
24265,272213.22739726026
24266,274559.89315068495
24267,276906.5589041096
24268,279253.2246575342
24269,281599.8904109589
24270,283946.55616438354
24271,286293.22191780823
24272,288639.88767123286
24273,290986.5534246575
24274,293333.2191780822
24275,295679.8849315068
24276,298026.5506849315
24277,300373.21643835615
24278,302719.8821917808
24279,305066.5479452055
24280,307413.2136986301
24281,309759.8794520548
24282,312106.54520547943
24283,314453.21095890406
24284,316799.87671232875
24285,319146.5424657534
24286,321493.2082191781
24287,323839.8739726027
24288,326186.53972602735
24289,328533.20547945204
24290,330879.87123287667
24291,333226.53698630136
24292,335573.202739726
24293,337919.8684931507
24294,340266.5342465753
24295,342613.19999999995
24296,344959.86575342464
24297,347306.5315068493
24298,349653.19726027397
24299,351999.8630136986
24300,354346.52876712324
24301,2441.666544726822
24302,3662.499817090233
24303,4883.333089453644
24304,6104.166361817055
24305,7324.999634180466
24306,8545.832906543877
24307,9766.666178907288
24308,10987.499451270698
24309,12208.33272363411
24310,13429.16599599752
24311,14649.999268360933
24312,15870.832540724341
24313,17091.665813087755
24314,18312.499085451163
24315,19533.332357814576
24316,20754.165630177988
24317,21974.998902541396
24318,23195.832174904812
24319,24416.66544726822
24320,25637.498719631632
24321,26858.33199199504
24322,28079.165264358453
24323,29299.998536721865
24324,30520.831809085274
24325,31741.665081448682
24326,32962.4983538121
24327,34183.33162617551
24328,35404.16489853892
24329,36624.99817090233
24330,37845.83144326574
24331,39066.66471562915
24332,40287.49798799256
24333,41508.331260355975
24334,42729.164532719384
24335,43949.99780508279
24336,45170.8310774462
24337,46391.664349809624
24338,47612.49762217303
24339,48833.33089453644
24340,50054.164166899856
24341,51274.997439263265
24342,52495.83071162667
24343,53716.66398399008
24344,54937.4972563535
24345,56158.330528716906
24346,57379.163801080314
24347,58599.99707344373
24348,59820.83034580714
24349,61041.66361817055
24350,62262.496890533956
24351,63483.330162897364
24352,64704.16343526079
24353,65924.9967076242
24354,67145.8299799876
24355,68366.66325235102
24356,69587.49652471443
24357,70808.32979707784
24358,72029.16306944125
24359,73249.99634180465
24360,74470.82961416808
24361,75691.66288653149
24362,76912.4961588949
24363,78133.3294312583
24364,79354.16270362173
24365,80574.99597598512
24366,81795.82924834854
24367,83016.66252071195
24368,84237.49579307536
24369,85458.32906543877
24370,86679.16233780218
24371,87899.99561016558
24372,89120.82888252901
24373,90341.6621548924
24374,91562.49542725582
24375,92783.32869961925
24376,94004.16197198264
24377,95224.99524434606
24378,96445.82851670947
24379,97666.66178907288
24380,98887.49506143629
24381,100108.32833379971
24382,101329.1616061631
24383,102549.99487852653
24384,103770.82815088992
24385,104991.66142325335
24386,106212.49469561676
24387,107433.32796798016
24388,108654.16124034357
24389,109874.994512707
24390,111095.8277850704
24391,112316.66105743381
24392,113537.49432979723
24393,114758.32760216063
24394,115979.16087452405
24395,117199.99414688746
24396,118420.82741925087
24397,119641.66069161428
24398,120862.49396397769
24399,122083.3272363411
24400,123304.16050870452
24401,124524.99378106791
24402,125745.82705343133
24403,126966.66032579473
24404,128187.49359815815
24405,129408.32687052157
24406,130629.16014288498
24407,131849.9934152484
24408,133070.82668761179
24409,134291.6599599752
24410,135512.49323233863
24411,136733.32650470204
24412,137954.15977706545
24413,139174.99304942886
24414,140395.82632179226
24415,141616.65959415567
24416,142837.49286651908
24417,144058.3261388825
24418,145279.15941124593
24419,146499.9926836093
24420,147720.82595597272
24421,148941.65922833615
24422,150162.49250069956
24423,151383.32577306297
24424,152604.15904542638
24425,153824.9923177898
24426,155045.8255901532
24427,156266.6588625166
24428,157487.49213488
24429,158708.32540724345
24430,159929.15867960683
24431,161149.99195197024
24432,162370.82522433365
24433,163591.65849669708
24434,164812.4917690605
24435,166033.3250414239
24436,167254.1583137873
24437,168474.99158615072
24438,169695.82485851413
24439,170916.65813087753
24440,172137.49140324097
24441,173358.32467560435
24442,174579.15794796776
24443,175799.99122033117
24444,177020.8244926946
24445,178241.65776505801
24446,179462.49103742142
24447,180683.3243097848
24448,181904.15758214824
24449,183124.99085451165
24450,184345.82412687506
24451,0.0
24452,0.0
24453,0.0
24454,0.0
24455,0.0
24456,0.0
24457,0.0
24458,0.0
24459,0.0
24460,0.0
24461,0.0
24462,0.0
24463,0.0
24464,0.0
24465,0.0
24466,0.0
24467,0.0
24468,0.0
24469,0.0
24470,0.0
24471,0.0
24472,0.0
24473,0.0
24474,0.0
24475,0.0
24476,0.0
24477,0.0
24478,0.0
24479,0.0
24480,0.0
24481,0.0
24482,0.0
24483,0.0
24484,0.0
24485,0.0
24486,0.0
24487,0.0
24488,0.0
24489,0.0
24490,0.0
24491,0.0
24492,0.0
24493,0.0
24494,0.0
24495,0.0
24496,0.0
24497,0.0
24498,0.0
24499,0.0
24500,0.0
24501,0.0
24502,0.0
24503,0.0
24504,0.0
24505,0.0
24506,0.0
24507,0.0
24508,0.0
24509,0.0
24510,0.0
24511,0.0
24512,0.0
24513,0.0
24514,0.0
24515,0.0
24516,0.0
24517,0.0
24518,0.0
24519,0.0
24520,0.0
24521,0.0
24522,0.0
24523,0.0
24524,0.0
24525,0.0
24526,0.0
24527,0.0
24528,0.0
24529,0.0
24530,0.0
24531,0.0
24532,0.0
24533,0.0
24534,0.0
24535,0.0
24536,0.0
24537,0.0
24538,0.0
24539,0.0
24540,0.0
24541,0.0
24542,0.0
24543,0.0
24544,0.0
24545,0.0
24546,0.0
24547,0.0
24548,0.0
24549,0.0
24550,0.0
24551,0.0
24552,0.0
24553,0.0
24554,0.0
24555,0.0
24556,0.0
24557,0.0
24558,0.0
24559,0.0
24560,0.0
24561,0.0
24562,0.0
24563,0.0
24564,0.0
24565,0.0
24566,0.0
24567,0.0
24568,0.0
24569,0.0
24570,0.0
24571,0.0
24572,0.0
24573,0.0
24574,0.0
24575,0.0
24576,0.0
24577,0.0
24578,0.0
24579,0.0
24580,0.0
24581,0.0
24582,0.0
24583,0.0
24584,0.0
24585,0.0
24586,0.0
24587,0.0
24588,0.0
24589,0.0
24590,0.0
24591,0.0
24592,0.0
24593,0.0
24594,0.0
24595,0.0
24596,0.0
24597,0.0
24598,0.0
24599,0.0
24600,0.0
24601,0.0
24602,0.0
24603,0.0
24604,0.0
24605,0.0
24606,0.0
24607,0.0
24608,0.0
24609,0.0
24610,0.0
24611,0.0
24612,0.0
24613,0.0
24614,0.0
24615,0.0
24616,0.0
24617,0.0
24618,0.0
24619,0.0
24620,0.0
24621,0.0
24622,0.0
24623,0.0
24624,0.0
24625,0.0
24626,0.0
24627,0.0
24628,0.0
24629,0.0
24630,0.0
24631,0.0
24632,0.0
24633,0.0
24634,0.0
24635,0.0
24636,0.0
24637,0.0
24638,0.0
24639,0.0
24640,0.0
24641,0.0
24642,0.0
24643,0.0
24644,0.0
24645,0.0
24646,0.0
24647,0.0
24648,0.0
24649,0.0
24650,0.0
24651,0.0
24652,0.0
24653,0.0
24654,0.0
24655,0.0
24656,0.0
24657,0.0
24658,0.0
24659,0.0
24660,0.0
24661,0.0
24662,0.0
24663,0.0
24664,0.0
24665,0.0
24666,0.0
24667,0.0
24668,0.0
24669,0.0
24670,0.0
24671,0.0
24672,0.0
24673,0.0
24674,0.0
24675,0.0
24676,0.0
24677,0.0
24678,0.0
24679,0.0
24680,0.0
24681,0.0
24682,0.0
24683,0.0
24684,0.0
24685,0.0
24686,0.0
24687,0.0
24688,0.0
24689,0.0
24690,0.0
24691,0.0
24692,0.0
24693,0.0
24694,0.0
24695,0.0
24696,0.0
24697,0.0
24698,0.0
24699,0.0
24700,0.0
24701,0.0
24702,0.0
24703,0.0
24704,0.0
24705,0.0
24706,0.0
24707,0.0
24708,0.0
24709,0.0
24710,0.0
24711,0.0
24712,0.0
24713,0.0
24714,0.0
24715,0.0
24716,0.0
24717,0.0
24718,0.0
24719,0.0
24720,0.0
24721,0.0
24722,0.0
24723,0.0
24724,0.0
24725,0.0
24726,0.0
24727,0.0
24728,0.0
24729,0.0
24730,0.0
24731,0.0
24732,0.0
24733,0.0
24734,0.0
24735,0.0
24736,0.0
24737,0.0
24738,0.0
24739,0.0
24740,0.0
24741,0.0
24742,0.0
24743,0.0
24744,0.0
24745,0.0
24746,0.0
24747,0.0
24748,0.0
24749,0.0
24750,0.0
24751,0.0
24752,0.0
24753,0.0
24754,0.0
24755,0.0
24756,0.0
24757,0.0
24758,0.0
24759,0.0
24760,0.0
24761,0.0
24762,0.0
24763,0.0
24764,0.0
24765,0.0
24766,0.0
24767,0.0
24768,0.0
24769,0.0
24770,0.0
24771,0.0
24772,0.0
24773,0.0
24774,0.0
24775,0.0
24776,0.0
24777,0.0
24778,0.0
24779,0.0
24780,0.0
24781,0.0
24782,0.0
24783,0.0
24784,0.0
24785,0.0
24786,0.0
24787,0.0
24788,0.0
24789,0.0
24790,0.0
24791,0.0
24792,0.0
24793,0.0
24794,0.0
24795,0.0
24796,0.0
24797,0.0
24798,0.0
24799,0.0
24800,0.0
24801,0.0
24802,0.0
24803,0.0
24804,0.0
24805,0.0
24806,0.0
24807,0.0
24808,0.0
24809,0.0
24810,0.0
24811,0.0
24812,0.0
24813,0.0
24814,0.0
24815,0.0
24816,0.0
24817,0.0
24818,0.0
24819,0.0
24820,0.0
24821,0.0
24822,0.0
24823,0.0
24824,0.0
24825,0.0
24826,0.0
24827,0.0
24828,0.0
24829,0.0
24830,0.0
24831,0.0
24832,0.0
24833,0.0
24834,0.0
24835,0.0
24836,0.0
24837,0.0
24838,0.0
24839,0.0
24840,0.0
24841,0.0
24842,0.0
24843,0.0
24844,0.0
24845,0.0
24846,0.0
24847,0.0
24848,0.0
24849,0.0
24850,0.0
24851,0.0
24852,0.0
24853,0.0
24854,0.0
24855,0.0
24856,0.0
24857,0.0
24858,0.0
24859,0.0
24860,0.0
24861,0.0
24862,0.0
24863,0.0
24864,0.0
24865,0.0
24866,0.0
24867,0.0
24868,0.0
24869,0.0
24870,0.0
24871,0.0
24872,0.0
24873,0.0
24874,0.0
24875,0.0
24876,0.0
24877,0.0
24878,0.0
24879,0.0
24880,0.0
24881,0.0
24882,0.0
24883,0.0
24884,0.0
24885,0.0
24886,0.0
24887,0.0
24888,0.0
24889,0.0
24890,0.0
24891,0.0
24892,0.0
24893,0.0
24894,0.0
24895,0.0
24896,0.0
24897,0.0
24898,0.0
24899,0.0
24900,0.0
24901,502.6513905088107
24902,753.9770857632161
24903,1005.3027810176214
24904,1256.6284762720268
24905,1507.9541715264322
24906,1759.2798667808374
24907,2010.6055620352429
24908,2261.9312572896483
24909,2513.2569525440535
24910,2764.5826477984588
24911,3015.9083430528644
24912,3267.2340383072697
24913,3518.559733561675
24914,3769.88542881608
24915,4021.2111240704858
24916,4272.536819324891
24917,4523.862514579297
24918,4775.188209833702
24919,5026.513905088107
24920,5277.839600342512
24921,5529.1652955969175
24922,5780.490990851323
24923,6031.816686105729
24924,6283.142381360134
24925,6534.468076614539
24926,6785.7937718689445
24927,7037.11946712335
24928,7288.445162377756
24929,7539.77085763216
24930,7791.096552886565
24931,8042.4222481409715
24932,8293.747943395378
24933,8545.073638649783
24934,8796.399333904188
24935,9047.725029158593
24936,9299.050724412997
24937,9550.376419667404
24938,9801.702114921809
24939,10053.027810176214
24940,10304.35350543062
24941,10555.679200685025
24942,10807.004895939432
24943,11058.330591193835
24944,11309.65628644824
24945,11560.981981702645
24946,11812.30767695705
24947,12063.633372211458
24948,12314.959067465863
24949,12566.284762720268
24950,12817.610457974673
24951,13068.936153229079
24952,13320.261848483484
24953,13571.587543737889
24954,13822.913238992294
24955,14074.2389342467
24956,14325.564629501105
24957,14576.890324755512
24958,14828.216020009917
24959,15079.54171526432
24960,15330.867410518726
24961,15582.19310577313
24962,15833.518801027538
24963,16084.844496281943
24964,16336.170191536348
24965,16587.495886790755
24966,16838.82158204516
24967,17090.147277299566
24968,17341.47297255397
24969,17592.798667808376
24970,17844.124363062783
24971,18095.450058317187
24972,18346.77575357159
24973,18598.101448825993
24974,18849.4271440804
24975,19100.752839334808
24976,19352.07853458921
24977,19603.404229843618
24978,19854.72992509802
24979,20106.05562035243
24980,20357.381315606835
24981,20608.70701086124
24982,20860.032706115646
24983,21111.35840137005
24984,21362.684096624456
24985,21614.009791878863
24986,21865.335487133267
24987,22116.66118238767
24988,22367.986877642074
24989,22619.31257289648
24990,22870.638268150888
24991,23121.96396340529
24992,23373.289658659698
24993,23624.6153539141
24994,23875.94104916851
24995,24127.266744422916
24996,24378.59243967732
24997,24629.918134931726
24998,24881.24383018613
24999,25132.569525440536
25000,25383.895220694943
25001,25635.220915949347
25002,25886.546611203754
25003,26137.872306458157
25004,26389.19800171256
25005,26640.523696966968
25006,26891.84939222137
25007,27143.175087475778
25008,27394.50078273018
25009,27645.82647798459
25010,27897.152173238996
25011,28148.4778684934
25012,28399.803563747806
25013,28651.12925900221
25014,28902.454954256616
25015,29153.780649511024
25016,29405.106344765427
25017,29656.432040019834
25018,29907.757735274237
25019,30159.08343052864
25020,30410.409125783048
25021,30661.73482103745
25022,30913.06051629186
25023,31164.38621154626
25024,31415.71190680067
25025,31667.037602055076
25026,31918.36329730948
25027,32169.688992563886
25028,32421.014687818286
25029,32672.340383072697
25030,32923.6660783271
25031,33174.99177358151
25032,33426.31746883591
25033,33677.64316409032
25034,33928.96885934472
25035,34180.29455459913
25036,34431.620249853535
25037,34682.94594510794
25038,34934.27164036234
25039,35185.59733561675
25040,35436.923030871156
25041,35688.24872612557
25042,35939.57442137996
25043,36190.90011663437
25044,36442.22581188878
25045,36693.55150714318
25046,36944.87720239759
25047,37196.20289765199
25048,37447.5285929064
25049,37698.8542881608
25050,37950.17998341521
25051,0.0
25052,0.0
25053,0.0
25054,0.0
25055,0.0
25056,0.0
25057,0.0
25058,0.0
25059,0.0
25060,0.0
25061,0.0
25062,0.0
25063,0.0
25064,0.0
25065,0.0
25066,0.0
25067,0.0
25068,0.0
25069,0.0
25070,0.0
25071,0.0
25072,0.0
25073,0.0
25074,0.0
25075,0.0
25076,0.0
25077,0.0
25078,0.0
25079,0.0
25080,0.0
25081,0.0
25082,0.0
25083,0.0
25084,0.0
25085,0.0
25086,0.0
25087,0.0
25088,0.0
25089,0.0
25090,0.0
25091,0.0
25092,0.0
25093,0.0
25094,0.0
25095,0.0
25096,0.0
25097,0.0
25098,0.0
25099,0.0
25100,0.0
25101,0.0
25102,0.0
25103,0.0
25104,0.0
25105,0.0
25106,0.0
25107,0.0
25108,0.0
25109,0.0
25110,0.0
25111,0.0
25112,0.0
25113,0.0
25114,0.0
25115,0.0
25116,0.0
25117,0.0
25118,0.0
25119,0.0
25120,0.0
25121,0.0
25122,0.0
25123,0.0
25124,0.0
25125,0.0
25126,0.0
25127,0.0
25128,0.0
25129,0.0
25130,0.0
25131,0.0
25132,0.0
25133,0.0
25134,0.0
25135,0.0
25136,0.0
25137,0.0
25138,0.0
25139,0.0
25140,0.0
25141,0.0
25142,0.0
25143,0.0
25144,0.0
25145,0.0
25146,0.0
25147,0.0
25148,0.0
25149,0.0
25150,0.0
25151,0.0
25152,0.0
25153,0.0
25154,0.0
25155,0.0
25156,0.0
25157,0.0
25158,0.0
25159,0.0
25160,0.0
25161,0.0
25162,0.0
25163,0.0
25164,0.0
25165,0.0
25166,0.0
25167,0.0
25168,0.0
25169,0.0
25170,0.0
25171,0.0
25172,0.0
25173,0.0
25174,0.0
25175,0.0
25176,0.0
25177,0.0
25178,0.0
25179,0.0
25180,0.0
25181,0.0
25182,0.0
25183,0.0
25184,0.0
25185,0.0
25186,0.0
25187,0.0
25188,0.0
25189,0.0
25190,0.0
25191,0.0
25192,0.0
25193,0.0
25194,0.0
25195,0.0
25196,0.0
25197,0.0
25198,0.0
25199,0.0
25200,0.0
25201,305.0937890675333
25202,457.6406836012998
25203,610.1875781350666
25204,762.7344726688332
25205,915.2813672025997
25206,1067.8282617363664
25207,1220.3751562701332
25208,1372.9220508038998
25209,1525.4689453376664
25210,1678.015839871433
25211,1830.5627344051993
25212,1983.1096289389661
25213,2135.6565234727327
25214,2288.2034180064993
25215,2440.7503125402663
25216,2593.297207074033
25217,2745.8441016077995
25218,2898.390996141566
25219,3050.9378906753327
25220,3203.4847852090993
25221,3356.031679742866
25222,3508.5785742766325
25223,3661.1254688103986
25224,3813.672363344166
25225,3966.2192578779323
25226,4118.766152411699
25227,4271.313046945465
25228,4423.8599414792325
25229,4576.406836012999
25230,4728.953730546766
25231,4881.500625080533
25232,5034.047519614299
25233,5186.594414148066
25234,5339.141308681832
25235,5491.688203215599
25236,5644.235097749365
25237,5796.781992283132
25238,5949.328886816898
25239,6101.875781350665
25240,6254.4226758844325
25241,6406.969570418199
25242,6559.516464951966
25243,6712.063359485732
25244,6864.610254019499
25245,7017.157148553265
25246,7169.704043087032
25247,7322.250937620797
25248,7474.797832154565
25249,7627.344726688332
25250,7779.891621222098
25251,7932.4385157558645
25252,8084.9854102896325
25253,8237.532304823399
25254,8390.079199357166
25255,8542.62609389093
25256,8695.172988424698
25257,8847.719882958465
25258,9000.266777492232
25259,9152.813672025997
25260,9305.360566559764
25261,9457.907461093531
25262,9610.454355627298
25263,9763.001250161065
25264,9915.54814469483
25265,10068.095039228598
25266,10220.641933762365
25267,10373.188828296132
25268,10525.735722829897
25269,10678.282617363664
25270,10830.829511897431
25271,10983.376406431198
25272,11135.923300964965
25273,11288.47019549873
25274,11441.017090032497
25275,11593.563984566264
25276,11746.110879100032
25277,11898.657773633797
25278,12051.204668167564
25279,12203.75156270133
25280,12356.298457235098
25281,12508.845351768865
25282,12661.39224630263
25283,12813.939140836397
25284,12966.486035370164
25285,13119.032929903931
25286,13271.579824437697
25287,13424.126718971464
25288,13576.67361350523
25289,13729.220508038998
25290,13881.767402572765
25291,14034.31429710653
25292,14186.861191640297
25293,14339.408086174064
25294,14491.954980707831
25295,14644.501875241594
25296,14797.048769775365
25297,14949.59566430913
25298,15102.142558842897
25299,15254.689453376664
25300,15407.23634791043
25301,15559.783242444197
25302,15712.330136977962
25303,15864.877031511729
25304,16017.423926045494
25305,16169.970820579265
25306,16322.51771511303
25307,16475.064609646797
25308,16627.611504180564
25309,16780.15839871433
25310,16932.705293248095
25311,17085.25218778186
25312,17237.79908231563
25313,17390.345976849396
25314,17542.892871383163
25315,17695.43976591693
25316,17847.986660450697
25317,18000.533554984464
25318,18153.08044951823
25319,18305.627344051994
25320,18458.17423858576
25321,18610.72113311953
25322,18763.268027653296
25323,18915.814922187063
25324,19068.36181672083
25325,19220.908711254597
25326,19373.455605788364
25327,19526.00250032213
25328,19678.549394855894
25329,19831.09628938966
25330,19983.64318392343
25331,20136.190078457195
25332,20288.736972990962
25333,20441.28386752473
25334,20593.830762058496
25335,20746.377656592264
25336,20898.92455112603
25337,21051.471445659794
25338,21204.01834019356
25339,21356.565234727328
25340,21509.112129261095
25341,21661.659023794862
25342,21814.20591832863
25343,21966.752812862396
25344,22119.299707396163
25345,22271.84660192993
25346,22424.393496463694
25347,22576.94039099746
25348,22729.487285531228
25349,22882.034180064995
25350,23034.581074598762
25351,125.36717051267624
25352,188.05075576901436
25353,250.73434102535248
25354,313.4179262816906
25355,376.1015115380287
25356,438.7850967943668
25357,501.46868205070496
25358,564.1522673070431
25359,626.8358525633812
25360,689.5194378197192
25361,752.2030230760574
25362,814.8866083323956
25363,877.5701935887336
25364,940.2537788450717
25365,1002.9373641014099
25366,1065.620949357748
25367,1128.3045346140862
25368,1190.9881198704243
25369,1253.6717051267624
25370,1316.3552903831003
25371,1379.0388756394384
25372,1441.7224608957767
25373,1504.4060461521149
25374,1567.089631408453
25375,1629.773216664791
25376,1692.4568019211292
25377,1755.1403871774671
25378,1817.8239724338052
25379,1880.5075576901434
25380,1943.1911429464815
25381,2005.8747282028198
25382,2068.558313459158
25383,2131.241898715496
25384,2193.925483971834
25385,2256.6090692281723
25386,2319.2926544845104
25387,2381.9762397408485
25388,2444.6598249971867
25389,2507.343410253525
25390,2570.026995509863
25391,2632.7105807662006
25392,2695.394166022539
25393,2758.077751278877
25394,2820.7613365352154
25395,2883.4449217915535
25396,2946.1285070478916
25397,3008.8120923042297
25398,3071.4956775605674
25399,3134.179262816906
25400,3196.8628480732436
25401,3259.546433329582
25402,3322.23001858592
25403,3384.9136038422585
25404,3447.5971890985966
25405,3510.2807743549342
25406,3572.964359611273
25407,3635.6479448676105
25408,3698.331530123949
25409,3761.0151153802867
25410,3823.6987006366253
25411,3886.382285892963
25412,3949.0658711493015
25413,4011.7494564056396
25414,4074.4330416619773
25415,4137.116626918316
25416,4199.800212174654
25417,4262.483797430992
25418,4325.16738268733
25419,4387.850967943668
25420,4450.5345532000065
25421,4513.218138456345
25422,4575.901723712683
25423,4638.585308969021
25424,4701.268894225358
25425,4763.952479481697
25426,4826.636064738035
25427,4889.319649994373
25428,4952.0032352507105
25429,5014.68682050705
25430,5077.370405763388
25431,5140.053991019726
25432,5202.737576276064
25433,5265.421161532401
25434,5328.10474678874
25435,5390.788332045078
25436,5453.471917301416
25437,5516.155502557754
25438,5578.839087814092
25439,5641.522673070431
25440,5704.206258326769
25441,5766.889843583107
25442,5829.573428839444
25443,5892.257014095783
25444,5954.940599352121
25445,6017.6241846084595
25446,6080.307769864797
25447,6142.991355121135
25448,6205.674940377474
25449,6268.358525633812
25450,6331.04211089015
25451,6393.725696146487
25452,6456.409281402826
25453,6519.092866659164
25454,6581.776451915503
25455,6644.46003717184
25456,6707.143622428178
25457,6769.827207684517
25458,6832.510792940855
25459,6895.194378197193
25460,6957.87796345353
25461,7020.5615487098685
25462,7083.2451339662075
25463,7145.928719222546
25464,7208.612304478883
25465,7271.295889735221
25466,7333.97947499156
25467,7396.663060247898
25468,7459.346645504236
25469,7522.030230760573
25470,7584.713816016912
25471,7647.397401273251
25472,7710.080986529589
25473,7772.764571785926
25474,7835.448157042264
25475,7898.131742298603
25476,7960.815327554941
25477,8023.498912811279
25478,8086.1824980676165
25479,8148.866083323955
25480,8211.549668580294
25481,8274.233253836632
25482,8336.91683909297
25483,8399.600424349308
25484,8462.284009605646
25485,8524.967594861984
25486,8587.651180118322
25487,8650.33476537466
25488,8713.018350630999
25489,8775.701935887337
25490,8838.385521143675
25491,8901.069106400013
25492,8963.752691656351
25493,9026.43627691269
25494,9089.119862169027
25495,9151.803447425365
25496,9214.487032681704
25497,9277.170617938042
25498,9339.854203194378
25499,9402.537788450716
25500,9465.221373707056
25501,50.70141355527772
25502,76.05212033291657
25503,101.40282711055544
25504,126.75353388819431
25505,152.10424066583315
25506,177.454947443472
25507,202.80565422111087
25508,228.15636099874973
25509,253.50706777638862
25510,278.85777455402746
25511,304.2084813316663
25512,329.5591881093052
25513,354.909894886944
25514,380.26060166458285
25515,405.61130844222174
25516,430.96201521986063
25517,456.31272199749947
25518,481.6634287751383
25519,507.01413555277725
25520,532.3648423304161
25521,557.7155491080549
25522,583.0662558856937
25523,608.4169626633326
25524,633.7676694409714
25525,659.1183762186104
25526,684.4690829962492
25527,709.819789773888
25528,735.1704965515269
25529,760.5212033291657
25530,785.8719101068046
25531,811.2226168844435
25532,836.5733236620823
25533,861.9240304397213
25534,887.2747372173601
25535,912.6254439949989
25536,937.9761507726377
25537,963.3268575502766
25538,988.6775643279155
25539,1014.0282711055545
25540,1039.378977883193
25541,1064.7296846608322
25542,1090.080391438471
25543,1115.4310982161098
25544,1140.7818049937487
25545,1166.1325117713875
25546,1191.4832185490263
25547,1216.8339253266652
25548,1242.1846321043042
25549,1267.5353388819428
25550,1292.886045659582
25551,1318.2367524372207
25552,1343.5874592148593
25553,1368.9381659924984
25554,1394.2888727701372
25555,1419.639579547776
25556,1444.990286325415
25557,1470.3409931030537
25558,1495.6916998806928
25559,1521.0424066583314
25560,1546.3931134359705
25561,1571.7438202136093
25562,1597.0945269912481
25563,1622.445233768887
25564,1647.7959405465258
25565,1673.1466473241646
25566,1698.4973541018035
25567,1723.8480608794425
25568,1749.1987676570811
25569,1774.5494744347202
25570,1799.900181212359
25571,1825.2508879899979
25572,1850.601594767637
25573,1875.9523015452753
25574,1901.3030083229144
25575,1926.6537151005532
25576,1952.0044218781923
25577,1977.355128655831
25578,2002.70583543347
25579,2028.056542211109
25580,2053.4072489887476
25581,2078.757955766386
25582,2104.1086625440253
25583,2129.4593693216643
25584,2154.810076099303
25585,2180.160782876942
25586,2205.5114896545806
25587,2230.8621964322197
25588,2256.2129032098583
25589,2281.5636099874973
25590,2306.9143167651364
25591,2332.265023542775
25592,2357.6157303204136
25593,2382.9664370980527
25594,2408.3171438756917
25595,2433.6678506533303
25596,2459.0185574309694
25597,2484.3692642086085
25598,2509.719970986247
25599,2535.0706777638857
25600,2560.4213845415247
25601,2585.772091319164
25602,2611.1227980968024
25603,2636.4735048744415
25604,2661.8242116520805
25605,2687.1749184297187
25606,2712.5256252073577
25607,2737.876331984997
25608,2763.227038762636
25609,2788.5777455402745
25610,2813.9284523179135
25611,2839.279159095552
25612,2864.6298658731907
25613,2889.98057265083
25614,2915.331279428469
25615,2940.6819862061075
25616,2966.0326929837465
25617,2991.3833997613856
25618,3016.734106539024
25619,3042.084813316663
25620,3067.435520094302
25621,3092.786226871941
25622,3118.1369336495795
25623,3143.4876404272186
25624,3168.838347204857
25625,3194.1890539824963
25626,3219.539760760135
25627,3244.890467537774
25628,3270.241174315413
25629,3295.5918810930516
25630,3320.9425878706907
25631,3346.2932946483293
25632,3371.6440014259683
25633,3396.994708203607
25634,3422.345414981246
25635,3447.696121758885
25636,3473.0468285365237
25637,3498.3975353141623
25638,3523.7482420918013
25639,3549.0989488694404
25640,3574.4496556470785
25641,3599.800362424718
25642,3625.1510692023567
25643,3650.5017759799957
25644,3675.8524827576343
25645,3701.203189535274
25646,3726.5538963129125
25647,3751.9046030905506
25648,3777.25530986819
25649,3802.6060166458287
25650,3827.956723423468
25651,173.57537132011703
25652,260.36305698017554
25653,347.15074264023406
25654,433.9384283002925
25655,520.7261139603511
25656,607.5137996204096
25657,694.3014852804681
25658,781.0891709405266
25659,867.876856600585
25660,954.6645422606437
25661,1041.4522279207022
25662,1128.2399135807607
25663,1215.0275992408192
25664,1301.8152849008775
25665,1388.6029705609362
25666,1475.3906562209947
25667,1562.1783418810533
25668,1648.9660275411118
25669,1735.75371320117
25670,1822.5413988612288
25671,1909.3290845212873
25672,1996.1167701813456
25673,2082.9044558414043
25674,2169.6921415014626
25675,2256.4798271615214
25676,2343.2675128215797
25677,2430.0551984816384
25678,2516.8428841416967
25679,2603.630569801755
25680,2690.4182554618137
25681,2777.2059411218725
25682,2863.9936267819307
25683,2950.7813124419895
25684,3037.5689981020478
25685,3124.3566837621065
25686,3211.144369422165
25687,3297.9320550822235
25688,3384.7197407422823
25689,3471.50742640234
25690,3558.295112062399
25691,3645.0827977224576
25692,3731.870483382516
25693,3818.6581690425746
25694,3905.4458547026334
25695,3992.233540362691
25696,4079.02122602275
25697,4165.808911682809
25698,4252.5965973428665
25699,4339.384283002925
25700,4426.171968662984
25701,4512.959654323043
25702,4599.7473399831015
25703,4686.535025643159
25704,4773.322711303218
25705,4860.110396963277
25706,4946.898082623335
25707,5033.685768283393
25708,5120.473453943452
25709,5207.26113960351
25710,5294.048825263569
25711,5380.836510923627
25712,5467.624196583686
25713,5554.411882243745
25714,5641.199567903804
25715,5727.9872535638615
25716,5814.77493922392
25717,5901.562624883979
25718,5988.350310544037
25719,6075.1379962040955
25720,6161.925681864154
25721,6248.713367524213
25722,6335.501053184271
25723,6422.28873884433
25724,6509.076424504388
25725,6595.864110164447
25726,6682.651795824505
25727,6769.439481484565
25728,6856.227167144622
25729,6943.01485280468
25730,7029.80253846474
25731,7116.590224124798
25732,7203.377909784856
25733,7290.165595444915
25734,7376.953281104973
25735,7463.740966765032
25736,7550.5286524250905
25737,7637.316338085149
25738,7724.104023745207
25739,7810.891709405267
25740,7897.679395065325
25741,7984.467080725382
25742,8071.254766385442
25743,8158.0424520455
25744,8244.830137705558
25745,8331.617823365617
25746,8418.405509025675
25747,8505.193194685733
25748,8591.98088034579
25749,8678.76856600585
25750,8765.556251665908
25751,8852.343937325968
25752,8939.131622986026
25753,9025.919308646085
25754,9112.706994306143
25755,9199.494679966203
25756,9286.28236562626
25757,9373.070051286319
25758,9459.857736946378
25759,9546.645422606436
25760,9633.433108266494
25761,9720.220793926554
25762,9807.008479586611
25763,9893.79616524667
25764,9980.583850906729
25765,10067.371536566787
25766,10154.159222226845
25767,10240.946907886904
25768,10327.734593546962
25769,10414.52227920702
25770,10501.30996486708
25771,10588.097650527137
25772,10674.885336187195
25773,10761.673021847255
25774,10848.460707507313
25775,10935.248393167372
25776,11022.03607882743
25777,11108.82376448749
25778,11195.611450147548
25779,11282.399135807607
25780,11369.186821467665
25781,11455.974507127723
25782,11542.762192787783
25783,11629.54987844784
25784,11716.337564107898
25785,11803.125249767958
25786,11889.912935428016
25787,11976.700621088074
25788,12063.488306748133
25789,12150.275992408191
25790,12237.063678068249
25791,12323.851363728309
25792,12410.639049388366
25793,12497.426735048426
25794,12584.214420708482
25795,12671.002106368542
25796,12757.789792028601
25797,12844.57747768866
25798,12931.365163348717
25799,13018.152849008777
25800,13104.940534668835
25801,24213.065254449844
25802,36319.59788167477
25803,48426.13050889969
25804,60532.6631361246
25805,72639.19576334953
25806,84745.72839057444
25807,96852.26101779938
25808,108958.7936450243
25809,121065.3262722492
25810,133171.85889947411
25811,145278.39152669907
25812,157384.924153924
25813,169491.45678114888
25814,181597.98940837383
25815,193704.52203559875
25816,205811.05466282365
25817,217917.5872900486
25818,230024.11991727352
25819,242130.6525444984
25820,254237.18517172337
25821,266343.71779894823
25822,278450.2504261732
25823,290556.78305339813
25824,302663.315680623
25825,314769.848307848
25826,326876.3809350729
25827,338982.91356229776
25828,351089.44618952274
25829,363195.97881674767
25830,375302.51144397253
25831,387409.0440711975
25832,399515.57669842243
25833,411622.1093256473
25834,423728.6419528723
25835,435835.1745800972
25836,447941.70720732206
25837,460048.23983454704
25838,472154.77246177197
25839,484261.3050889968
25840,496367.8377162218
25841,508474.37034344673
25842,520580.9029706716
25843,532687.4355978965
25844,544793.9682251215
25845,556900.5008523464
25846,569007.0334795712
25847,581113.5661067963
25848,593220.0987340212
25849,605326.631361246
25850,617433.163988471
25851,629539.696615696
25852,641646.2292429208
25853,653752.7618701458
25854,665859.2944973707
25855,677965.8271245955
25856,690072.3597518206
25857,702178.8923790455
25858,714285.4250062703
25859,726391.9576334953
25860,738498.4902607203
25861,750605.0228879451
25862,762711.5555151701
25863,774818.088142395
25864,786924.6207696198
25865,799031.1533968449
25866,811137.6860240698
25867,823244.2186512946
25868,835350.7512785196
25869,847457.2839057446
25870,859563.8165329694
25871,871670.3491601944
25872,883776.8817874193
25873,895883.4144146441
25874,907989.9470418692
25875,920096.4796690941
25876,932203.0122963189
25877,944309.5449235439
25878,956416.0775507689
25879,968522.6101779937
25880,980629.1428052187
25881,992735.6754324436
25882,1004842.2080596684
25883,1016948.7406868935
25884,1029055.2733141183
25885,1041161.8059413432
25886,1053268.3385685682
25887,1065374.871195793
25888,1077481.403823018
25889,1089587.936450243
25890,1101694.4690774677
25891,1113801.0017046928
25892,1125907.5343319178
25893,1138014.0669591425
25894,1150120.5995863676
25895,1162227.1322135925
25896,1174333.6648408172
25897,1186440.1974680424
25898,1198546.7300952673
25899,1210653.262722492
25900,1222759.7953497171
25901,1234866.327976942
25902,1246972.8606041668
25903,1259079.393231392
25904,1271185.9258586168
25905,1283292.4584858415
25906,1295398.9911130667
25907,1307505.5237402916
25908,1319612.0563675163
25909,1331718.5889947414
25910,1343825.1216219664
25911,1355931.654249191
25912,1368038.1868764162
25913,1380144.7195036411
25914,1392251.2521308658
25915,1404357.784758091
25916,1416464.317385316
25917,1428570.8500125406
25918,1440677.3826397657
25919,1452783.9152669907
25920,1464890.4478942154
25921,1476996.9805214405
25922,1489103.5131486654
25923,1501210.0457758901
25924,1513316.5784031153
25925,1525423.1110303402
25926,1537529.643657565
25927,1549636.17628479
25928,1561742.708912015
25929,1573849.2415392397
25930,1585955.7741664648
25931,1598062.3067936897
25932,1610168.8394209144
25933,1622275.3720481396
25934,1634381.9046753645
25935,1646488.4373025892
25936,1658594.9699298143
25937,1670701.5025570393
25938,1682808.035184264
25939,1694914.567811489
25940,1707021.100438714
25941,1719127.6330659387
25942,1731234.1656931639
25943,1743340.6983203888
25944,1755447.2309476135
25945,1767553.7635748386
25946,1779660.2962020636
25947,1791766.8288292882
25948,1803873.3614565134
25949,1815979.8940837383
25950,1828086.426710963
25951,780.8219178082192
25952,1171.2328767123288
25953,1561.6438356164383
25954,1952.054794520548
25955,2342.4657534246576
25956,2732.876712328767
25957,3123.2876712328766
25958,3513.698630136986
25959,3904.109589041096
25960,4294.520547945205
25961,4684.931506849315
25962,5075.342465753425
25963,5465.753424657534
25964,5856.164383561643
25965,6246.575342465753
25966,6636.986301369862
25967,7027.397260273972
25968,7417.808219178081
25969,7808.219178082192
25970,8198.630136986301
25971,8589.04109589041
25972,8979.452054794521
25973,9369.86301369863
25974,9760.27397260274
25975,10150.68493150685
25976,10541.095890410958
25977,10931.506849315068
25978,11321.917808219177
25979,11712.328767123287
25980,12102.739726027397
25981,12493.150684931506
25982,12883.561643835616
25983,13273.972602739725
25984,13664.383561643837
25985,14054.794520547945
25986,14445.205479452055
25987,14835.616438356163
25988,15226.027397260274
25989,15616.438356164384
25990,16006.849315068494
25991,16397.260273972603
25992,16787.67123287671
25993,17178.08219178082
25994,17568.49315068493
25995,17958.904109589042
25996,18349.31506849315
25997,18739.72602739726
25998,19130.136986301368
25999,19520.54794520548
26000,19910.95890410959
26001,20301.3698630137
26002,20691.780821917808
26003,21082.191780821915
26004,21472.602739726026
26005,21863.013698630137
26006,22253.424657534248
26007,22643.835616438355
26008,23034.246575342466
26009,23424.657534246573
26010,23815.068493150684
26011,24205.479452054795
26012,24595.890410958906
26013,24986.301369863013
26014,25376.71232876712
26015,25767.12328767123
26016,26157.534246575342
26017,26547.94520547945
26018,26938.356164383556
26019,27328.767123287675
26020,27719.178082191782
26021,28109.58904109589
26022,28500.0
26023,28890.41095890411
26024,29280.821917808218
26025,29671.232876712325
26026,30061.643835616436
26027,30452.054794520547
26028,30842.465753424654
26029,31232.87671232877
26030,31623.28767123288
26031,32013.698630136987
26032,32404.109589041094
26033,32794.520547945205
26034,33184.931506849316
26035,33575.34246575342
26036,33965.75342465753
26037,34356.16438356164
26038,34746.57534246575
26039,35136.98630136986
26040,35527.397260273974
26041,35917.808219178085
26042,36308.21917808219
26043,36698.6301369863
26044,37089.04109589041
26045,37479.45205479452
26046,37869.86301369863
26047,38260.273972602736
26048,38650.68493150685
26049,39041.09589041096
26050,39431.50684931506
26051,39821.91780821918
26052,40212.32876712329
26053,40602.7397260274
26054,40993.150684931505
26055,41383.561643835616
26056,41773.97260273973
26057,42164.38356164383
26058,42554.79452054794
26059,42945.20547945205
26060,43335.61643835616
26061,43726.02739726027
26062,44116.438356164384
26063,44506.849315068495
26064,44897.2602739726
26065,45287.67123287671
26066,45678.08219178082
26067,46068.49315068493
26068,46458.90410958904
26069,46849.315068493146
26070,47239.72602739726
26071,47630.13698630137
26072,48020.54794520548
26073,48410.95890410959
26074,48801.3698630137
26075,49191.78082191781
26076,49582.191780821915
26077,49972.602739726026
26078,50363.01369863014
26079,50753.42465753424
26080,51143.83561643836
26081,51534.24657534246
26082,51924.65753424658
26083,52315.068493150684
26084,52705.479452054795
26085,53095.8904109589
26086,53486.30136986301
26087,53876.71232876711
26088,54267.12328767123
26089,54657.53424657535
26090,55047.94520547945
26091,55438.356164383564
26092,55828.76712328767
26093,56219.17808219178
26094,56609.58904109588
26095,57000.0
26096,57390.4109589041
26097,57780.82191780822
26098,58171.232876712325
26099,58561.643835616436
26100,58952.05479452055
26101,0.0
26102,0.0
26103,0.0
26104,0.0
26105,0.0
26106,0.0
26107,0.0
26108,0.0
26109,0.0
26110,0.0
26111,0.0
26112,0.0
26113,0.0
26114,0.0
26115,0.0
26116,0.0
26117,0.0
26118,0.0
26119,0.0
26120,0.0
26121,0.0
26122,0.0
26123,0.0
26124,0.0
26125,0.0
26126,0.0
26127,0.0
26128,0.0
26129,0.0
26130,0.0
26131,0.0
26132,0.0
26133,0.0
26134,0.0
26135,0.0
26136,0.0
26137,0.0
26138,0.0
26139,0.0
26140,0.0
26141,0.0
26142,0.0
26143,0.0
26144,0.0
26145,0.0
26146,0.0
26147,0.0
26148,0.0
26149,0.0
26150,0.0
26151,0.0
26152,0.0
26153,0.0
26154,0.0
26155,0.0
26156,0.0
26157,0.0
26158,0.0
26159,0.0
26160,0.0
26161,0.0
26162,0.0
26163,0.0
26164,0.0
26165,0.0
26166,0.0
26167,0.0
26168,0.0
26169,0.0
26170,0.0
26171,0.0
26172,0.0
26173,0.0
26174,0.0
26175,0.0
26176,0.0
26177,0.0
26178,0.0
26179,0.0
26180,0.0
26181,0.0
26182,0.0
26183,0.0
26184,0.0
26185,0.0
26186,0.0
26187,0.0
26188,0.0
26189,0.0
26190,0.0
26191,0.0
26192,0.0
26193,0.0
26194,0.0
26195,0.0
26196,0.0
26197,0.0
26198,0.0
26199,0.0
26200,0.0
26201,0.0
26202,0.0
26203,0.0
26204,0.0
26205,0.0
26206,0.0
26207,0.0
26208,0.0
26209,0.0
26210,0.0
26211,0.0
26212,0.0
26213,0.0
26214,0.0
26215,0.0
26216,0.0
26217,0.0
26218,0.0
26219,0.0
26220,0.0
26221,0.0
26222,0.0
26223,0.0
26224,0.0
26225,0.0
26226,0.0
26227,0.0
26228,0.0
26229,0.0
26230,0.0
26231,0.0
26232,0.0
26233,0.0
26234,0.0
26235,0.0
26236,0.0
26237,0.0
26238,0.0
26239,0.0
26240,0.0
26241,0.0
26242,0.0
26243,0.0
26244,0.0
26245,0.0
26246,0.0
26247,0.0
26248,0.0
26249,0.0
26250,0.0
26251,0.0
26252,0.0
26253,0.0
26254,0.0
26255,0.0
26256,0.0
26257,0.0
26258,0.0
26259,0.0
26260,0.0
26261,0.0
26262,0.0
26263,0.0
26264,0.0
26265,0.0
26266,0.0
26267,0.0
26268,0.0
26269,0.0
26270,0.0
26271,0.0
26272,0.0
26273,0.0
26274,0.0
26275,0.0
26276,0.0
26277,0.0
26278,0.0
26279,0.0
26280,0.0
26281,0.0
26282,0.0
26283,0.0
26284,0.0
26285,0.0
26286,0.0
26287,0.0
26288,0.0
26289,0.0
26290,0.0
26291,0.0
26292,0.0
26293,0.0
26294,0.0
26295,0.0
26296,0.0
26297,0.0
26298,0.0
26299,0.0
26300,0.0
26301,0.0
26302,0.0
26303,0.0
26304,0.0
26305,0.0
26306,0.0
26307,0.0
26308,0.0
26309,0.0
26310,0.0
26311,0.0
26312,0.0
26313,0.0
26314,0.0
26315,0.0
26316,0.0
26317,0.0
26318,0.0
26319,0.0
26320,0.0
26321,0.0
26322,0.0
26323,0.0
26324,0.0
26325,0.0
26326,0.0
26327,0.0
26328,0.0
26329,0.0
26330,0.0
26331,0.0
26332,0.0
26333,0.0
26334,0.0
26335,0.0
26336,0.0
26337,0.0
26338,0.0
26339,0.0
26340,0.0
26341,0.0
26342,0.0
26343,0.0
26344,0.0
26345,0.0
26346,0.0
26347,0.0
26348,0.0
26349,0.0
26350,0.0
26351,0.0
26352,0.0
26353,0.0
26354,0.0
26355,0.0
26356,0.0
26357,0.0
26358,0.0
26359,0.0
26360,0.0
26361,0.0
26362,0.0
26363,0.0
26364,0.0
26365,0.0
26366,0.0
26367,0.0
26368,0.0
26369,0.0
26370,0.0
26371,0.0
26372,0.0
26373,0.0
26374,0.0
26375,0.0
26376,0.0
26377,0.0
26378,0.0
26379,0.0
26380,0.0
26381,0.0
26382,0.0
26383,0.0
26384,0.0
26385,0.0
26386,0.0
26387,0.0
26388,0.0
26389,0.0
26390,0.0
26391,0.0
26392,0.0
26393,0.0
26394,0.0
26395,0.0
26396,0.0
26397,0.0
26398,0.0
26399,0.0
26400,0.0
26401,0.0
26402,0.0
26403,0.0
26404,0.0
26405,0.0
26406,0.0
26407,0.0
26408,0.0
26409,0.0
26410,0.0
26411,0.0
26412,0.0
26413,0.0
26414,0.0
26415,0.0
26416,0.0
26417,0.0
26418,0.0
26419,0.0
26420,0.0
26421,0.0
26422,0.0
26423,0.0
26424,0.0
26425,0.0
26426,0.0
26427,0.0
26428,0.0
26429,0.0
26430,0.0
26431,0.0
26432,0.0
26433,0.0
26434,0.0
26435,0.0
26436,0.0
26437,0.0
26438,0.0
26439,0.0
26440,0.0
26441,0.0
26442,0.0
26443,0.0
26444,0.0
26445,0.0
26446,0.0
26447,0.0
26448,0.0
26449,0.0
26450,0.0
26451,0.0
26452,0.0
26453,0.0
26454,0.0
26455,0.0
26456,0.0
26457,0.0
26458,0.0
26459,0.0
26460,0.0
26461,0.0
26462,0.0
26463,0.0
26464,0.0
26465,0.0
26466,0.0
26467,0.0
26468,0.0
26469,0.0
26470,0.0
26471,0.0
26472,0.0
26473,0.0
26474,0.0
26475,0.0
26476,0.0
26477,0.0
26478,0.0
26479,0.0
26480,0.0
26481,0.0
26482,0.0
26483,0.0
26484,0.0
26485,0.0
26486,0.0
26487,0.0
26488,0.0
26489,0.0
26490,0.0
26491,0.0
26492,0.0
26493,0.0
26494,0.0
26495,0.0
26496,0.0
26497,0.0
26498,0.0
26499,0.0
26500,0.0
26501,0.0
26502,0.0
26503,0.0
26504,0.0
26505,0.0
26506,0.0
26507,0.0
26508,0.0
26509,0.0
26510,0.0
26511,0.0
26512,0.0
26513,0.0
26514,0.0
26515,0.0
26516,0.0
26517,0.0
26518,0.0
26519,0.0
26520,0.0
26521,0.0
26522,0.0
26523,0.0
26524,0.0
26525,0.0
26526,0.0
26527,0.0
26528,0.0
26529,0.0
26530,0.0
26531,0.0
26532,0.0
26533,0.0
26534,0.0
26535,0.0
26536,0.0
26537,0.0
26538,0.0
26539,0.0
26540,0.0
26541,0.0
26542,0.0
26543,0.0
26544,0.0
26545,0.0
26546,0.0
26547,0.0
26548,0.0
26549,0.0
26550,0.0
26551,53424.538342303036
26552,80136.80751345455
26553,106849.07668460607
26554,133561.3458557576
26555,160273.6150269091
26556,186985.88419806064
26557,213698.15336921214
26558,240410.42254036365
26559,267122.6917115152
26560,293834.9608826667
26561,320547.2300538182
26562,347259.4992249697
26563,373971.7683961213
26564,400684.0375672728
26565,427396.3067384243
26566,454108.5759095758
26567,480820.8450807273
26568,507533.11425187887
26569,534245.3834230304
26570,560957.652594182
26571,587669.9217653334
26572,614382.190936485
26573,641094.4601076364
26574,667806.729278788
26575,694518.9984499394
26576,721231.2676210911
26577,747943.5367922426
26578,774655.8059633941
26579,801368.0751345456
26580,828080.3443056971
26581,854792.6134768486
26582,881504.8826480001
26583,908217.1518191516
26584,934929.4209903032
26585,961641.6901614546
26586,988353.9593326062
26587,1015066.2285037577
26588,1041778.4976749093
26589,1068490.7668460608
26590,1095203.0360172123
26591,1121915.305188364
26592,1148627.5743595152
26593,1175339.8435306668
26594,1202052.1127018183
26595,1228764.38187297
26596,1255476.6510441215
26597,1282188.9202152728
26598,1308901.1893864244
26599,1335613.458557576
26600,1362325.7277287275
26601,1389037.9968998788
26602,1415750.2660710304
26603,1442462.5352421822
26604,1469174.8044133338
26605,1495887.073584485
26606,1522599.3427556367
26607,1549311.6119267882
26608,1576023.8810979398
26609,1602736.1502690911
26610,1629448.4194402427
26611,1656160.6886113943
26612,1682872.9577825458
26613,1709585.2269536972
26614,1736297.4961248487
26615,1763009.7652960003
26616,1789722.0344671519
26617,1816434.3036383032
26618,1843146.5728094548
26619,1869858.8419806063
26620,1896571.1111517579
26621,1923283.3803229092
26622,1949995.6494940608
26623,1976707.9186652123
26624,2003420.1878363641
26625,2030132.4570075155
26626,2056844.726178667
26627,2083556.9953498186
26628,2110269.26452097
26629,2136981.5336921215
26630,2163693.8028632733
26631,2190406.0720344246
26632,2217118.341205576
26633,2243830.610376728
26634,2270542.879547879
26635,2297255.1487190304
26636,2323967.417890182
26637,2350679.6870613336
26638,2377391.9562324854
26639,2404104.2254036367
26640,2430816.494574788
26641,2457528.76374594
26642,2484241.032917091
26643,2510953.302088243
26644,2537665.5712593943
26645,2564377.8404305456
26646,2591090.1096016974
26647,2617802.3787728488
26648,2644514.647944
26649,2671226.917115152
26650,2697939.186286303
26651,2724651.455457455
26652,2751363.7246286063
26653,2778075.9937997577
26654,2804788.2629709095
26655,2831500.532142061
26656,2858212.8013132126
26657,2884925.0704843644
26658,2911637.3396555157
26659,2938349.6088266675
26660,2965061.877997819
26661,2991774.14716897
26662,3018486.416340122
26663,3045198.6855112733
26664,3071910.9546824247
26665,3098623.2238535765
26666,3125335.493024728
26667,3152047.7621958796
26668,3178760.031367031
26669,3205472.3005381823
26670,3232184.569709334
26671,3258896.8388804854
26672,3285609.1080516367
26673,3312321.3772227885
26674,3339033.64639394
26675,3365745.9155650917
26676,3392458.184736243
26677,3419170.4539073943
26678,3445882.723078546
26679,3472594.9922496974
26680,3499307.261420849
26681,3526019.5305920006
26682,3552731.799763152
26683,3579444.0689343037
26684,3606156.338105455
26685,3632868.6072766064
26686,3659580.876447758
26687,3686293.1456189095
26688,3713005.4147900613
26689,3739717.6839612126
26690,3766429.953132364
26691,3793142.2223035158
26692,3819854.491474667
26693,3846566.7606458184
26694,3873279.02981697
26695,3899991.2989881216
26696,3926703.5681592734
26697,3953415.8373304247
26698,3980128.106501576
26699,4006840.3756727283
26700,4033552.6448438796
26701,0.0
26702,0.0
26703,0.0
26704,0.0
26705,0.0
26706,0.0
26707,0.0
26708,0.0
26709,0.0
26710,0.0
26711,0.0
26712,0.0
26713,0.0
26714,0.0
26715,0.0
26716,0.0
26717,0.0
26718,0.0
26719,0.0
26720,0.0
26721,0.0
26722,0.0
26723,0.0
26724,0.0
26725,0.0
26726,0.0
26727,0.0
26728,0.0
26729,0.0
26730,0.0
26731,0.0
26732,0.0
26733,0.0
26734,0.0
26735,0.0
26736,0.0
26737,0.0
26738,0.0
26739,0.0
26740,0.0
26741,0.0
26742,0.0
26743,0.0
26744,0.0
26745,0.0
26746,0.0
26747,0.0
26748,0.0
26749,0.0
26750,0.0
26751,0.0
26752,0.0
26753,0.0
26754,0.0
26755,0.0
26756,0.0
26757,0.0
26758,0.0
26759,0.0
26760,0.0
26761,0.0
26762,0.0
26763,0.0
26764,0.0
26765,0.0
26766,0.0
26767,0.0
26768,0.0
26769,0.0
26770,0.0
26771,0.0
26772,0.0
26773,0.0
26774,0.0
26775,0.0
26776,0.0
26777,0.0
26778,0.0
26779,0.0
26780,0.0
26781,0.0
26782,0.0
26783,0.0
26784,0.0
26785,0.0
26786,0.0
26787,0.0
26788,0.0
26789,0.0
26790,0.0
26791,0.0
26792,0.0
26793,0.0
26794,0.0
26795,0.0
26796,0.0
26797,0.0
26798,0.0
26799,0.0
26800,0.0
26801,0.0
26802,0.0
26803,0.0
26804,0.0
26805,0.0
26806,0.0
26807,0.0
26808,0.0
26809,0.0
26810,0.0
26811,0.0
26812,0.0
26813,0.0
26814,0.0
26815,0.0
26816,0.0
26817,0.0
26818,0.0
26819,0.0
26820,0.0
26821,0.0
26822,0.0
26823,0.0
26824,0.0
26825,0.0
26826,0.0
26827,0.0
26828,0.0
26829,0.0
26830,0.0
26831,0.0
26832,0.0
26833,0.0
26834,0.0
26835,0.0
26836,0.0
26837,0.0
26838,0.0
26839,0.0
26840,0.0
26841,0.0
26842,0.0
26843,0.0
26844,0.0
26845,0.0
26846,0.0
26847,0.0
26848,0.0
26849,0.0
26850,0.0
26851,1302.1313399076462
26852,1953.1970098614693
26853,2604.2626798152924
26854,3255.3283497691154
26855,3906.3940197229385
26856,4557.459689676762
26857,5208.525359630585
26858,5859.591029584408
26859,6510.656699538231
26860,7161.722369492054
26861,7812.788039445877
26862,8463.8537093997
26863,9114.919379353523
26864,9765.985049307346
26865,10417.05071926117
26866,11068.116389214993
26867,11719.182059168816
26868,12370.247729122639
26869,13021.313399076462
26870,13672.379069030285
26871,14323.444738984108
26872,14974.510408937931
26873,15625.576078891754
26874,16276.641748845577
26875,16927.7074187994
26876,17578.773088753223
26877,18229.838758707047
26878,18880.90442866087
26879,19531.970098614693
26880,20183.035768568516
26881,20834.10143852234
26882,21485.167108476162
26883,22136.232778429985
26884,22787.298448383808
26885,23438.36411833763
26886,24089.429788291454
26887,24740.495458245277
26888,25391.5611281991
26889,26042.626798152924
26890,26693.692468106747
26891,27344.75813806057
26892,27995.823808014393
26893,28646.889477968216
26894,29297.95514792204
26895,29949.020817875862
26896,30600.086487829685
26897,31251.15215778351
26898,31902.21782773733
26899,32553.283497691154
26900,33204.34916764498
26901,33855.4148375988
26902,34506.480507552624
26903,35157.54617750645
26904,35808.61184746027
26905,36459.67751741409
26906,37110.743187367916
26907,37761.80885732174
26908,38412.87452727556
26909,39063.940197229385
26910,39715.00586718321
26911,40366.07153713703
26912,41017.137207090855
26913,41668.20287704468
26914,42319.2685469985
26915,42970.334216952324
26916,43621.39988690615
26917,44272.46555685997
26918,44923.53122681379
26919,45574.596896767616
26920,46225.66256672144
26921,46876.72823667526
26922,47527.793906629086
26923,48178.85957658291
26924,48829.92524653673
26925,49480.990916490555
26926,50132.05658644438
26927,50783.1222563982
26928,51434.187926352024
26929,52085.25359630585
26930,52736.31926625967
26931,53387.38493621349
26932,54038.45060616732
26933,54689.51627612114
26934,55340.58194607496
26935,55991.647616028786
26936,56642.71328598261
26937,57293.77895593643
26938,57944.844625890255
26939,58595.91029584408
26940,59246.9759657979
26941,59898.041635751724
26942,60549.10730570555
26943,61200.17297565937
26944,61851.23864561319
26945,62502.30431556702
26946,63153.36998552084
26947,63804.43565547466
26948,64455.501325428486
26949,65106.56699538231
26950,65757.63266533613
26951,66408.69833528996
26952,67059.76400524378
26953,67710.8296751976
26954,68361.89534515142
26955,69012.96101510525
26956,69664.02668505907
26957,70315.0923550129
26958,70966.15802496672
26959,71617.22369492054
26960,72268.28936487436
26961,72919.35503482819
26962,73570.42070478201
26963,74221.48637473583
26964,74872.55204468966
26965,75523.61771464348
26966,76174.6833845973
26967,76825.74905455112
26968,77476.81472450495
26969,78127.88039445877
26970,78778.9460644126
26971,79430.01173436642
26972,80081.07740432024
26973,80732.14307427406
26974,81383.20874422789
26975,82034.27441418171
26976,82685.34008413553
26977,83336.40575408936
26978,83987.47142404318
26979,84638.537093997
26980,85289.60276395082
26981,85940.66843390465
26982,86591.73410385847
26983,87242.7997738123
26984,87893.86544376612
26985,88544.93111371994
26986,89195.99678367376
26987,89847.06245362759
26988,90498.12812358141
26989,91149.19379353523
26990,91800.25946348906
26991,92451.32513344288
26992,93102.3908033967
26993,93753.45647335052
26994,94404.52214330435
26995,95055.58781325817
26996,95706.653483212
26997,96357.71915316582
26998,97008.78482311964
26999,97659.85049307346
27000,98310.91616302729
27001,14859.646191232736
27002,22289.469286849104
27003,29719.29238246547
27004,37149.11547808183
27005,44578.93857369821
27006,52008.761669314576
27007,59438.58476493094
27008,66868.4078605473
27009,74298.23095616366
27010,81728.05405178004
27011,89157.87714739642
27012,96587.70024301278
27013,104017.52333862915
27014,111447.34643424551
27015,118877.16952986189
27016,126306.99262547825
27017,133736.8157210946
27018,141166.63881671097
27019,148596.46191232733
27020,156026.28500794372
27021,163456.10810356008
27022,170885.93119917647
27023,178315.75429479283
27024,185745.5773904092
27025,193175.40048602555
27026,200605.2235816419
27027,208035.0466772583
27028,215464.86977287466
27029,222894.69286849102
27030,230324.51596410738
27031,237754.33905972377
27032,245184.16215534013
27033,252613.9852509565
27034,260043.80834657289
27035,267473.6314421892
27036,274903.45453780564
27037,282333.27763342194
27038,289763.10072903836
27039,297192.92382465466
27040,304622.7469202711
27041,312052.57001588744
27042,319482.3931115038
27043,326912.21620712016
27044,334342.0393027365
27045,341771.86239835294
27046,349201.68549396924
27047,356631.50858958566
27048,364061.331685202
27049,371491.1547808184
27050,378920.97787643474
27051,386350.8009720511
27052,393780.62406766746
27053,401210.4471632838
27054,408640.27025890024
27055,416070.0933545166
27056,423499.91645013297
27057,430929.7395457493
27058,438359.5626413657
27059,445789.38573698205
27060,453219.2088325984
27061,460649.03192821477
27062,468078.8550238311
27063,475508.67811944755
27064,482938.5012150639
27065,490368.32431068027
27066,497798.14740629663
27067,505227.970501913
27068,512657.79359752935
27069,520087.61669314577
27070,527517.439788762
27071,534947.2628843784
27072,542377.0859799949
27073,549806.9090756113
27074,557236.7321712276
27075,564666.5552668439
27076,572096.3783624603
27077,579526.2014580767
27078,586956.024553693
27079,594385.8476493093
27080,601815.6707449257
27081,609245.4938405422
27082,616675.3169361586
27083,624105.1400317749
27084,631534.9631273912
27085,638964.7862230076
27086,646394.609318624
27087,653824.4324142403
27088,661254.2555098567
27089,668684.078605473
27090,676113.9017010895
27091,683543.7247967059
27092,690973.5478923222
27093,698403.3709879385
27094,705833.1940835549
27095,713263.0171791713
27096,720692.8402747876
27097,728122.663370404
27098,735552.4864660203
27099,742982.3095616368
27100,750412.1326572532
27101,757841.9557528695
27102,765271.7788484858
27103,772701.6019441022
27104,780131.4250397186
27105,787561.2481353349
27106,794991.0712309513
27107,802420.8943265676
27108,809850.7174221841
27109,817280.5405178005
27110,824710.3636134168
27111,832140.1867090332
27112,839570.0098046495
27113,846999.8329002659
27114,854429.6559958822
27115,861859.4790914987
27116,869289.302187115
27117,876719.1252827314
27118,884148.9483783478
27119,891578.7714739641
27120,899008.5945695805
27121,906438.4176651968
27122,913868.2407608132
27123,921298.0638564295
27124,928727.886952046
27125,936157.7100476623
27126,943587.5331432787
27127,951017.3562388951
27128,958447.1793345114
27129,965877.0024301278
27130,973306.8255257441
27131,980736.6486213605
27132,988166.4717169768
27133,995596.2948125933
27134,1003026.1179082096
27135,1010455.941003826
27136,1017885.7640994424
27137,1025315.5871950587
27138,1032745.4102906751
27139,1040175.2333862915
27140,1047605.056481908
27141,1055034.879577524
27142,1062464.7026731404
27143,1069894.5257687569
27144,1077324.3488643733
27145,1084754.1719599897
27146,1092183.9950556061
27147,1099613.8181512225
27148,1107043.6412468387
27149,1114473.4643424551
27150,1121903.2874380713
27151,0.0
27152,0.0
27153,0.0
27154,0.0
27155,0.0
27156,0.0
27157,0.0
27158,0.0
27159,0.0
27160,0.0
27161,0.0
27162,0.0
27163,0.0
27164,0.0
27165,0.0
27166,0.0
27167,0.0
27168,0.0
27169,0.0
27170,0.0
27171,0.0
27172,0.0
27173,0.0
27174,0.0
27175,0.0
27176,0.0
27177,0.0
27178,0.0
27179,0.0
27180,0.0
27181,0.0
27182,0.0
27183,0.0
27184,0.0
27185,0.0
27186,0.0
27187,0.0
27188,0.0
27189,0.0
27190,0.0
27191,0.0
27192,0.0
27193,0.0
27194,0.0
27195,0.0
27196,0.0
27197,0.0
27198,0.0
27199,0.0
27200,0.0
27201,0.0
27202,0.0
27203,0.0
27204,0.0
27205,0.0
27206,0.0
27207,0.0
27208,0.0
27209,0.0
27210,0.0
27211,0.0
27212,0.0
27213,0.0
27214,0.0
27215,0.0
27216,0.0
27217,0.0
27218,0.0
27219,0.0
27220,0.0
27221,0.0
27222,0.0
27223,0.0
27224,0.0
27225,0.0
27226,0.0
27227,0.0
27228,0.0
27229,0.0
27230,0.0
27231,0.0
27232,0.0
27233,0.0
27234,0.0
27235,0.0
27236,0.0
27237,0.0
27238,0.0
27239,0.0
27240,0.0
27241,0.0
27242,0.0
27243,0.0
27244,0.0
27245,0.0
27246,0.0
27247,0.0
27248,0.0
27249,0.0
27250,0.0
27251,0.0
27252,0.0
27253,0.0
27254,0.0
27255,0.0
27256,0.0
27257,0.0
27258,0.0
27259,0.0
27260,0.0
27261,0.0
27262,0.0
27263,0.0
27264,0.0
27265,0.0
27266,0.0
27267,0.0
27268,0.0
27269,0.0
27270,0.0
27271,0.0
27272,0.0
27273,0.0
27274,0.0
27275,0.0
27276,0.0
27277,0.0
27278,0.0
27279,0.0
27280,0.0
27281,0.0
27282,0.0
27283,0.0
27284,0.0
27285,0.0
27286,0.0
27287,0.0
27288,0.0
27289,0.0
27290,0.0
27291,0.0
27292,0.0
27293,0.0
27294,0.0
27295,0.0
27296,0.0
27297,0.0
27298,0.0
27299,0.0
27300,0.0
27301,29.215627435135513
27302,43.82344115270327
27303,58.431254870271026
27304,73.03906858783878
27305,87.64688230540654
27306,102.2546960229743
27307,116.86250974054205
27308,131.47032345810982
27309,146.07813717567757
27310,160.68595089324532
27311,175.29376461081307
27312,189.90157832838085
27313,204.5093920459486
27314,219.11720576351635
27315,233.7250194810841
27316,248.33283319865185
27317,262.94064691621963
27318,277.5484606337874
27319,292.15627435135514
27320,306.7640880689229
27321,321.37190178649064
27322,335.9797155040584
27323,350.58752922162614
27324,365.1953429391939
27325,379.8031566567617
27326,394.41097037432945
27327,409.0187840918972
27328,423.62659780946495
27329,438.2344115270327
27330,452.84222524460046
27331,467.4500389621682
27332,482.05785267973596
27333,496.6656663973037
27334,511.27348011487146
27335,525.8812938324393
27336,540.489107550007
27337,555.0969212675748
27338,569.7047349851425
27339,584.3125487027103
27340,598.920362420278
27341,613.5281761378458
27342,628.1359898554135
27343,642.7438035729813
27344,657.351617290549
27345,671.9594310081168
27346,686.5672447256845
27347,701.1750584432523
27348,715.78287216082
27349,730.3906858783878
27350,744.9984995959556
27351,759.6063133135234
27352,774.2141270310912
27353,788.8219407486589
27354,803.4297544662267
27355,818.0375681837944
27356,832.6453819013622
27357,847.2531956189299
27358,861.8610093364977
27359,876.4688230540654
27360,891.0766367716332
27361,905.6844504892009
27362,920.2922642067687
27363,934.9000779243364
27364,949.5078916419042
27365,964.1157053594719
27366,978.7235190770398
27367,993.3313327946074
27368,1007.9391465121753
27369,1022.5469602297429
27370,1037.1547739473108
27371,1051.7625876648785
27372,1066.3704013824463
27373,1080.978215100014
27374,1095.5860288175818
27375,1110.1938425351495
27376,1124.8016562527173
27377,1139.409469970285
27378,1154.0172836878528
27379,1168.6250974054205
27380,1183.2329111229883
27381,1197.840724840556
27382,1212.4485385581238
27383,1227.0563522756916
27384,1241.6641659932593
27385,1256.271979710827
27386,1270.8797934283948
27387,1285.4876071459626
27388,1300.0954208635305
27389,1314.703234581098
27390,1329.311048298666
27391,1343.9188620162336
27392,1358.5266757338015
27393,1373.134489451369
27394,1387.742303168937
27395,1402.3501168865046
27396,1416.9579306040725
27397,1431.56574432164
27398,1446.173558039208
27399,1460.7813717567756
27400,1475.3891854743435
27401,1489.9969991919113
27402,1504.604812909479
27403,1519.2126266270468
27404,1533.8204403446146
27405,1548.4282540621823
27406,1563.03606777975
27407,1577.6438814973178
27408,1592.2516952148856
27409,1606.8595089324533
27410,1621.467322650021
27411,1636.0751363675888
27412,1650.6829500851566
27413,1665.2907638027243
27414,1679.898577520292
27415,1694.5063912378598
27416,1709.1142049554276
27417,1723.7220186729953
27418,1738.3298323905633
27419,1752.9376461081308
27420,1767.5454598256988
27421,1782.1532735432663
27422,1796.7610872608343
27423,1811.3689009784018
27424,1825.9767146959698
27425,1840.5845284135373
27426,1855.1923421311053
27427,1869.8001558486728
27428,1884.4079695662408
27429,1899.0157832838083
27430,1913.623597001376
27431,1928.2314107189438
27432,1942.8392244365118
27433,1957.4470381540796
27434,1972.054851871647
27435,1986.6626655892148
27436,2001.2704793067828
27437,2015.8782930243506
27438,2030.486106741918
27439,2045.0939204594858
27440,2059.701734177054
27441,2074.3095478946216
27442,2088.9173616121893
27443,2103.525175329757
27444,2118.132989047325
27445,2132.7408027648926
27446,2147.3486164824603
27447,2161.956430200028
27448,2176.564243917596
27449,2191.1720576351636
27450,2205.7798713527313
27451,87.39801347255707
27452,131.0970202088356
27453,174.79602694511414
27454,218.4950336813927
27455,262.1940404176712
27456,305.89304715394974
27457,349.59205389022827
27458,393.2910606265068
27459,436.9900673627854
27460,480.6890740990639
27461,524.3880808353424
27462,568.0870875716209
27463,611.7860943078995
27464,655.4851010441781
27465,699.1841077804565
27466,742.8831145167352
27467,786.5821212530136
27468,830.2811279892921
27469,873.9801347255708
27470,917.6791414618492
27471,961.3781481981277
27472,1005.0771549344064
27473,1048.7761616706848
27474,1092.4751684069633
27475,1136.1741751432419
27476,1179.8731818795206
27477,1223.572188615799
27478,1267.2711953520775
27479,1310.9702020883562
27480,1354.6692088246348
27481,1398.368215560913
27482,1442.0672222971916
27483,1485.7662290334704
27484,1529.4652357697487
27485,1573.1642425060272
27486,1616.863249242306
27487,1660.5622559785843
27488,1704.2612627148628
27489,1747.9602694511416
27490,1791.65927618742
27491,1835.3582829236984
27492,1879.0572896599772
27493,1922.7562963962555
27494,1966.455303132534
27495,2010.1543098688128
27496,2053.853316605091
27497,2097.5523233413696
27498,2141.251330077648
27499,2184.9503368139267
27500,2228.6493435502057
27501,2272.3483502864838
27502,2316.0473570227623
27503,2359.7463637590413
27504,2403.4453704953194
27505,2447.144377231598
27506,2490.843383967877
27507,2534.542390704155
27508,2578.2413974404335
27509,2621.9404041767125
27510,2665.6394109129906
27511,2709.3384176492696
27512,2753.0374243855476
27513,2796.736431121826
27514,2840.435437858105
27515,2884.1344445943832
27516,2927.833451330662
27517,2971.5324580669408
27518,3015.231464803219
27519,3058.9304715394974
27520,3102.6294782757764
27521,3146.3284850120544
27522,3190.027491748333
27523,3233.726498484612
27524,3277.42550522089
27525,3321.1245119571686
27526,3364.8235186934476
27527,3408.5225254297256
27528,3452.221532166004
27529,3495.920538902283
27530,3539.6195456385612
27531,3583.31855237484
27532,3627.0175591111188
27533,3670.716565847397
27534,3714.4155725836754
27535,3758.1145793199544
27536,3801.8135860562325
27537,3845.512592792511
27538,3889.21159952879
27539,3932.910606265068
27540,3976.6096130013466
27541,4020.3086197376256
27542,4064.0076264739037
27543,4107.706633210182
27544,4151.405639946461
27545,4195.104646682739
27546,4238.803653419018
27547,4282.502660155296
27548,4326.201666891576
27549,4369.900673627853
27550,4413.599680364132
27551,4457.298687100411
27552,4500.997693836689
27553,4544.6967005729675
27554,4588.395707309247
27555,4632.094714045525
27556,4675.793720781803
27557,4719.492727518083
27558,4763.19173425436
27559,4806.890740990639
27560,4850.589747726918
27561,4894.288754463196
27562,4937.987761199474
27563,4981.686767935754
27564,5025.385774672031
27565,5069.08478140831
27566,5112.783788144589
27567,5156.482794880867
27568,5200.1818016171455
27569,5243.880808353425
27570,5287.579815089703
27571,5331.278821825981
27572,5374.97782856226
27573,5418.676835298539
27574,5462.375842034817
27575,5506.074848771095
27576,5549.773855507375
27577,5593.472862243652
27578,5637.171868979931
27579,5680.87087571621
27580,5724.569882452488
27581,5768.2688891887665
27582,5811.967895925046
27583,5855.666902661324
27584,5899.365909397602
27585,5943.0649161338815
27586,5986.763922870159
27587,6030.462929606438
27588,6074.161936342717
27589,6117.860943078995
27590,6161.559949815273
27591,6205.258956551553
27592,6248.95796328783
27593,6292.656970024109
27594,6336.355976760388
27595,6380.054983496666
27596,6423.7539902329445
27597,6467.452996969224
27598,6511.152003705502
27599,6554.85101044178
27600,6598.5500171780595
27601,0.0
27602,0.0
27603,0.0
27604,0.0
27605,0.0
27606,0.0
27607,0.0
27608,0.0
27609,0.0
27610,0.0
27611,0.0
27612,0.0
27613,0.0
27614,0.0
27615,0.0
27616,0.0
27617,0.0
27618,0.0
27619,0.0
27620,0.0
27621,0.0
27622,0.0
27623,0.0
27624,0.0
27625,0.0
27626,0.0
27627,0.0
27628,0.0
27629,0.0
27630,0.0
27631,0.0
27632,0.0
27633,0.0
27634,0.0
27635,0.0
27636,0.0
27637,0.0
27638,0.0
27639,0.0
27640,0.0
27641,0.0
27642,0.0
27643,0.0
27644,0.0
27645,0.0
27646,0.0
27647,0.0
27648,0.0
27649,0.0
27650,0.0
27651,0.0
27652,0.0
27653,0.0
27654,0.0
27655,0.0
27656,0.0
27657,0.0
27658,0.0
27659,0.0
27660,0.0
27661,0.0
27662,0.0
27663,0.0
27664,0.0
27665,0.0
27666,0.0
27667,0.0
27668,0.0
27669,0.0
27670,0.0
27671,0.0
27672,0.0
27673,0.0
27674,0.0
27675,0.0
27676,0.0
27677,0.0
27678,0.0
27679,0.0
27680,0.0
27681,0.0
27682,0.0
27683,0.0
27684,0.0
27685,0.0
27686,0.0
27687,0.0
27688,0.0
27689,0.0
27690,0.0
27691,0.0
27692,0.0
27693,0.0
27694,0.0
27695,0.0
27696,0.0
27697,0.0
27698,0.0
27699,0.0
27700,0.0
27701,0.0
27702,0.0
27703,0.0
27704,0.0
27705,0.0
27706,0.0
27707,0.0
27708,0.0
27709,0.0
27710,0.0
27711,0.0
27712,0.0
27713,0.0
27714,0.0
27715,0.0
27716,0.0
27717,0.0
27718,0.0
27719,0.0
27720,0.0
27721,0.0
27722,0.0
27723,0.0
27724,0.0
27725,0.0
27726,0.0
27727,0.0
27728,0.0
27729,0.0
27730,0.0
27731,0.0
27732,0.0
27733,0.0
27734,0.0
27735,0.0
27736,0.0
27737,0.0
27738,0.0
27739,0.0
27740,0.0
27741,0.0
27742,0.0
27743,0.0
27744,0.0
27745,0.0
27746,0.0
27747,0.0
27748,0.0
27749,0.0
27750,0.0
27751,15.693826250834007
27752,23.54073937625101
27753,31.387652501668015
27754,39.23456562708502
27755,47.08147875250202
27756,54.928391877919026
27757,62.77530500333603
27758,70.62221812875303
27759,78.46913125417004
27760,86.31604437958705
27761,94.16295750500404
27762,102.00987063042105
27763,109.85678375583805
27764,117.70369688125506
27765,125.55061000667206
27766,133.39752313208908
27767,141.24443625750607
27768,149.09134938292308
27769,156.93826250834007
27770,164.78517563375706
27771,172.6320887591741
27772,180.4790018845911
27773,188.3259150100081
27774,196.1728281354251
27775,204.0197412608421
27776,211.8666543862591
27777,219.7135675116761
27778,227.56048063709312
27779,235.4073937625101
27780,243.25430688792713
27781,251.10122001334412
27782,258.94813313876114
27783,266.79504626417815
27784,274.6419593895951
27785,282.48887251501213
27786,290.33578564042915
27787,298.18269876584617
27788,306.02961189126313
27789,313.87652501668015
27790,321.72343814209717
27791,329.5703512675141
27792,337.41726439293114
27793,345.2641775183482
27794,353.1110906437652
27795,360.9580037691822
27796,368.80491689459916
27797,376.6518300200162
27798,384.4987431454332
27799,392.3456562708502
27800,400.1925693962672
27801,408.0394825216842
27802,415.8863956471012
27803,423.7333087725182
27804,431.5802218979352
27805,439.4271350233522
27806,447.27404814876917
27807,455.12096127418624
27808,462.96787439960326
27809,470.8147875250202
27810,478.66170065043724
27811,486.50861377585426
27812,494.3555269012713
27813,502.20244002668824
27814,510.04935315210525
27815,517.8962662775223
27816,525.7431794029393
27817,533.5900925283563
27818,541.4370056537732
27819,549.2839187791902
27820,557.1308319046074
27821,564.9777450300243
27822,572.8246581554413
27823,580.6715712808583
27824,588.5184844062752
27825,596.3653975316923
27826,604.2123106571094
27827,612.0592237825263
27828,619.9061369079433
27829,627.7530500333603
27830,635.5999631587773
27831,643.4468762841943
27832,651.2937894096113
27833,659.1407025350283
27834,666.9876156604453
27835,674.8345287858623
27836,682.6814419112794
27837,690.5283550366964
27838,698.3752681621133
27839,706.2221812875304
27840,714.0690944129474
27841,721.9160075383644
27842,729.7629206637813
27843,737.6098337891983
27844,745.4567469146153
27845,753.3036600400324
27846,761.1505731654494
27847,768.9974862908664
27848,776.8443994162834
27849,784.6913125417004
27850,792.5382256671173
27851,800.3851387925343
27852,808.2320519179514
27853,816.0789650433684
27854,823.9258781687853
27855,831.7727912942024
27856,839.6197044196194
27857,847.4666175450365
27858,855.3135306704535
27859,863.1604437958704
27860,871.0073569212874
27861,878.8542700467044
27862,886.7011831721214
27863,894.5480962975383
27864,902.3950094229555
27865,910.2419225483725
27866,918.0888356737895
27867,925.9357487992065
27868,933.7826619246234
27869,941.6295750500404
27870,949.4764881754575
27871,957.3234013008745
27872,965.1703144262914
27873,973.0172275517085
27874,980.8641406771255
27875,988.7110538025426
27876,996.5579669279595
27877,1004.4048800533765
27878,1012.2517931787935
27879,1020.0987063042105
27880,1027.9456194296274
27881,1035.7925325550445
27882,1043.6394456804617
27883,1051.4863588058786
27884,1059.3332719312955
27885,1067.1801850567126
27886,1075.0270981821295
27887,1082.8740113075464
27888,1090.7209244329636
27889,1098.5678375583805
27890,1106.4147506837976
27891,1114.2616638092147
27892,1122.1085769346316
27893,1129.9554900600485
27894,1137.8024031854657
27895,1145.6493163108826
27896,1153.4962294362995
27897,1161.3431425617166
27898,1169.1900556871335
27899,1177.0369688125504
27900,1184.8838819379675
27901,289.7558845414056
27902,434.6338268121084
27903,579.5117690828112
27904,724.389711353514
27905,869.2676536242168
27906,1014.1455958949197
27907,1159.0235381656223
27908,1303.901480436325
27909,1448.779422707028
27910,1593.6573649777308
27911,1738.5353072484336
27912,1883.4132495191363
27913,2028.2911917898393
27914,2173.169134060542
27915,2318.0470763312446
27916,2462.9250186019476
27917,2607.80296087265
27918,2752.680903143353
27919,2897.558845414056
27920,3042.4367876847587
27921,3187.3147299554616
27922,3332.1926722261646
27923,3477.070614496867
27924,3621.9485567675697
27925,3766.8264990382727
27926,3911.704441308975
27927,4056.5823835796787
27928,4201.460325850381
27929,4346.338268121084
27930,4491.216210391787
27931,4636.094152662489
27932,4780.972094933192
27933,4925.850037203895
27934,5070.727979474597
27935,5215.6059217453
27936,5360.483864016004
27937,5505.361806286706
27938,5650.239748557409
27939,5795.117690828112
27940,5939.995633098814
27941,6084.873575369517
27942,6229.75151764022
27943,6374.629459910923
27944,6519.507402181626
27945,6664.385344452329
27946,6809.26328672303
27947,6954.141228993734
27948,7099.019171264437
27949,7243.897113535139
27950,7388.775055805843
27951,7533.652998076545
27952,7678.530940347248
27953,7823.40888261795
27954,7968.286824888654
27955,8113.164767159357
27956,8258.04270943006
27957,8402.920651700762
27958,8547.798593971465
27959,8692.676536242168
27960,8837.55447851287
27961,8982.432420783574
27962,9127.310363054276
27963,9272.188305324979
27964,9417.066247595683
27965,9561.944189866384
27966,9706.822132137087
27967,9851.70007440779
27968,9996.578016678493
27969,10141.455958949195
27970,10286.3339012199
27971,10431.2118434906
27972,10576.089785761304
27973,10720.967728032008
27974,10865.84567030271
27975,11010.723612573413
27976,11155.601554844116
27977,11300.479497114819
27978,11445.35743938552
27979,11590.235381656224
27980,11735.113323926927
27981,11879.991266197629
27982,12024.869208468333
27983,12169.747150739035
27984,12314.625093009738
27985,12459.50303528044
27986,12604.380977551144
27987,12749.258919821847
27988,12894.13686209255
27989,13039.014804363253
27990,13183.892746633954
27991,13328.770688904659
27992,13473.64863117536
27993,13618.52657344606
27994,13763.404515716766
27995,13908.282457987469
27996,14053.160400258172
27997,14198.038342528875
27998,14342.916284799576
27999,14487.794227070279
28000,14632.672169340984
28001,14777.550111611687
28002,14922.428053882386
28003,15067.30599615309
28004,15212.183938423794
28005,15357.061880694497
28006,15501.9398229652
28007,15646.8177652359
28008,15791.695707506604
28009,15936.573649777309
28010,16081.451592048012
28011,16226.329534318715
28012,16371.207476589416
28013,16516.08541886012
28014,16660.963361130824
28015,16805.841303401525
28016,16950.719245672226
28017,17095.59718794293
28018,17240.475130213632
28019,17385.353072484337
28020,17530.23101475504
28021,17675.10895702574
28022,17819.986899296444
28023,17964.86484156715
28024,18109.74278383785
28025,18254.62072610855
28026,18399.498668379256
28027,18544.376610649957
28028,18689.25455292066
28029,18834.132495191367
28030,18979.010437462064
28031,19123.88837973277
28032,19268.766322003474
28033,19413.644264274175
28034,19558.522206544876
28035,19703.40014881558
28036,19848.278091086282
28037,19993.156033356987
28038,20138.03397562769
28039,20282.91191789839
28040,20427.789860169094
28041,20572.6678024398
28042,20717.5457447105
28043,20862.4236869812
28044,21007.301629251906
28045,21152.179571522607
28046,21297.057513793312
28047,21441.935456064017
28048,21586.813398334714
28049,21731.69134060542
28050,21876.569282876124
28051,0.0
28052,0.0
28053,0.0
28054,0.0
28055,0.0
28056,0.0
28057,0.0
28058,0.0
28059,0.0
28060,0.0
28061,0.0
28062,0.0
28063,0.0
28064,0.0
28065,0.0
28066,0.0
28067,0.0
28068,0.0
28069,0.0
28070,0.0
28071,0.0
28072,0.0
28073,0.0
28074,0.0
28075,0.0
28076,0.0
28077,0.0
28078,0.0
28079,0.0
28080,0.0
28081,0.0
28082,0.0
28083,0.0
28084,0.0
28085,0.0
28086,0.0
28087,0.0
28088,0.0
28089,0.0
28090,0.0
28091,0.0
28092,0.0
28093,0.0
28094,0.0
28095,0.0
28096,0.0
28097,0.0
28098,0.0
28099,0.0
28100,0.0
28101,0.0
28102,0.0
28103,0.0
28104,0.0
28105,0.0
28106,0.0
28107,0.0
28108,0.0
28109,0.0
28110,0.0
28111,0.0
28112,0.0
28113,0.0
28114,0.0
28115,0.0
28116,0.0
28117,0.0
28118,0.0
28119,0.0
28120,0.0
28121,0.0
28122,0.0
28123,0.0
28124,0.0
28125,0.0
28126,0.0
28127,0.0
28128,0.0
28129,0.0
28130,0.0
28131,0.0
28132,0.0
28133,0.0
28134,0.0
28135,0.0
28136,0.0
28137,0.0
28138,0.0
28139,0.0
28140,0.0
28141,0.0
28142,0.0
28143,0.0
28144,0.0
28145,0.0
28146,0.0
28147,0.0
28148,0.0
28149,0.0
28150,0.0
28151,0.0
28152,0.0
28153,0.0
28154,0.0
28155,0.0
28156,0.0
28157,0.0
28158,0.0
28159,0.0
28160,0.0
28161,0.0
28162,0.0
28163,0.0
28164,0.0
28165,0.0
28166,0.0
28167,0.0
28168,0.0
28169,0.0
28170,0.0
28171,0.0
28172,0.0
28173,0.0
28174,0.0
28175,0.0
28176,0.0
28177,0.0
28178,0.0
28179,0.0
28180,0.0
28181,0.0
28182,0.0
28183,0.0
28184,0.0
28185,0.0
28186,0.0
28187,0.0
28188,0.0
28189,0.0
28190,0.0
28191,0.0
28192,0.0
28193,0.0
28194,0.0
28195,0.0
28196,0.0
28197,0.0
28198,0.0
28199,0.0
28200,0.0
28201,46.004998948838974
28202,69.00749842325847
28203,92.00999789767795
28204,115.01249737209744
28205,138.01499684651694
28206,161.01749632093643
28207,184.0199957953559
28208,207.0224952697754
28209,230.02499474419488
28210,253.02749421861435
28211,276.0299936930339
28212,299.0324931674533
28213,322.03499264187286
28214,345.0374921162923
28215,368.0399915907118
28216,391.04249106513134
28217,414.0449905395508
28218,437.0474900139703
28219,460.04998948838977
28220,483.0524889628092
28221,506.0549884372287
28222,529.0574879116482
28223,552.0599873860677
28224,575.0624868604873
28225,598.0649863349066
28226,621.0674858093262
28227,644.0699852837457
28228,667.0724847581652
28229,690.0749842325846
28230,713.0774837070041
28231,736.0799831814236
28232,759.0824826558431
28233,782.0849821302627
28234,805.087481604682
28235,828.0899810791016
28236,851.0924805535211
28237,874.0949800279406
28238,897.09747950236
28239,920.0999789767795
28240,943.102478451199
28241,966.1049779256184
28242,989.107477400038
28243,1012.1099768744574
28244,1035.112476348877
28245,1058.1149758232964
28246,1081.117475297716
28247,1104.1199747721355
28248,1127.122474246555
28249,1150.1249737209746
28250,1173.1274731953938
28251,1196.1299726698132
28252,1219.132472144233
28253,1242.1349716186523
28254,1265.1374710930718
28255,1288.1399705674914
28256,1311.1424700419109
28257,1334.1449695163303
28258,1357.14746899075
28259,1380.1499684651692
28260,1403.1524679395886
28261,1426.1549674140083
28262,1449.1574668884277
28263,1472.1599663628472
28264,1495.1624658372668
28265,1518.1649653116863
28266,1541.1674647861057
28267,1564.1699642605254
28268,1587.1724637349446
28269,1610.174963209364
28270,1633.1774626837837
28271,1656.1799621582031
28272,1679.1824616326226
28273,1702.1849611070422
28274,1725.1874605814617
28275,1748.189960055881
28276,1771.1924595303008
28277,1794.19495900472
28278,1817.1974584791394
28279,1840.199957953559
28280,1863.2024574279785
28281,1886.204956902398
28282,1909.2074563768176
28283,1932.2099558512368
28284,1955.2124553256565
28285,1978.214954800076
28286,2001.2174542744956
28287,2024.2199537489148
28288,2047.2224532233347
28289,2070.224952697754
28290,2093.227452172174
28291,2116.229951646593
28292,2139.232451121012
28293,2162.234950595432
28294,2185.237450069851
28295,2208.239949544271
28296,2231.2424490186904
28297,2254.24494849311
28298,2277.2474479675293
28299,2300.249947441949
28300,2323.252446916368
28301,2346.2549463907876
28302,2369.2574458652075
28303,2392.2599453396265
28304,2415.2624448140464
28305,2438.264944288466
28306,2461.2674437628853
28307,2484.2699432373047
28308,2507.2724427117246
28309,2530.2749421861436
28310,2553.277441660563
28311,2576.279941134983
28312,2599.282440609402
28313,2622.2849400838218
28314,2645.287439558241
28315,2668.2899390326606
28316,2691.29243850708
28317,2714.2949379815
28318,2737.297437455919
28319,2760.2999369303384
28320,2783.3024364047583
28321,2806.3049358791773
28322,2829.307435353597
28323,2852.3099348280166
28324,2875.312434302436
28325,2898.3149337768555
28326,2921.3174332512754
28327,2944.3199327256943
28328,2967.322432200114
28329,2990.3249316745337
28330,3013.3274311489527
28331,3036.3299306233725
28332,3059.332430097792
28333,3082.3349295722114
28334,3105.337429046631
28335,3128.3399285210508
28336,3151.3424279954697
28337,3174.344927469889
28338,3197.347426944309
28339,3220.349926418728
28340,3243.352425893148
28341,3266.3549253675674
28342,3289.357424841987
28343,3312.3599243164062
28344,3335.362423790826
28345,3358.364923265245
28346,3381.3674227396646
28347,3404.3699222140845
28348,3427.3724216885034
28349,3450.3749211629233
28350,3473.3774206373428
28351,4604.911523222923
28352,6907.367284834385
28353,9209.823046445847
28354,11512.278808057308
28355,13814.73456966877
28356,16117.190331280231
28357,18419.646092891693
28358,20722.101854503155
28359,23024.557616114616
28360,25327.013377726078
28361,27629.46913933754
28362,29931.924900949
28363,32234.380662560463
28364,34536.836424171925
28365,36839.292185783386
28366,39141.74794739485
28367,41444.20370900631
28368,43746.65947061777
28369,46049.11523222923
28370,48351.570993840694
28371,50654.026755452156
28372,52956.48251706362
28373,55258.93827867508
28374,57561.39404028654
28375,59863.849801898
28376,62166.305563509464
28377,64468.761325120926
28378,66771.21708673239
28379,69073.67284834385
28380,71376.12860995531
28381,73678.58437156677
28382,75981.04013317823
28383,78283.4958947897
28384,80585.95165640116
28385,82888.40741801262
28386,85190.86317962408
28387,87493.31894123554
28388,89795.774702847
28389,92098.23046445847
28390,94400.68622606993
28391,96703.14198768139
28392,99005.59774929285
28393,101308.05351090431
28394,103610.50927251577
28395,105912.96503412724
28396,108215.4207957387
28397,110517.87655735016
28398,112820.33231896162
28399,115122.78808057308
28400,117425.24384218454
28401,119727.699603796
28402,122030.15536540747
28403,124332.61112701893
28404,126635.06688863039
28405,128937.52265024185
28406,131239.9784118533
28407,133542.43417346478
28408,135844.88993507624
28409,138147.3456966877
28410,140449.80145829916
28411,142752.25721991062
28412,145054.71298152208
28413,147357.16874313354
28414,149659.624504745
28415,151962.08026635647
28416,154264.53602796793
28417,156566.9917895794
28418,158869.44755119085
28419,161171.90331280231
28420,163474.35907441378
28421,165776.81483602524
28422,168079.2705976367
28423,170381.72635924816
28424,172684.18212085962
28425,174986.63788247108
28426,177289.09364408255
28427,179591.549405694
28428,181894.00516730547
28429,184196.46092891693
28430,186498.9166905284
28431,188801.37245213985
28432,191103.82821375132
28433,193406.28397536278
28434,195708.73973697424
28435,198011.1954985857
28436,200313.65126019716
28437,202616.10702180862
28438,204918.5627834201
28439,207221.01854503155
28440,209523.474306643
28441,211825.93006825447
28442,214128.38582986593
28443,216430.8415914774
28444,218733.29735308886
28445,221035.75311470032
28446,223338.20887631178
28447,225640.66463792324
28448,227943.1203995347
28449,230245.57616114616
28450,232548.03192275763
28451,234850.4876843691
28452,237152.94344598055
28453,239455.399207592
28454,241757.85496920347
28455,244060.31073081493
28456,246362.7664924264
28457,248665.22225403786
28458,250967.67801564932
28459,253270.13377726078
28460,255572.58953887224
28461,257875.0453004837
28462,260177.50106209517
28463,262479.9568237066
28464,264782.4125853181
28465,267084.86834692955
28466,269387.324108541
28467,271689.7798701525
28468,273992.23563176394
28469,276294.6913933754
28470,278597.14715498686
28471,280899.6029165983
28472,283202.0586782098
28473,285504.51443982124
28474,287806.9702014327
28475,290109.42596304417
28476,292411.8817246556
28477,294714.3374862671
28478,297016.79324787855
28479,299319.24900949
28480,301621.7047711015
28481,303924.16053271294
28482,306226.6162943244
28483,308529.07205593586
28484,310831.5278175473
28485,313133.9835791588
28486,315436.43934077024
28487,317738.8951023817
28488,320041.35086399317
28489,322343.80662560463
28490,324646.2623872161
28491,326948.71814882755
28492,329251.173910439
28493,331553.6296720505
28494,333856.08543366194
28495,336158.5411952734
28496,338460.99695688486
28497,340763.4527184963
28498,343065.9084801078
28499,345368.36424171925
28500,347670.8200033307
28501,2379.539631207784
28502,3569.309446811676
28503,4759.079262415568
28504,5948.84907801946
28505,7138.618893623352
28506,8328.388709227245
28507,9518.158524831137
28508,10707.928340435028
28509,11897.69815603892
28510,13087.467971642813
28511,14277.237787246704
28512,15467.007602850596
28513,16656.77741845449
28514,17846.54723405838
28515,19036.317049662273
28516,20226.086865266163
28517,21415.856680870056
28518,22605.62649647395
28519,23795.39631207784
28520,24985.166127681736
28521,26174.935943285625
28522,27364.70575888952
28523,28554.47557449341
28524,29744.2453900973
28525,30934.01520570119
28526,32123.785021305084
28527,33313.55483690898
28528,34503.32465251287
28529,35693.09446811676
28530,36882.86428372065
28531,38072.63409932455
28532,39262.40391492844
28533,40452.173730532326
28534,41641.94354613622
28535,42831.71336174011
28536,44021.48317734401
28537,45211.2529929479
28538,46401.02280855179
28539,47590.79262415568
28540,48780.562439759575
28541,49970.33225536347
28542,51160.102070967354
28543,52349.87188657125
28544,53539.64170217514
28545,54729.41151777904
28546,55919.18133338293
28547,57108.95114898682
28548,58298.72096459071
28549,59488.4907801946
28550,60678.2605957985
28551,61868.03041140238
28552,63057.80022700627
28553,64247.57004261017
28554,65437.339858214065
28555,66627.10967381796
28556,67816.87948942186
28557,69006.64930502574
28558,70196.41912062962
28559,71386.18893623352
28560,72575.95875183742
28561,73765.7285674413
28562,74955.4983830452
28563,76145.2681986491
28564,77335.03801425299
28565,78524.80782985689
28566,79714.57764546077
28567,80904.34746106465
28568,82094.11727666855
28569,83283.88709227245
28570,84473.65690787633
28571,85663.42672348022
28572,86853.19653908412
28573,88042.96635468802
28574,89232.73617029192
28575,90422.5059858958
28576,91612.27580149968
28577,92802.04561710358
28578,93991.81543270747
28579,95181.58524831136
28580,96371.35506391525
28581,97561.12487951915
28582,98750.89469512305
28583,99940.66451072694
28584,101130.43432633083
28585,102320.20414193471
28586,103509.9739575386
28587,104699.7437731425
28588,105889.5135887464
28589,107079.28340435028
28590,108269.05321995418
28591,109458.82303555807
28592,110648.59285116197
28593,111838.36266676585
28594,113028.13248236974
28595,114217.90229797363
28596,115407.67211357753
28597,116597.44192918143
28598,117787.21174478531
28599,118976.9815603892
28600,120166.7513759931
28601,121356.521191597
28602,122546.29100720088
28603,123736.06082280476
28604,124925.83063840866
28605,126115.60045401254
28606,127305.37026961644
28607,128495.14008522034
28608,129684.90990082423
28609,130874.67971642813
28610,132064.449532032
28611,133254.21934763592
28612,134443.9891632398
28613,135633.75897884372
28614,136823.52879444757
28615,138013.29861005148
28616,139203.06842565536
28617,140392.83824125925
28618,141582.60805686316
28619,142772.37787246704
28620,143962.14768807095
28621,145151.91750367483
28622,146341.68731927875
28623,147531.4571348826
28624,148721.2269504865
28625,149910.9967660904
28626,151100.76658169428
28627,152290.5363972982
28628,153480.30621290207
28629,154670.07602850598
28630,155859.84584410986
28631,157049.61565971377
28632,158239.38547531763
28633,159429.15529092154
28634,160618.92510652542
28635,161808.6949221293
28636,162998.46473773321
28637,164188.2345533371
28638,165378.004368941
28639,166567.7741845449
28640,167757.5440001488
28641,168947.31381575266
28642,170137.08363135657
28643,171326.85344696045
28644,172516.62326256433
28645,173706.39307816824
28646,174896.16289377213
28647,176085.93270937604
28648,177275.70252497992
28649,178465.47234058383
28650,179655.24215618768
28651,709.9714018821716
28652,1064.9571028232574
28653,1419.9428037643431
28654,1774.928504705429
28655,2129.914205646515
28656,2484.899906587601
28657,2839.8856075286863
28658,3194.871308469772
28659,3549.857009410858
28660,3904.842710351944
28661,4259.82841129303
28662,4614.814112234115
28663,4969.799813175202
28664,5324.785514116287
28665,5679.7712150573725
28666,6034.756915998459
28667,6389.742616939544
28668,6744.72831788063
28669,7099.714018821716
28670,7454.699719762802
28671,7809.685420703888
28672,8164.671121644974
28673,8519.65682258606
28674,8874.642523527145
28675,9229.62822446823
28676,9584.613925409316
28677,9939.599626350404
28678,10294.585327291488
28679,10649.571028232574
28680,11004.55672917366
28681,11359.542430114745
28682,11714.528131055831
28683,12069.513831996917
28684,12424.499532938002
28685,12779.485233879088
28686,13134.470934820176
28687,13489.45663576126
28688,13844.442336702346
28689,14199.428037643433
28690,14554.413738584517
28691,14909.399439525603
28692,15264.38514046669
28693,15619.370841407776
28694,15974.356542348862
28695,16329.342243289948
28696,16684.327944231034
28697,17039.31364517212
28698,17394.299346113203
28699,17749.28504705429
28700,18104.270747995375
28701,18459.25644893646
28702,18814.242149877547
28703,19169.227850818632
28704,19524.213551759716
28705,19879.199252700808
28706,20234.184953641892
28707,20589.170654582977
28708,20944.156355524065
28709,21299.14205646515
28710,21654.127757406233
28711,22009.11345834732
28712,22364.099159288406
28713,22719.08486022949
28714,23074.070561170578
28715,23429.056262111662
28716,23784.041963052747
28717,24139.027663993835
28718,24494.01336493492
28719,24848.999065876003
28720,25203.98476681709
28721,25558.970467758176
28722,25913.956168699264
28723,26268.94186964035
28724,26623.927570581436
28725,26978.91327152252
28726,27333.89897246361
28727,27688.884673404693
28728,28043.870374345777
28729,28398.856075286865
28730,28753.84177622795
28731,29108.827477169034
28732,29463.813178110122
28733,29818.798879051206
28734,30173.78457999229
28735,30528.77028093338
28736,30883.755981874463
28737,31238.74168281555
28738,31593.72738375664
28739,31948.713084697723
28740,32303.698785638804
28741,32658.684486579896
28742,33013.67018752098
28743,33368.65588846207
28744,33723.641589403145
28745,34078.62729034424
28746,34433.61299128533
28747,34788.598692226406
28748,35143.5843931675
28749,35498.57009410858
28750,35853.555795049666
28751,36208.54149599075
28752,36563.52719693184
28753,36918.51289787292
28754,37273.49859881401
28755,37628.484299755095
28756,37983.47000069618
28757,38338.455701637264
28758,38693.441402578355
28759,39048.42710351943
28760,39403.412804460524
28761,39758.398505401616
28762,40113.38420634269
28763,40468.369907283784
28764,40823.35560822487
28765,41178.34130916595
28766,41533.32701010704
28767,41888.31271104813
28768,42243.298411989206
28769,42598.2841129303
28770,42953.26981387138
28771,43308.25551481247
28772,43663.24121575355
28773,44018.22691669464
28774,44373.21261763572
28775,44728.19831857681
28776,45083.184019517896
28777,45438.16972045898
28778,45793.15542140007
28779,46148.141122341156
28780,46503.12682328224
28781,46858.112524223325
28782,47213.09822516442
28783,47568.08392610549
28784,47923.069627046585
28785,48278.05532798767
28786,48633.041028928754
28787,48988.02672986984
28788,49343.01243081093
28789,49697.99813175201
28790,50052.9838326931
28791,50407.96953363418
28792,50762.95523457527
28793,51117.94093551635
28794,51472.92663645744
28795,51827.91233739853
28796,52182.89803833961
28797,52537.8837392807
28798,52892.86944022178
28799,53247.85514116287
28800,53602.84084210396
28801,91.61490430434546
28802,137.42235645651817
28803,183.22980860869092
28804,229.0372607608636
28805,274.84471291303635
28806,320.6521650652091
28807,366.45961721738183
28808,412.2670693695545
28809,458.0745215217272
28810,503.8819736739
28811,549.6894258260727
28812,595.4968779782454
28813,641.3043301304182
28814,687.1117822825909
28815,732.9192344347637
28816,778.7266865869364
28817,824.534138739109
28818,870.3415908912817
28819,916.1490430434544
28820,961.9564951956273
28821,1007.7639473478
28822,1053.5713994999728
28823,1099.3788516521454
28824,1145.1863038043182
28825,1190.9937559564908
28826,1236.8012081086636
28827,1282.6086602608364
28828,1328.4161124130092
28829,1374.2235645651817
28830,1420.0310167173545
28831,1465.8384688695273
28832,1511.6459210217001
28833,1557.4533731738727
28834,1603.2608253260455
28835,1649.068277478218
28836,1694.8757296303909
28837,1740.6831817825635
28838,1786.4906339347363
28839,1832.2980860869088
28840,1878.1055382390819
28841,1923.9129903912547
28842,1969.7204425434272
28843,2015.5278946956
28844,2061.3353468477726
28845,2107.1427989999456
28846,2152.950251152118
28847,2198.7577033042908
28848,2244.565155456464
28849,2290.3726076086364
28850,2336.180059760809
28851,2381.9875119129815
28852,2427.7949640651545
28853,2473.602416217327
28854,2519.4098683695
28855,2565.2173205216727
28856,2611.0247726738453
28857,2656.8322248260183
28858,2702.639676978191
28859,2748.4471291303635
28860,2794.254581282536
28861,2840.062033434709
28862,2885.8694855868816
28863,2931.6769377390547
28864,2977.4843898912272
28865,3023.2918420434003
28866,3069.0992941955724
28867,3114.9067463477454
28868,3160.714198499918
28869,3206.521650652091
28870,3252.329102804263
28871,3298.136554956436
28872,3343.944007108609
28873,3389.7514592607818
28874,3435.558911412955
28875,3481.366363565127
28876,3527.1738157173
28877,3572.9812678694725
28878,3618.7887200216455
28879,3664.5961721738176
28880,3710.4036243259907
28881,3756.2110764781637
28882,3802.0185286303363
28883,3847.8259807825093
28884,3893.6334329346814
28885,3939.4408850868545
28886,3985.248337239027
28887,4031.0557893912
28888,4076.863241543373
28889,4122.670693695545
28890,4168.478145847718
28891,4214.285597999891
28892,4260.093050152063
28893,4305.900502304236
28894,4351.7079544564085
28895,4397.5154066085815
28896,4443.322858760755
28897,4489.130310912928
28898,4534.9377630651
28899,4580.745215217273
28900,4626.552667369446
28901,4672.360119521618
28902,4718.167571673791
28903,4763.975023825963
28904,4809.782475978136
28905,4855.589928130309
28906,4901.397380282482
28907,4947.204832434654
28908,4993.012284586827
28909,5038.819736739
28910,5084.627188891172
28911,5130.434641043345
28912,5176.242093195518
28913,5222.049545347691
28914,5267.856997499864
28915,5313.664449652037
28916,5359.471901804209
28917,5405.279353956382
28918,5451.086806108555
28919,5496.894258260727
28920,5542.7017104129
28921,5588.509162565072
28922,5634.316614717245
28923,5680.124066869418
28924,5725.931519021591
28925,5771.738971173763
28926,5817.546423325936
28927,5863.353875478109
28928,5909.161327630281
28929,5954.9687797824545
28930,6000.7762319346275
28931,6046.5836840868005
28932,6092.391136238972
28933,6138.198588391145
28934,6184.006040543318
28935,6229.813492695491
28936,6275.620944847664
28937,6321.428396999836
28938,6367.235849152009
28939,6413.043301304182
28940,6458.850753456355
28941,6504.658205608526
28942,6550.465657760699
28943,6596.273109912872
28944,6642.080562065045
28945,6687.888014217218
28946,6733.6954663693905
28947,6779.5029185215635
28948,6825.3103706737365
28949,6871.11782282591
28950,6916.925274978081
28951,70.6067743897438
28952,105.91016158461572
28953,141.2135487794876
28954,176.51693597435954
28955,211.82032316923144
28956,247.12371036410337
28957,282.4270975589752
28958,317.7304847538471
28959,353.0338719487191
28960,388.337259143591
28961,423.6406463384629
28962,458.94403353333473
28963,494.24742072820675
28964,529.5508079230787
28965,564.8541951179504
28966,600.1575823128223
28967,635.4609695076942
28968,670.7643567025663
28969,706.0677438974382
28970,741.37113109231
28971,776.674518287182
28972,811.9779054820539
28973,847.2812926769258
28974,882.5846798717976
28975,917.8880670666695
28976,953.1914542615414
28977,988.4948414564135
28978,1023.7982286512853
28979,1059.1016158461573
28980,1094.4050030410292
28981,1129.7083902359009
28982,1165.0117774307728
28983,1200.3151646256447
28984,1235.6185518205166
28985,1270.9219390153885
28986,1306.2253262102606
28987,1341.5287134051325
28988,1376.8321006000044
28989,1412.1354877948763
28990,1447.438874989748
28991,1482.74226218462
28992,1518.0456493794918
28993,1553.349036574364
28994,1588.6524237692358
28995,1623.9558109641077
28996,1659.2591981589796
28997,1694.5625853538515
28998,1729.8659725487234
28999,1765.1693597435951
29000,1800.472746938467
29001,1835.776134133339
29002,1871.079521328211
29003,1906.3829085230827
29004,1941.6862957179549
29005,1976.989682912827
29006,2012.2930701076987
29007,2047.5964573025706
29008,2082.8998444974422
29009,2118.2032316923146
29010,2153.506618887186
29011,2188.8100060820584
29012,2224.11339327693
29013,2259.4167804718018
29014,2294.720167666674
29015,2330.0235548615456
29016,2365.326942056418
29017,2400.6303292512894
29018,2435.9337164461617
29019,2471.237103641033
29020,2506.5404908359055
29021,2541.843878030777
29022,2577.147265225649
29023,2612.4506524205212
29024,2647.7540396153927
29025,2683.057426810265
29026,2718.3608140051365
29027,2753.664201200009
29028,2788.9675883948803
29029,2824.2709755897527
29030,2859.5743627846246
29031,2894.877749979496
29032,2930.1811371743684
29033,2965.48452436924
29034,3000.787911564112
29035,3036.0912987589836
29036,3071.394685953856
29037,3106.698073148728
29038,3142.0014603436
29039,3177.3048475384717
29040,3212.608234733343
29041,3247.9116219282155
29042,3283.215009123087
29043,3318.5183963179593
29044,3353.8217835128307
29045,3389.125170707703
29046,3424.428557902575
29047,3459.731945097447
29048,3495.035332292319
29049,3530.3387194871902
29050,3565.6421066820626
29051,3600.945493876934
29052,3636.2488810718064
29053,3671.552268266678
29054,3706.85565546155
29055,3742.159042656422
29056,3777.462429851294
29057,3812.7658170461655
29058,3848.0692042410374
29059,3883.3725914359097
29060,3918.6759786307816
29061,3953.979365825654
29062,3989.282753020525
29063,4024.5861402153973
29064,4059.8895274102692
29065,4095.192914605141
29066,4130.496301800013
29067,4165.7996889948845
29068,4201.103076189756
29069,4236.406463384629
29070,4271.709850579501
29071,4307.013237774372
29072,4342.316624969244
29073,4377.620012164117
29074,4412.923399358989
29075,4448.22678655386
29076,4483.530173748732
29077,4518.8335609436035
29078,4554.136948138476
29079,4589.440335333348
29080,4624.743722528219
29081,4660.047109723091
29082,4695.350496917964
29083,4730.653884112836
29084,4765.957271307707
29085,4801.260658502579
29086,4836.564045697451
29087,4871.867432892323
29088,4907.170820087195
29089,4942.474207282066
29090,4977.777594476938
29091,5013.080981671811
29092,5048.384368866683
29093,5083.687756061554
29094,5118.991143256426
29095,5154.294530451298
29096,5189.597917646171
29097,5224.9013048410425
29098,5260.2046920359135
29099,5295.508079230785
29100,5330.811466425658
29101,90.65089893341064
29102,135.97634840011597
29103,181.3017978668213
29104,226.62724733352658
29105,271.95269680023193
29106,317.2781462669372
29107,362.6035957336426
29108,407.9290452003479
29109,453.25449466705317
29110,498.57994413375854
29111,543.9053936004639
29112,589.2308430671692
29113,634.5562925338744
29114,679.8817420005798
29115,725.2071914672852
29116,770.5326409339904
29117,815.8580904006958
29118,861.1835398674011
29119,906.5089893341063
29120,951.8344388008118
29121,997.1598882675171
29122,1042.4853377342224
29123,1087.8107872009277
29124,1133.136236667633
29125,1178.4616861343384
29126,1223.7871356010435
29127,1269.1125850677488
29128,1314.4380345344543
29129,1359.7634840011597
29130,1405.0889334678648
29131,1450.4143829345703
29132,1495.7398324012756
29133,1541.0652818679807
29134,1586.3907313346863
29135,1631.7161808013916
29136,1677.0416302680967
29137,1722.3670797348022
29138,1767.6925292015076
29139,1813.0179786682127
29140,1858.3434281349182
29141,1903.6688776016235
29142,1948.9943270683286
29143,1994.3197765350342
29144,2039.6452260017395
29145,2084.970675468445
29146,2130.29612493515
29147,2175.6215744018555
29148,2220.947023868561
29149,2266.272473335266
29150,2311.597922801971
29151,2356.9233722686768
29152,2402.248821735382
29153,2447.574271202087
29154,2492.8997206687927
29155,2538.2251701354976
29156,2583.5506196022034
29157,2628.8760690689087
29158,2674.2015185356136
29159,2719.5269680023193
29160,2764.8524174690247
29161,2810.1778669357295
29162,2855.5033164024353
29163,2900.8287658691406
29164,2946.1542153358455
29165,2991.4796648025513
29166,3036.8051142692566
29167,3082.1305637359615
29168,3127.4560132026672
29169,3172.7814626693726
29170,3218.1069121360774
29171,3263.432361602783
29172,3308.7578110694885
29173,3354.0832605361934
29174,3399.408710002899
29175,3444.7341594696045
29176,3490.0596089363094
29177,3535.385058403015
29178,3580.7105078697205
29179,3626.0359573364253
29180,3671.361406803131
29181,3716.6868562698364
29182,3762.0123057365413
29183,3807.337755203247
29184,3852.6632046699524
29185,3897.9886541366573
29186,3943.314103603363
29187,3988.6395530700684
29188,4033.965002536773
29189,4079.290452003479
29190,4124.615901470184
29191,4169.94135093689
29192,4215.266800403595
29193,4260.5922498703
29194,4305.917699337006
29195,4351.243148803711
29196,4396.568598270416
29197,4441.894047737122
29198,4487.219497203826
29199,4532.544946670532
29200,4577.870396137238
29201,4623.195845603942
29202,4668.521295070648
29203,4713.8467445373535
29204,4759.172194004058
29205,4804.497643470764
29206,4849.8230929374695
29207,4895.148542404174
29208,4940.473991870879
29209,4985.799441337585
29210,5031.124890804291
29211,5076.450340270995
29212,5121.775789737701
29213,5167.101239204407
29214,5212.426688671111
29215,5257.752138137817
29216,5303.077587604523
29217,5348.403037071227
29218,5393.728486537933
29219,5439.053936004639
29220,5484.379385471343
29221,5529.704834938049
29222,5575.030284404755
29223,5620.355733871459
29224,5665.681183338165
29225,5711.006632804871
29226,5756.332082271575
29227,5801.657531738281
29228,5846.982981204987
29229,5892.308430671691
29230,5937.633880138397
29231,5982.9593296051025
29232,6028.284779071807
29233,6073.610228538513
29234,6118.9356780052185
29235,6164.261127471923
29236,6209.586576938629
29237,6254.9120264053345
29238,6300.237475872039
29239,6345.562925338745
29240,6390.88837480545
29241,6436.213824272155
29242,6481.539273738861
29243,6526.864723205566
29244,6572.190172672271
29245,6617.515622138977
29246,6662.841071605682
29247,6708.166521072387
29248,6753.491970539093
29249,6798.817420005798
29250,6844.142869472503
29251,3299.8666666666663
29252,4949.799999999999
29253,6599.733333333333
29254,8249.666666666666
29255,9899.599999999999
29256,11549.533333333331
29257,13199.466666666665
29258,14849.4
29259,16499.333333333332
29260,18149.266666666663
29261,19799.199999999997
29262,21449.13333333333
29263,23099.066666666662
29264,24748.999999999996
29265,26398.93333333333
29266,28048.866666666665
29267,29698.8
29268,31348.73333333333
29269,32998.666666666664
29270,34648.6
29271,36298.533333333326
29272,37948.46666666666
29273,39598.399999999994
29274,41248.33333333333
29275,42898.26666666666
29276,44548.2
29277,46198.133333333324
29278,47848.06666666666
29279,49497.99999999999
29280,51147.93333333333
29281,52797.86666666666
29282,54447.799999999996
29283,56097.73333333333
29284,57747.666666666664
29285,59397.6
29286,61047.533333333326
29287,62697.46666666666
29288,64347.399999999994
29289,65997.33333333333
29290,67647.26666666666
29291,69297.2
29292,70947.13333333333
29293,72597.06666666665
29294,74246.99999999999
29295,75896.93333333332
29296,77546.86666666665
29297,79196.79999999999
29298,80846.73333333332
29299,82496.66666666666
29300,84146.59999999999
29301,85796.53333333333
29302,87446.46666666666
29303,89096.4
29304,90746.33333333333
29305,92396.26666666665
29306,94046.2
29307,95696.13333333332
29308,97346.06666666667
29309,98995.99999999999
29310,100645.93333333333
29311,102295.86666666665
29312,103945.8
29313,105595.73333333332
29314,107245.66666666664
29315,108895.59999999999
29316,110545.53333333331
29317,112195.46666666666
29318,113845.39999999998
29319,115495.33333333333
29320,117145.26666666665
29321,118795.2
29322,120445.13333333332
29323,122095.06666666665
29324,123744.99999999999
29325,125394.93333333332
29326,127044.86666666665
29327,128694.79999999999
29328,130344.73333333332
29329,131994.66666666666
29330,133644.59999999998
29331,135294.53333333333
29332,136944.46666666665
29333,138594.4
29334,140244.3333333333
29335,141894.26666666666
29336,143544.19999999998
29337,145194.1333333333
29338,146844.06666666665
29339,148493.99999999997
29340,150143.93333333332
29341,151793.86666666664
29342,153443.8
29343,155093.7333333333
29344,156743.66666666666
29345,158393.59999999998
29346,160043.5333333333
29347,161693.46666666665
29348,163343.4
29349,164993.3333333333
29350,166643.26666666663
29351,168293.19999999998
29352,169943.13333333333
29353,171593.06666666665
29354,173242.99999999997
29355,174892.93333333332
29356,176542.86666666664
29357,178192.8
29358,179842.7333333333
29359,181492.66666666666
29360,183142.59999999998
29361,184792.5333333333
29362,186442.46666666665
29363,188092.4
29364,189742.3333333333
29365,191392.26666666663
29366,193042.19999999998
29367,194692.13333333333
29368,196342.06666666665
29369,197991.99999999997
29370,199641.9333333333
29371,201291.86666666667
29372,202941.8
29373,204591.7333333333
29374,206241.66666666663
29375,207891.6
29376,209541.53333333333
29377,211191.46666666665
29378,212841.39999999997
29379,214491.33333333328
29380,216141.26666666666
29381,217791.19999999998
29382,219441.1333333333
29383,221091.06666666662
29384,222741.0
29385,224390.93333333332
29386,226040.86666666664
29387,227690.79999999996
29388,229340.7333333333
29389,230990.66666666666
29390,232640.59999999998
29391,234290.5333333333
29392,235940.46666666662
29393,237590.4
29394,239240.3333333333
29395,240890.26666666663
29396,242540.19999999995
29397,244190.1333333333
29398,245840.06666666665
29399,247489.99999999997
29400,249139.9333333333
29401,122.62212473154068
29402,183.93318709731105
29403,245.24424946308136
29404,306.5553118288517
29405,367.8663741946221
29406,429.1774365603924
29407,490.4884989261627
29408,551.7995612919331
29409,613.1106236577034
29410,674.4216860234737
29411,735.7327483892442
29412,797.0438107550145
29413,858.3548731207848
29414,919.6659354865551
29415,980.9769978523254
29416,1042.288060218096
29417,1103.5991225838661
29418,1164.9101849496365
29419,1226.2212473154068
29420,1287.5323096811771
29421,1348.8433720469475
29422,1410.1544344127178
29423,1471.4654967784884
29424,1532.7765591442585
29425,1594.087621510029
29426,1655.3986838757992
29427,1716.7097462415695
29428,1778.0208086073399
29429,1839.3318709731102
29430,1900.6429333388805
29431,1961.9539957046509
29432,2023.2650580704214
29433,2084.576120436192
29434,2145.887182801962
29435,2207.1982451677322
29436,2268.5093075335026
29437,2329.820369899273
29438,2391.1314322650433
29439,2452.4424946308136
29440,2513.753556996584
29441,2575.0646193623543
29442,2636.375681728125
29443,2697.686744093895
29444,2758.9978064596653
29445,2820.3088688254356
29446,2881.619931191206
29447,2942.930993556977
29448,3004.2420559227467
29449,3065.553118288517
29450,3126.8641806542873
29451,3188.175243020058
29452,3249.486305385828
29453,3310.7973677515984
29454,3372.1084301173687
29455,3433.419492483139
29456,3494.73055484891
29457,3556.0416172146797
29458,3617.35267958045
29459,3678.6637419462204
29460,3739.974804311991
29461,3801.285866677761
29462,3862.5969290435314
29463,3923.9079914093018
29464,3985.219053775072
29465,4046.530116140843
29466,4107.841178506613
29467,4169.152240872384
29468,4230.4633032381535
29469,4291.774365603924
29470,4353.085427969694
29471,4414.3964903354645
29472,4475.707552701235
29473,4537.018615067005
29474,4598.3296774327755
29475,4659.640739798546
29476,4720.951802164317
29477,4782.2628645300865
29478,4843.573926895857
29479,4904.884989261627
29480,4966.1960516273975
29481,5027.507113993168
29482,5088.818176358938
29483,5150.129238724709
29484,5211.440301090479
29485,5272.75136345625
29486,5334.06242582202
29487,5395.37348818779
29488,5456.68455055356
29489,5517.995612919331
29490,5579.306675285101
29491,5640.617737650871
29492,5701.928800016642
29493,5763.239862382412
29494,5824.550924748183
29495,5885.861987113954
29496,5947.173049479723
29497,6008.484111845493
29498,6069.795174211264
29499,6131.106236577034
29500,6192.417298942804
29501,6253.728361308575
29502,6315.039423674345
29503,6376.350486040116
29504,6437.661548405887
29505,6498.972610771656
29506,6560.283673137426
29507,6621.594735503197
29508,6682.905797868967
29509,6744.216860234737
29510,6805.527922600508
29511,6866.838984966278
29512,6928.150047332049
29513,6989.46110969782
29514,7050.772172063589
29515,7112.083234429359
29516,7173.39429679513
29517,7234.7053591609
29518,7296.0164215266705
29519,7357.327483892441
29520,7418.638546258211
29521,7479.949608623982
29522,7541.260670989753
29523,7602.571733355522
29524,7663.882795721293
29525,7725.193858087063
29526,7786.504920452834
29527,7847.8159828186035
29528,7909.127045184373
29529,7970.438107550144
29530,8031.7491699159145
29531,8093.060232281686
29532,8154.371294647455
29533,8215.682357013226
29534,8276.993419378996
29535,8338.304481744768
29536,8399.615544110537
29537,8460.926606476307
29538,8522.237668842077
29539,8583.548731207848
29540,8644.859793573618
29541,8706.170855939388
29542,8767.481918305159
29543,8828.792980670929
29544,8890.104043036701
29545,8951.41510540247
29546,9012.72616776824
29547,9074.03723013401
29548,9135.34829249978
29549,9196.659354865551
29550,9257.970417231321
29551,1233.9773285388947
29552,1850.965992808342
29553,2467.9546570777893
29554,3084.9433213472366
29555,3701.931985616684
29556,4318.920649886131
29557,4935.909314155579
29558,5552.897978425026
29559,6169.886642694473
29560,6786.875306963921
29561,7403.863971233368
29562,8020.852635502815
29563,8637.841299772263
29564,9254.82996404171
29565,9871.818628311157
29566,10488.807292580605
29567,11105.795956850052
29568,11722.7846211195
29569,12339.773285388947
29570,12956.761949658394
29571,13573.750613927841
29572,14190.739278197289
29573,14807.727942466736
29574,15424.716606736183
29575,16041.70527100563
29576,16658.693935275078
29577,17275.682599544525
29578,17892.671263813972
29579,18509.65992808342
29580,19126.648592352867
29581,19743.637256622314
29582,20360.62592089176
29583,20977.61458516121
29584,21594.603249430656
29585,22211.591913700104
29586,22828.58057796955
29587,23445.569242239
29588,24062.557906508446
29589,24679.546570777893
29590,25296.53523504734
29591,25913.523899316788
29592,26530.512563586235
29593,27147.501227855682
29594,27764.48989212513
29595,28381.478556394577
29596,28998.467220664024
29597,29615.45588493347
29598,30232.44454920292
29599,30849.433213472366
29600,31466.421877741814
29601,32083.41054201126
29602,32700.39920628071
29603,33317.387870550156
29604,33934.3765348196
29605,34551.36519908905
29606,35168.3538633585
29607,35785.342527627945
29608,36402.33119189739
29609,37019.31985616684
29610,37636.30852043629
29611,38253.297184705734
29612,38870.28584897518
29613,39487.27451324463
29614,40104.263177514076
29615,40721.25184178352
29616,41338.24050605297
29617,41955.22917032242
29618,42572.217834591866
29619,43189.20649886131
29620,43806.19516313076
29621,44423.18382740021
29622,45040.172491669655
29623,45657.1611559391
29624,46274.14982020855
29625,46891.138484478
29626,47508.127148747444
29627,48125.11581301689
29628,48742.10447728634
29629,49359.093141555786
29630,49976.08180582523
29631,50593.07047009468
29632,51210.05913436413
29633,51827.047798633575
29634,52444.03646290302
29635,53061.02512717247
29636,53678.01379144192
29637,54295.002455711365
29638,54911.99111998081
29639,55528.97978425026
29640,56145.96844851971
29641,56762.957112789154
29642,57379.9457770586
29643,57996.93444132805
29644,58613.923105597496
29645,59230.91176986694
29646,59847.90043413639
29647,60464.88909840584
29648,61081.877762675285
29649,61698.86642694473
29650,62315.85509121418
29651,62932.84375548363
29652,63549.832419753075
29653,64166.82108402252
29654,64783.80974829197
29655,65400.79841256142
29656,66017.78707683086
29657,66634.77574110031
29658,67251.76440536976
29659,67868.7530696392
29660,68485.74173390865
29661,69102.7303981781
29662,69719.71906244755
29663,70336.707726717
29664,70953.69639098644
29665,71570.68505525589
29666,72187.67371952534
29667,72804.66238379478
29668,73421.65104806423
29669,74038.63971233368
29670,74655.62837660313
29671,75272.61704087257
29672,75889.60570514202
29673,76506.59436941147
29674,77123.58303368092
29675,77740.57169795036
29676,78357.56036221981
29677,78974.54902648926
29678,79591.5376907587
29679,80208.52635502815
29680,80825.5150192976
29681,81442.50368356705
29682,82059.4923478365
29683,82676.48101210594
29684,83293.46967637539
29685,83910.45834064484
29686,84527.44700491428
29687,85144.43566918373
29688,85761.42433345318
29689,86378.41299772263
29690,86995.40166199207
29691,87612.39032626152
29692,88229.37899053097
29693,88846.36765480042
29694,89463.35631906986
29695,90080.34498333931
29696,90697.33364760876
29697,91314.3223118782
29698,91931.31097614765
29699,92548.2996404171
29700,93165.28830468655
29701,26.72428607940674
29702,40.08642911911011
29703,53.44857215881348
29704,66.81071519851685
29705,80.17285823822021
29706,93.53500127792358
29707,106.89714431762695
29708,120.25928735733032
29709,133.6214303970337
29710,146.98357343673706
29711,160.34571647644043
29712,173.7078595161438
29713,187.07000255584717
29714,200.43214559555054
29715,213.7942886352539
29716,227.15643167495728
29717,240.51857471466064
29718,253.880717754364
29719,267.2428607940674
29720,280.60500383377075
29721,293.9671468734741
29722,307.3292899131775
29723,320.69143295288086
29724,334.05357599258423
29725,347.4157190322876
29726,360.77786207199097
29727,374.14000511169434
29728,387.5021481513977
29729,400.8642911911011
29730,414.22643423080444
29731,427.5885772705078
29732,440.9507203102112
29733,454.31286334991455
29734,467.6750063896179
29735,481.0371494293213
29736,494.39929246902466
29737,507.761435508728
29738,521.1235785484314
29739,534.4857215881348
29740,547.8478646278381
29741,561.2100076675415
29742,574.5721507072449
29743,587.9342937469482
29744,601.2964367866516
29745,614.658579826355
29746,628.0207228660583
29747,641.3828659057617
29748,654.7450089454651
29749,668.1071519851685
29750,681.4692950248718
29751,694.8314380645752
29752,708.1935811042786
29753,721.5557241439819
29754,734.9178671836853
29755,748.2800102233887
29756,761.642153263092
29757,775.0042963027954
29758,788.3664393424988
29759,801.7285823822021
29760,815.0907254219055
29761,828.4528684616089
29762,841.8150115013123
29763,855.1771545410156
29764,868.539297580719
29765,881.9014406204224
29766,895.2635836601257
29767,908.6257266998291
29768,921.9878697395325
29769,935.3500127792358
29770,948.7121558189392
29771,962.0742988586426
29772,975.436441898346
29773,988.7985849380493
29774,1002.1607279777527
29775,1015.522871017456
29776,1028.8850140571594
29777,1042.2471570968628
29778,1055.6093001365662
29779,1068.9714431762695
29780,1082.333586215973
29781,1095.6957292556763
29782,1109.0578722953796
29783,1122.420015335083
29784,1135.7821583747864
29785,1149.1443014144897
29786,1162.5064444541931
29787,1175.8685874938965
29788,1189.2307305335999
29789,1202.5928735733032
29790,1215.9550166130066
29791,1229.31715965271
29792,1242.6793026924133
29793,1256.0414457321167
29794,1269.40358877182
29795,1282.7657318115234
29796,1296.1278748512268
29797,1309.4900178909302
29798,1322.8521609306335
29799,1336.214303970337
29800,1349.5764470100403
29801,1362.9385900497437
29802,1376.300733089447
29803,1389.6628761291504
29804,1403.0250191688538
29805,1416.3871622085571
29806,1429.7493052482605
29807,1443.1114482879639
29808,1456.4735913276672
29809,1469.8357343673706
29810,1483.197877407074
29811,1496.5600204467773
29812,1509.9221634864807
29813,1523.284306526184
29814,1536.6464495658875
29815,1550.0085926055908
29816,1563.3707356452942
29817,1576.7328786849976
29818,1590.095021724701
29819,1603.4571647644043
29820,1616.8193078041077
29821,1630.181450843811
29822,1643.5435938835144
29823,1656.9057369232178
29824,1670.2678799629211
29825,1683.6300230026245
29826,1696.9921660423279
29827,1710.3543090820312
29828,1723.7164521217346
29829,1737.078595161438
29830,1750.4407382011414
29831,1763.8028812408447
29832,1777.165024280548
29833,1790.5271673202515
29834,1803.8893103599548
29835,1817.2514533996582
29836,1830.6135964393616
29837,1843.975739479065
29838,1857.3378825187683
29839,1870.7000255584717
29840,1884.062168598175
29841,1897.4243116378784
29842,1910.7864546775818
29843,1924.1485977172852
29844,1937.5107407569885
29845,1950.872883796692
29846,1964.2350268363953
29847,1977.5971698760986
29848,1990.959312915802
29849,2004.3214559555054
29850,2017.6835989952087
29851,14.84682559967041
29852,22.27023839950561
29853,29.69365119934082
29854,37.117063999176025
29855,44.54047679901122
29856,51.96388959884643
29857,59.38730239868164
29858,66.81071519851685
29859,74.23412799835205
29860,81.65754079818726
29861,89.08095359802245
29862,96.50436639785765
29863,103.92777919769286
29864,111.35119199752808
29865,118.77460479736328
29866,126.19801759719849
29867,133.6214303970337
29868,141.0448431968689
29869,148.4682559967041
29870,155.8916687965393
29871,163.3150815963745
29872,170.73849439620972
29873,178.1619071960449
29874,185.58531999588013
29875,193.0087327957153
29876,200.43214559555054
29877,207.8555583953857
29878,215.27897119522095
29879,222.70238399505615
29880,230.12579679489136
29881,237.54920959472656
29882,244.97262239456174
29883,252.39603519439697
29884,259.8194479942322
29885,267.2428607940674
29886,274.6662735939026
29887,282.0896863937378
29888,289.513099193573
29889,296.9365119934082
29890,304.3599247932434
29891,311.7833375930786
29892,319.2067503929138
29893,326.630163192749
29894,334.05357599258423
29895,341.47698879241943
29896,348.9004015922546
29897,356.3238143920898
29898,363.74722719192505
29899,371.17063999176025
29900,378.59405279159546
29901,386.0174655914306
29902,393.44087839126587
29903,400.8642911911011
29904,408.2877039909363
29905,415.7111167907714
29906,423.13452959060663
29907,430.5579423904419
29908,437.9813551902771
29909,445.4047679901123
29910,452.82818078994745
29911,460.2515935897827
29912,467.6750063896179
29913,475.0984191894531
29914,482.5218319892883
29915,489.9452447891235
29916,497.36865758895874
29917,504.79207038879395
29918,512.2154831886292
29919,519.6388959884644
29920,527.0623087882996
29921,534.4857215881348
29922,541.90913438797
29923,549.3325471878052
29924,556.7559599876404
29925,564.1793727874756
29926,571.6027855873108
29927,579.026198387146
29928,586.4496111869812
29929,593.8730239868164
29930,601.2964367866516
29931,608.7198495864868
29932,616.143262386322
29933,623.5666751861572
29934,630.9900879859924
29935,638.4135007858276
29936,645.8369135856628
29937,653.260326385498
29938,660.6837391853331
29939,668.1071519851685
29940,675.5305647850037
29941,682.9539775848389
29942,690.3773903846741
29943,697.8008031845092
29944,705.2242159843444
29945,712.6476287841796
29946,720.0710415840149
29947,727.4944543838501
29948,734.9178671836853
29949,742.3412799835205
29950,749.7646927833557
29951,757.1881055831909
29952,764.611518383026
29953,772.0349311828612
29954,779.4583439826964
29955,786.8817567825317
29956,794.305169582367
29957,801.7285823822021
29958,809.1519951820374
29959,816.5754079818726
29960,823.9988207817078
29961,831.4222335815429
29962,838.8456463813781
29963,846.2690591812133
29964,853.6924719810486
29965,861.1158847808838
29966,868.539297580719
29967,875.9627103805542
29968,883.3861231803894
29969,890.8095359802246
29970,898.2329487800597
29971,905.6563615798949
29972,913.0797743797301
29973,920.5031871795654
29974,927.9265999794006
29975,935.3500127792358
29976,942.773425579071
29977,950.1968383789062
29978,957.6202511787415
29979,965.0436639785765
29980,972.4670767784118
29981,979.890489578247
29982,987.3139023780823
29983,994.7373151779175
29984,1002.1607279777527
29985,1009.5841407775879
29986,1017.0075535774231
29987,1024.4309663772583
29988,1031.8543791770935
29989,1039.2777919769287
29990,1046.701204776764
29991,1054.1246175765991
29992,1061.5480303764343
29993,1068.9714431762695
29994,1076.3948559761047
29995,1083.81826877594
29996,1091.2416815757751
29997,1098.6650943756104
29998,1106.0885071754456
29999,1113.5119199752808
30000,1120.935332775116
30001,18.558531999588013
30002,27.837797999382023
30003,37.117063999176025
30004,46.39632999897003
30005,55.675595998764045
30006,64.95486199855804
30007,74.23412799835205
30008,83.51339399814606
30009,92.79265999794006
30010,102.07192599773407
30011,111.35119199752809
30012,120.6304579973221
30013,129.9097239971161
30014,139.1889899969101
30015,148.4682559967041
30016,157.7475219964981
30017,167.02678799629211
30018,176.30605399608615
30019,185.58531999588013
30020,194.86458599567413
30021,204.14385199546814
30022,213.42311799526215
30023,222.70238399505618
30024,231.98164999485016
30025,241.2609159946442
30026,250.54018199443817
30027,259.8194479942322
30028,269.0987139940262
30029,278.3779799938202
30030,287.6572459936142
30031,296.9365119934082
30032,306.2157779932022
30033,315.4950439929962
30034,324.7743099927902
30035,334.05357599258423
30036,343.33284199237823
30037,352.6121079921723
30038,361.89137399196625
30039,371.17063999176025
30040,380.44990599155426
30041,389.72917199134827
30042,399.00843799114233
30043,408.2877039909363
30044,417.5669699907303
30045,426.8462359905243
30046,436.12550199031836
30047,445.40476799011236
30048,454.6840339899063
30049,463.9632999897003
30050,473.2425659894943
30051,482.5218319892884
30052,491.80109798908234
30053,501.08036398887634
30054,510.35962998867035
30055,519.6388959884644
30056,528.9181619882584
30057,538.1974279880524
30058,547.4766939878464
30059,556.7559599876404
30060,566.0352259874344
30061,575.3144919872284
30062,584.5937579870224
30063,593.8730239868164
30064,603.1522899866104
30065,612.4315559864044
30066,621.7108219861984
30067,630.9900879859924
30068,640.2693539857864
30069,649.5486199855804
30070,658.8278859853745
30071,668.1071519851685
30072,677.3864179849625
30073,686.6656839847565
30074,695.9449499845505
30075,705.2242159843446
30076,714.5034819841386
30077,723.7827479839325
30078,733.0620139837265
30079,742.3412799835205
30080,751.6205459833145
30081,760.8998119831085
30082,770.1790779829025
30083,779.4583439826965
30084,788.7376099824907
30085,798.0168759822847
30086,807.2961419820786
30087,816.5754079818726
30088,825.8546739816666
30089,835.1339399814606
30090,844.4132059812546
30091,853.6924719810486
30092,862.9717379808426
30093,872.2510039806367
30094,881.5302699804307
30095,890.8095359802247
30096,900.0888019800186
30097,909.3680679798126
30098,918.6473339796066
30099,927.9265999794006
30100,937.2058659791946
30101,946.4851319789886
30102,955.7643979787828
30103,965.0436639785768
30104,974.3229299783708
30105,983.6021959781647
30106,992.8814619779587
30107,1002.1607279777527
30108,1011.4399939775467
30109,1020.7192599773407
30110,1029.9985259771347
30111,1039.2777919769287
30112,1048.5570579767227
30113,1057.8363239765167
30114,1067.1155899763107
30115,1076.3948559761047
30116,1085.6741219758987
30117,1094.9533879756927
30118,1104.2326539754868
30119,1113.5119199752808
30120,1122.7911859750748
30121,1132.0704519748688
30122,1141.3497179746628
30123,1150.6289839744568
30124,1159.9082499742508
30125,1169.1875159740448
30126,1178.4667819738388
30127,1187.7460479736328
30128,1197.0253139734268
30129,1206.3045799732208
30130,1215.5838459730148
30131,1224.8631119728088
30132,1234.1423779726028
30133,1243.4216439723969
30134,1252.7009099721909
30135,1261.9801759719849
30136,1271.2594419717789
30137,1280.5387079715729
30138,1289.8179739713669
30139,1299.097239971161
30140,1308.376505970955
30141,1317.655771970749
30142,1326.935037970543
30143,1336.214303970337
30144,1345.493569970131
30145,1354.772835969925
30146,1364.052101969719
30147,1373.331367969513
30148,1382.610633969307
30149,1391.889899969101
30150,1401.169165968895
30151,386.4657534246576
30152,579.6986301369864
30153,772.9315068493152
30154,966.1643835616438
30155,1159.3972602739727
30156,1352.6301369863015
30157,1545.8630136986303
30158,1739.095890410959
30159,1932.3287671232877
30160,2125.5616438356165
30161,2318.7945205479455
30162,2512.027397260274
30163,2705.260273972603
30164,2898.4931506849316
30165,3091.7260273972606
30166,3284.9589041095887
30167,3478.191780821918
30168,3671.4246575342468
30169,3864.6575342465753
30170,4057.890410958905
30171,4251.123287671233
30172,4444.356164383562
30173,4637.589041095891
30174,4830.82191780822
30175,5024.054794520548
30176,5217.287671232876
30177,5410.520547945206
30178,5603.753424657534
30179,5796.986301369863
30180,5990.219178082192
30181,6183.452054794521
30182,6376.684931506849
30183,6569.9178082191775
30184,6763.1506849315065
30185,6956.383561643836
30186,7149.6164383561645
30187,7342.8493150684935
30188,7536.0821917808225
30189,7729.315068493151
30190,7922.547945205479
30191,8115.78082191781
30192,8309.013698630137
30193,8502.246575342466
30194,8695.479452054795
30195,8888.712328767124
30196,9081.945205479453
30197,9275.178082191782
30198,9468.41095890411
30199,9661.64383561644
30200,9854.876712328767
30201,10048.109589041096
30202,10241.342465753425
30203,10434.575342465752
30204,10627.808219178083
30205,10821.041095890412
30206,11014.27397260274
30207,11207.506849315068
30208,11400.739726027397
30209,11593.972602739726
30210,11787.205479452055
30211,11980.438356164384
30212,12173.671232876713
30213,12366.904109589042
30214,12560.136986301372
30215,12753.369863013699
30216,12946.60273972603
30217,13139.835616438355
30218,13333.068493150686
30219,13526.301369863013
30220,13719.534246575342
30221,13912.767123287673
30222,14106.0
30223,14299.232876712329
30224,14492.465753424658
30225,14685.698630136987
30226,14878.931506849316
30227,15072.164383561645
30228,15265.397260273974
30229,15458.630136986301
30230,15651.863013698632
30231,15845.095890410958
30232,16038.328767123288
30233,16231.56164383562
30234,16424.794520547945
30235,16618.027397260274
30236,16811.260273972603
30237,17004.49315068493
30238,17197.72602739726
30239,17390.95890410959
30240,17584.19178082192
30241,17777.424657534248
30242,17970.657534246577
30243,18163.890410958906
30244,18357.123287671235
30245,18550.356164383564
30246,18743.58904109589
30247,18936.82191780822
30248,19130.054794520547
30249,19323.28767123288
30250,19516.520547945205
30251,19709.753424657534
30252,19902.986301369863
30253,20096.219178082192
30254,20289.45205479452
30255,20482.68493150685
30256,20675.91780821918
30257,20869.150684931505
30258,21062.383561643837
30259,21255.616438356166
30260,21448.849315068495
30261,21642.082191780824
30262,21835.31506849315
30263,22028.54794520548
30264,22221.780821917808
30265,22415.013698630137
30266,22608.24657534247
30267,22801.479452054795
30268,22994.712328767124
30269,23187.945205479453
30270,23381.178082191782
30271,23574.41095890411
30272,23767.64383561644
30273,23960.87671232877
30274,24154.109589041094
30275,24347.342465753427
30276,24540.575342465752
30277,24733.808219178085
30278,24927.04109589041
30279,25120.273972602743
30280,25313.50684931507
30281,25506.739726027397
30282,25699.972602739726
30283,25893.20547945206
30284,26086.438356164384
30285,26279.67123287671
30286,26472.904109589042
30287,26666.13698630137
30288,26859.3698630137
30289,27052.602739726026
30290,27245.83561643836
30291,27439.068493150684
30292,27632.301369863013
30293,27825.534246575346
30294,28018.767123287675
30295,28212.0
30296,28405.232876712325
30297,28598.465753424658
30298,28791.698630136987
30299,28984.931506849316
30300,29178.16438356165
30301,396.0
30302,594.0
30303,792.0
30304,990.0
30305,1188.0
30306,1386.0
30307,1584.0
30308,1782.0
30309,1980.0
30310,2178.0
30311,2376.0
30312,2574.0
30313,2772.0
30314,2970.0
30315,3168.0
30316,3366.0
30317,3564.0
30318,3762.0
30319,3960.0
30320,4158.0
30321,4356.0
30322,4554.0
30323,4752.0
30324,4950.0
30325,5148.0
30326,5346.0
30327,5544.0
30328,5742.0
30329,5940.0
30330,6138.0
30331,6336.0
30332,6534.0
30333,6732.0
30334,6930.0
30335,7128.0
30336,7326.0
30337,7524.0
30338,7722.0
30339,7920.0
30340,8118.0
30341,8316.0
30342,8514.0
30343,8712.0
30344,8910.0
30345,9108.0
30346,9306.0
30347,9504.0
30348,9702.0
30349,9900.0
30350,10098.0
30351,10296.0
30352,10494.0
30353,10692.0
30354,10890.0
30355,11088.0
30356,11286.0
30357,11484.0
30358,11682.0
30359,11880.0
30360,12078.0
30361,12276.0
30362,12474.0
30363,12672.0
30364,12870.0
30365,13068.0
30366,13266.0
30367,13464.0
30368,13662.0
30369,13860.0
30370,14058.0
30371,14256.0
30372,14454.0
30373,14652.0
30374,14850.0
30375,15048.0
30376,15246.0
30377,15444.0
30378,15642.0
30379,15840.0
30380,16038.0
30381,16236.0
30382,16434.0
30383,16632.0
30384,16830.0
30385,17028.0
30386,17226.0
30387,17424.0
30388,17622.0
30389,17820.0
30390,18018.0
30391,18216.0
30392,18414.0
30393,18612.0
30394,18810.0
30395,19008.0
30396,19206.0
30397,19404.0
30398,19602.0
30399,19800.0
30400,19998.0
30401,20196.0
30402,20394.0
30403,20592.0
30404,20790.0
30405,20988.0
30406,21186.0
30407,21384.0
30408,21582.0
30409,21780.0
30410,21978.0
30411,22176.0
30412,22374.0
30413,22572.0
30414,22770.0
30415,22968.0
30416,23166.0
30417,23364.0
30418,23562.0
30419,23760.0
30420,23958.0
30421,24156.0
30422,24354.0
30423,24552.0
30424,24750.0
30425,24948.0
30426,25146.0
30427,25344.0
30428,25542.0
30429,25740.0
30430,25938.0
30431,26136.0
30432,26334.0
30433,26532.0
30434,26730.0
30435,26928.0
30436,27126.0
30437,27324.0
30438,27522.0
30439,27720.0
30440,27918.0
30441,28116.0
30442,28314.0
30443,28512.0
30444,28710.0
30445,28908.0
30446,29106.0
30447,29304.0
30448,29502.0
30449,29700.0
30450,29898.0
